"component","iteration","latency_ms"
"fno","0","0.6675"
"fno","1","0.6647"
"fno","2","0.6789"
"fno","3","0.6713"
"fno","4","0.6896"
"fno","5","0.6369"
"fno","6","0.7630"
"fno","7","0.6402"
"fno","8","0.6702"
"fno","9","0.6573"
"fno","10","0.6711"
"fno","11","0.6440"
"fno","12","0.9214"
"fno","13","0.6435"
"fno","14","0.6463"
"fno","15","0.6391"
"fno","16","2.2209"
"fno","17","0.6472"
"fno","18","0.6480"
"fno","19","0.6294"
"fno","20","0.6488"
"fno","21","0.6371"
"fno","22","0.7131"
"fno","23","0.6885"
"fno","24","0.6657"
"fno","25","0.6694"
"fno","26","0.6573"
"fno","27","0.6771"
"fno","28","0.6748"
"fno","29","0.6180"
"fno","30","0.6998"
"fno","31","0.9718"
"fno","32","0.6580"
"fno","33","0.7042"
"fno","34","1.6079"
"fno","35","0.9218"
"fno","36","0.6660"
"fno","37","0.6526"
"fno","38","0.6351"
"fno","39","0.6283"
"fno","40","0.6841"
"fno","41","0.6551"
"fno","42","0.6311"
"fno","43","0.6370"
"fno","44","0.6814"
"fno","45","0.6311"
"fno","46","0.7228"
"fno","47","0.6302"
"fno","48","0.6411"
"fno","49","0.6874"
"fno","50","1.0362"
"fno","51","0.6351"
"fno","52","0.7081"
"fno","53","0.6715"
"fno","54","0.6434"
"fno","55","0.8880"
"fno","56","0.7106"
"fno","57","0.9827"
"fno","58","0.8891"
"fno","59","0.9281"
"fno","60","0.6398"
"fno","61","0.7654"
"fno","62","0.6381"
"fno","63","0.7856"
"fno","64","0.6428"
"fno","65","0.6594"
"fno","66","0.6408"
"fno","67","0.6714"
"fno","68","0.6347"
"fno","69","0.6474"
"fno","70","0.6714"
"fno","71","0.6899"
"fno","72","0.6435"
"fno","73","2.2702"
"fno","74","0.7864"
"fno","75","0.6793"
"fno","76","0.6780"
"fno","77","0.9605"
"fno","78","0.7527"
"fno","79","0.8941"
"fno","80","0.6622"
"fno","81","0.6322"
"fno","82","0.6686"
"fno","83","0.6427"
"fno","84","0.6455"
"fno","85","0.6895"
"fno","86","0.6220"
"fno","87","1.1725"
"fno","88","0.6537"
"fno","89","0.6680"
"fno","90","0.6398"
"fno","91","1.9416"
"fno","92","0.7142"
"fno","93","0.7068"
"fno","94","0.6486"
"fno","95","1.1082"
"fno","96","0.8176"
"fno","97","0.6529"
"fno","98","0.6902"
"fno","99","0.6568"
"fno","100","0.6500"
"fno","101","0.7034"
"fno","102","0.6432"
"fno","103","0.6985"
"fno","104","0.6810"
"fno","105","0.6763"
"fno","106","0.7224"
"fno","107","0.6504"
"fno","108","0.6858"
"fno","109","2.3142"
"fno","110","0.7074"
"fno","111","0.6828"
"fno","112","1.0747"
"fno","113","0.6513"
"fno","114","0.6385"
"fno","115","0.9595"
"fno","116","0.6791"
"fno","117","0.6741"
"fno","118","0.6416"
"fno","119","0.6678"
"fno","120","0.6527"
"fno","121","0.6662"
"fno","122","0.8357"
"fno","123","0.7040"
"fno","124","0.7485"
"fno","125","0.6387"
"fno","126","2.2781"
"fno","127","0.7433"
"fno","128","0.6801"
"fno","129","0.6275"
"fno","130","1.1328"
"fno","131","0.6358"
"fno","132","0.6577"
"fno","133","0.6524"
"fno","134","0.6767"
"fno","135","0.9599"
"fno","136","0.7351"
"fno","137","0.9466"
"fno","138","0.7335"
"fno","139","0.6546"
"fno","140","0.7270"
"fno","141","0.6307"
"fno","142","0.7172"
"fno","143","2.3191"
"fno","144","0.7602"
"fno","145","0.6790"
"fno","146","1.1361"
"fno","147","0.6610"
"fno","148","0.6572"
"fno","149","0.7285"
"fno","150","0.7815"
"fno","151","0.6912"
"fno","152","0.6560"
"fno","153","0.6388"
"fno","154","0.6282"
"fno","155","1.3076"
"fno","156","1.5543"
"fno","157","0.8689"
"fno","158","2.7099"
"fno","159","1.3204"
"fno","160","0.7436"
"fno","161","0.6918"
"fno","162","0.7241"
"fno","163","0.6350"
"fno","164","0.6586"
"fno","165","0.7725"
"fno","166","0.6949"
"fno","167","0.6779"
"fno","168","0.6674"
"fno","169","0.6392"
"fno","170","1.1730"
"fno","171","0.8503"
"fno","172","0.6429"
"fno","173","0.6469"
"fno","174","2.4780"
"fno","175","0.7719"
"fno","176","0.7165"
"fno","177","1.1476"
"fno","178","0.6332"
"fno","179","0.6426"
"fno","180","0.6404"
"fno","181","0.6396"
"fno","182","0.6295"
"fno","183","0.6420"
"fno","184","0.6256"
"fno","185","0.6741"
"fno","186","0.6299"
"fno","187","0.6243"
"fno","188","0.6328"
"fno","189","2.3933"
"fno","190","2.3039"
"fno","191","0.7647"
"fno","192","1.0081"
"fno","193","0.6618"
"fno","194","0.6542"
"fno","195","0.6246"
"fno","196","0.6328"
"fno","197","0.6517"
"fno","198","0.6243"
"fno","199","0.6272"
"fno","200","0.6688"
"fno","201","0.6261"
"fno","202","0.6842"
"fno","203","0.6192"
"fno","204","0.6677"
"fno","205","0.6177"
"fno","206","0.7820"
"fno","207","0.6828"
"fno","208","0.6561"
"fno","209","2.3039"
"fno","210","0.6369"
"fno","211","0.9083"
"fno","212","0.6168"
"fno","213","0.6272"
"fno","214","0.7384"
"fno","215","0.6262"
"fno","216","0.6312"
"fno","217","0.6816"
"fno","218","0.6226"
"fno","219","0.6691"
"fno","220","0.6138"
"fno","221","0.6480"
"fno","222","1.0142"
"fno","223","0.6151"
"fno","224","0.6682"
"fno","225","0.6620"
"fno","226","0.6772"
"fno","227","0.6803"
"fno","228","0.6541"
"fno","229","0.9070"
"fno","230","0.6767"
"fno","231","1.0717"
"fno","232","0.6464"
"fno","233","0.6740"
"fno","234","0.6349"
"fno","235","0.6391"
"fno","236","0.6349"
"fno","237","0.6313"
"fno","238","0.6516"
"fno","239","0.6326"
"fno","240","0.6289"
"fno","241","0.6456"
"fno","242","0.6288"
"fno","243","0.6282"
"fno","244","0.7190"
"fno","245","0.6369"
"fno","246","0.6245"
"fno","247","0.6537"
"fno","248","2.0071"
"fno","249","0.6770"
"fno","250","0.6454"
"fno","251","0.6239"
"fno","252","0.7040"
"fno","253","0.6650"
"fno","254","0.6523"
"fno","255","0.6466"
"fno","256","0.6475"
"fno","257","0.6319"
"fno","258","0.6859"
"fno","259","0.6461"
"fno","260","0.6233"
"fno","261","0.9715"
"fno","262","0.6763"
"fno","263","0.6249"
"fno","264","0.6380"
"fno","265","0.6702"
"fno","266","0.6379"
"fno","267","0.6745"
"fno","268","0.6870"
"fno","269","0.6743"
"fno","270","0.6435"
"fno","271","0.8322"
"fno","272","0.6393"
"fno","273","0.6672"
"fno","274","0.7459"
"fno","275","0.6402"
"fno","276","0.6478"
"fno","277","0.6388"
"fno","278","0.6334"
"fno","279","0.6429"
"fno","280","0.6350"
"fno","281","0.6295"
"fno","282","0.6334"
"fno","283","0.6306"
"fno","284","0.6454"
"fno","285","0.6225"
"fno","286","0.6311"
"fno","287","0.6369"
"fno","288","0.6340"
"fno","289","0.6333"
"fno","290","0.6348"
"fno","291","0.6773"
"fno","292","0.6340"
"fno","293","0.6623"
"fno","294","0.6314"
"fno","295","1.3446"
"fno","296","0.6927"
"fno","297","0.6359"
"fno","298","0.6627"
"fno","299","0.6625"
"fno","300","0.6231"
"fno","301","0.6344"
"fno","302","0.6800"
"fno","303","1.0528"
"fno","304","0.6225"
"fno","305","0.6316"
"fno","306","0.6699"
"fno","307","0.6258"
"fno","308","0.6276"
"fno","309","0.6796"
"fno","310","1.2406"
"fno","311","0.6409"
"fno","312","0.9717"
"fno","313","0.6476"
"fno","314","0.7327"
"fno","315","0.6322"
"fno","316","0.6317"
"fno","317","0.8261"
"fno","318","0.6881"
"fno","319","0.7069"
"fno","320","0.6768"
"fno","321","0.6695"
"fno","322","0.6708"
"fno","323","0.6586"
"fno","324","0.7353"
"fno","325","0.6901"
"fno","326","0.7305"
"fno","327","0.6632"
"fno","328","1.8003"
"fno","329","0.6671"
"fno","330","0.6423"
"fno","331","0.9842"
"fno","332","0.7068"
"fno","333","0.6408"
"fno","334","0.6330"
"fno","335","0.6467"
"fno","336","0.6299"
"fno","337","0.7883"
"fno","338","0.6721"
"fno","339","0.6766"
"fno","340","0.6790"
"fno","341","0.6669"
"fno","342","0.6220"
"fno","343","0.6673"
"fno","344","0.6250"
"fno","345","0.6674"
"fno","346","0.6398"
"fno","347","0.6569"
"fno","348","0.6173"
"fno","349","1.6372"
"fno","350","0.8573"
"fno","351","0.6403"
"fno","352","0.6488"
"fno","353","0.6514"
"fno","354","0.6435"
"fno","355","0.6450"
"fno","356","0.6860"
"fno","357","0.6332"
"fno","358","0.7696"
"fno","359","0.7520"
"fno","360","0.9714"
"fno","361","0.6330"
"fno","362","0.6321"
"fno","363","0.6308"
"fno","364","0.6674"
"fno","365","0.6222"
"fno","366","0.6215"
"fno","367","2.3386"
"fno","368","0.9006"
"fno","369","0.7343"
"fno","370","0.6227"
"fno","371","0.6212"
"fno","372","0.6360"
"fno","373","0.6229"
"fno","374","0.6218"
"fno","375","0.6604"
"fno","376","0.6266"
"fno","377","0.6238"
"fno","378","0.6203"
"fno","379","0.6290"
"fno","380","0.7210"
"fno","381","0.9322"
"fno","382","0.6286"
"fno","383","0.6398"
"fno","384","0.6539"
"fno","385","0.6645"
"fno","386","2.7661"
"fno","387","0.7301"
"fno","388","0.7556"
"fno","389","0.7557"
"fno","390","0.6593"
"fno","391","0.6544"
"fno","392","0.6414"
"fno","393","0.6397"
"fno","394","0.6506"
"fno","395","0.6361"
"fno","396","0.6653"
"fno","397","0.6412"
"fno","398","0.6705"
"fno","399","0.6360"
"fno","400","0.6345"
"fno","401","0.7940"
"fno","402","0.6721"
"fno","403","0.6570"
"fno","404","0.6801"
"fno","405","0.6430"
"fno","406","0.8317"
"fno","407","0.6789"
"fno","408","0.6637"
"fno","409","0.6476"
"fno","410","0.6401"
"fno","411","0.6460"
"fno","412","0.6336"
"fno","413","0.6244"
"fno","414","0.6328"
"fno","415","0.6371"
"fno","416","0.6304"
"fno","417","0.7722"
"fno","418","0.6334"
"fno","419","0.6296"
"fno","420","0.6308"
"fno","421","0.6409"
"fno","422","0.6408"
"fno","423","0.7552"
"fno","424","0.6336"
"fno","425","2.2780"
"fno","426","0.8157"
"fno","427","0.7036"
"fno","428","0.6292"
"fno","429","0.6213"
"fno","430","0.6228"
"fno","431","0.6316"
"fno","432","0.6269"
"fno","433","0.6191"
"fno","434","0.6310"
"fno","435","0.6246"
"fno","436","1.0304"
"fno","437","0.6104"
"fno","438","0.7377"
"fno","439","0.6361"
"fno","440","0.6450"
"fno","441","0.6283"
"fno","442","0.6204"
"fno","443","0.6113"
"fno","444","0.8473"
"fno","445","0.6491"
"fno","446","0.8379"
"fno","447","1.0129"
"fno","448","0.6573"
"fno","449","0.6326"
"fno","450","0.6548"
"fno","451","0.6620"
"fno","452","0.6356"
"fno","453","0.6286"
"fno","454","0.6315"
"fno","455","0.6249"
"fno","456","0.6338"
"fno","457","0.6326"
"fno","458","0.6213"
"fno","459","0.6463"
"fno","460","0.6640"
"fno","461","0.6332"
"fno","462","0.6587"
"fno","463","0.6626"
"fno","464","0.6294"
"fno","465","2.2187"
"fno","466","0.6648"
"fno","467","0.6342"
"fno","468","0.6341"
"fno","469","0.7116"
"fno","470","0.6598"
"fno","471","0.6219"
"fno","472","0.6308"
"fno","473","0.6260"
"fno","474","0.6133"
"fno","475","0.6268"
"fno","476","0.8637"
"fno","477","0.6118"
"fno","478","0.7093"
"fno","479","0.6464"
"fno","480","0.6408"
"fno","481","0.7357"
"fno","482","0.6896"
"fno","483","0.6138"
"fno","484","0.6752"
"fno","485","0.6366"
"fno","486","1.3262"
"fno","487","0.7216"
"fno","488","0.6745"
"fno","489","0.6356"
"fno","490","0.6386"
"fno","491","0.6216"
"fno","492","0.6202"
"fno","493","0.6244"
"fno","494","0.6148"
"fno","495","0.6268"
"fno","496","1.0358"
"fno","497","0.6103"
"fno","498","0.6260"
"fno","499","0.6200"
"fno","500","0.6307"
"fno","501","0.6312"
"fno","502","0.6278"
"fno","503","0.6167"
"fno","504","0.6292"
"fno","505","2.2456"
"fno","506","0.6757"
"fno","507","0.6276"
"fno","508","0.8702"
"fno","509","0.6712"
"fno","510","0.6391"
"fno","511","0.6389"
"fno","512","0.6253"
"fno","513","0.6198"
"fno","514","0.6429"
"fno","515","0.8587"
"fno","516","0.6290"
"fno","517","0.6409"
"fno","518","0.6749"
"fno","519","0.6355"
"fno","520","0.6385"
"fno","521","0.6371"
"fno","522","0.6247"
"fno","523","0.6496"
"fno","524","0.6589"
"fno","525","0.6257"
"fno","526","1.2916"
"fno","527","0.7386"
"fno","528","0.6360"
"fno","529","0.6332"
"fno","530","0.6121"
"fno","531","0.7196"
"fno","532","0.6375"
"fno","533","0.6246"
"fno","534","0.6155"
"fno","535","1.0363"
"fno","536","0.6177"
"fno","537","0.6229"
"fno","538","0.6417"
"fno","539","0.6177"
"fno","540","0.6177"
"fno","541","0.6238"
"fno","542","0.6125"
"fno","543","0.6098"
"fno","544","0.6243"
"fno","545","1.9526"
"fno","546","0.6933"
"fno","547","0.6548"
"fno","548","0.6311"
"fno","549","0.6250"
"fno","550","0.6278"
"fno","551","0.6237"
"fno","552","0.6272"
"fno","553","0.7955"
"fno","554","0.6209"
"fno","555","0.6339"
"fno","556","0.6174"
"fno","557","0.6137"
"fno","558","0.6312"
"fno","559","0.6186"
"fno","560","0.6209"
"fno","561","0.6167"
"fno","562","0.6174"
"fno","563","0.6235"
"fno","564","0.6210"
"fno","565","2.1195"
"fno","566","0.7448"
"fno","567","0.6774"
"fno","568","0.6416"
"fno","569","0.6282"
"fno","570","0.6651"
"fno","571","0.6253"
"fno","572","0.6316"
"fno","573","0.6577"
"fno","574","0.6288"
"fno","575","0.6329"
"fno","576","0.9321"
"fno","577","0.7870"
"fno","578","0.6755"
"fno","579","0.6299"
"fno","580","0.6496"
"fno","581","0.6485"
"fno","582","0.9408"
"fno","583","1.0244"
"fno","584","0.7357"
"fno","585","0.8319"
"fno","586","0.8481"
"fno","587","0.7885"
"fno","588","0.7169"
"fno","589","0.6420"
"fno","590","0.6464"
"fno","591","0.6694"
"fno","592","0.6450"
"fno","593","0.6374"
"fno","594","1.0435"
"fno","595","0.7580"
"fno","596","0.6402"
"fno","597","0.9097"
"fno","598","0.6571"
"fno","599","0.6427"
"fno","600","0.6454"
"fno","601","0.6271"
"fno","602","2.7916"
"fno","603","0.8869"
"fno","604","0.6564"
"fno","605","0.6401"
"fno","606","0.6192"
"fno","607","0.6159"
"fno","608","0.6641"
"fno","609","0.6169"
"fno","610","0.6188"
"fno","611","0.6245"
"fno","612","0.6197"
"fno","613","0.6388"
"fno","614","0.6467"
"fno","615","0.6261"
"fno","616","0.7718"
"fno","617","0.6446"
"fno","618","0.6493"
"fno","619","0.6158"
"fno","620","0.6275"
"fno","621","2.1186"
"fno","622","0.7090"
"fno","623","0.6506"
"fno","624","0.6255"
"fno","625","0.6195"
"fno","626","0.6125"
"fno","627","0.6174"
"fno","628","0.6079"
"fno","629","0.6183"
"fno","630","0.6709"
"fno","631","0.6076"
"fno","632","0.7072"
"fno","633","0.6452"
"fno","634","0.6204"
"fno","635","0.6178"
"fno","636","0.6164"
"fno","637","0.6283"
"fno","638","0.6077"
"fno","639","0.7820"
"fno","640","0.6751"
"fno","641","1.9705"
"fno","642","0.7383"
"fno","643","0.6241"
"fno","644","0.6700"
"fno","645","0.6265"
"fno","646","0.6276"
"fno","647","0.6444"
"fno","648","0.6296"
"fno","649","0.6235"
"fno","650","1.0418"
"fno","651","0.6507"
"fno","652","0.6290"
"fno","653","0.7194"
"fno","654","0.6802"
"fno","655","0.6415"
"fno","656","0.6181"
"fno","657","0.6171"
"fno","658","0.6803"
"fno","659","0.6173"
"fno","660","2.8434"
"fno","661","0.7066"
"fno","662","0.6408"
"fno","663","0.6560"
"fno","664","0.6430"
"fno","665","0.6329"
"fno","666","0.6514"
"fno","667","0.6368"
"fno","668","1.0983"
"fno","669","0.6836"
"fno","670","0.6680"
"fno","671","0.6799"
"fno","672","0.6280"
"fno","673","0.6438"
"fno","674","0.6230"
"fno","675","0.6183"
"fno","676","0.6228"
"fno","677","0.6102"
"fno","678","1.9884"
"fno","679","0.7567"
"fno","680","0.6440"
"fno","681","0.6216"
"fno","682","0.6239"
"fno","683","0.6623"
"fno","684","0.6317"
"fno","685","0.6360"
"fno","686","0.6356"
"fno","687","0.6228"
"fno","688","0.6290"
"fno","689","0.6244"
"fno","690","0.6355"
"fno","691","0.6453"
"fno","692","0.6114"
"fno","693","0.6163"
"fno","694","0.6218"
"fno","695","0.6163"
"fno","696","0.6220"
"fno","697","0.6158"
"fno","698","0.9723"
"fno","699","1.1870"
"fno","700","0.6218"
"fno","701","0.9138"
"fno","702","0.6843"
"fno","703","0.6913"
"fno","704","0.6408"
"fno","705","0.6227"
"fno","706","0.6269"
"fno","707","1.0370"
"fno","708","0.6189"
"fno","709","0.6133"
"fno","710","0.7070"
"fno","711","0.7231"
"fno","712","0.6431"
"fno","713","0.6513"
"fno","714","0.6412"
"fno","715","0.6230"
"fno","716","0.6460"
"fno","717","0.6335"
"fno","718","1.0036"
"fno","719","0.8946"
"fno","720","0.9537"
"fno","721","0.6746"
"fno","722","0.6330"
"fno","723","0.6716"
"fno","724","0.6320"
"fno","725","0.6277"
"fno","726","0.6857"
"fno","727","0.6195"
"fno","728","0.6434"
"fno","729","0.6975"
"fno","730","0.6887"
"fno","731","0.6650"
"fno","732","0.6501"
"fno","733","0.6519"
"fno","734","0.6250"
"fno","735","0.6255"
"fno","736","0.6177"
"fno","737","0.6241"
"fno","738","2.5356"
"fno","739","0.7259"
"fno","740","0.6410"
"fno","741","0.6273"
"fno","742","0.6193"
"fno","743","0.6350"
"fno","744","0.6163"
"fno","745","0.9024"
"fno","746","0.8151"
"fno","747","0.7607"
"fno","748","1.0134"
"fno","749","0.6971"
"fno","750","0.6544"
"fno","751","0.6362"
"fno","752","0.6260"
"fno","753","0.6389"
"fno","754","0.6225"
"fno","755","0.8600"
"fno","756","2.3510"
"fno","757","0.7967"
"fno","758","0.7290"
"fno","759","0.6453"
"fno","760","0.6437"
"fno","761","0.6294"
"fno","762","0.6993"
"fno","763","0.6690"
"fno","764","0.6134"
"fno","765","0.8561"
"fno","766","0.6751"
"fno","767","0.6271"
"fno","768","0.6353"
"fno","769","0.6370"
"fno","770","0.6128"
"fno","771","0.6106"
"fno","772","0.6262"
"fno","773","0.6190"
"fno","774","3.2052"
"fno","775","0.7189"
"fno","776","0.6402"
"fno","777","0.6551"
"fno","778","0.6152"
"fno","779","0.6205"
"fno","780","0.6291"
"fno","781","1.0250"
"fno","782","0.6974"
"fno","783","0.6870"
"fno","784","0.6996"
"fno","785","0.8183"
"fno","786","0.6544"
"fno","787","0.6254"
"fno","788","0.6323"
"fno","789","0.6147"
"fno","790","0.6153"
"fno","791","2.3676"
"fno","792","0.7004"
"fno","793","0.6305"
"fno","794","0.6221"
"fno","795","0.6404"
"fno","796","0.6171"
"fno","797","0.6209"
"fno","798","0.6091"
"fno","799","0.6175"
"fno","800","0.7917"
"fno","801","0.6136"
"fno","802","0.6198"
"fno","803","0.7236"
"fno","804","0.6293"
"fno","805","0.6182"
"fno","806","0.6237"
"fno","807","0.7259"
"fno","808","0.6295"
"fno","809","0.6306"
"fno","810","0.6253"
"fno","811","0.6232"
"fno","812","0.6630"
"fno","813","0.7983"
"fno","814","0.9759"
"fno","815","0.6566"
"fno","816","0.6688"
"fno","817","0.6278"
"fno","818","0.6269"
"fno","819","0.6431"
"fno","820","0.6324"
"fno","821","0.7015"
"fno","822","0.6375"
"fno","823","0.6453"
"fno","824","0.6275"
"fno","825","0.6364"
"fno","826","0.6197"
"fno","827","0.6234"
"fno","828","0.6346"
"fno","829","0.6197"
"fno","830","0.8682"
"fno","831","1.0623"
"fno","832","0.6590"
"fno","833","0.7259"
"fno","834","0.6917"
"fno","835","0.6370"
"fno","836","0.6414"
"fno","837","0.6174"
"fno","838","0.6161"
"fno","839","0.6295"
"fno","840","0.6095"
"fno","841","0.8485"
"fno","842","0.7457"
"fno","843","0.6919"
"fno","844","0.6610"
"fno","845","0.6046"
"fno","846","0.6146"
"fno","847","0.6212"
"fno","848","0.6212"
"fno","849","0.7176"
"fno","850","0.6252"
"fno","851","0.6129"
"fno","852","0.7406"
"fno","853","0.6537"
"fno","854","0.7936"
"fno","855","0.6495"
"fno","856","0.6857"
"fno","857","0.6292"
"fno","858","0.6374"
"fno","859","0.6284"
"fno","860","0.6399"
"fno","861","0.6295"
"fno","862","0.6175"
"fno","863","0.6275"
"fno","864","0.6403"
"fno","865","0.6082"
"fno","866","0.6180"
"fno","867","0.6347"
"fno","868","0.6123"
"fno","869","0.6182"
"fno","870","0.6328"
"fno","871","0.6151"
"fno","872","0.6216"
"fno","873","0.6096"
"fno","874","0.6197"
"fno","875","1.8695"
"fno","876","0.6639"
"fno","877","0.7375"
"fno","878","0.6448"
"fno","879","0.6287"
"fno","880","0.6471"
"fno","881","0.6618"
"fno","882","0.6537"
"fno","883","0.6594"
"fno","884","0.6297"
"fno","885","0.6297"
"fno","886","0.6878"
"fno","887","0.6353"
"fno","888","0.6282"
"fno","889","0.6660"
"fno","890","0.6320"
"fno","891","0.6335"
"fno","892","0.6546"
"fno","893","0.6241"
"fno","894","0.7048"
"fno","895","2.2385"
"fno","896","0.6960"
"fno","897","0.8037"
"fno","898","0.6627"
"fno","899","0.7279"
"fno","900","0.6508"
"fno","901","0.8255"
"fno","902","0.7160"
"fno","903","0.6359"
"fno","904","0.6378"
"fno","905","0.6246"
"fno","906","0.6229"
"fno","907","0.6404"
"fno","908","0.6255"
"fno","909","0.6314"
"fno","910","0.6431"
"fno","911","0.6262"
"fno","912","0.6203"
"fno","913","0.6374"
"fno","914","2.1923"
"fno","915","0.6355"
"fno","916","0.6445"
"fno","917","0.6389"
"fno","918","0.6217"
"fno","919","0.7245"
"fno","920","0.6378"
"fno","921","0.6120"
"fno","922","0.6330"
"fno","923","0.6187"
"fno","924","0.6211"
"fno","925","0.6293"
"fno","926","0.6106"
"fno","927","0.6273"
"fno","928","0.6243"
"fno","929","0.6138"
"fno","930","0.6309"
"fno","931","0.6078"
"fno","932","0.6277"
"fno","933","0.6214"
"fno","934","0.6186"
"fno","935","0.6695"
"fno","936","0.8158"
"fno","937","0.7475"
"fno","938","0.6835"
"fno","939","0.6370"
"fno","940","0.6383"
"fno","941","0.6151"
"fno","942","0.6141"
"fno","943","0.6321"
"fno","944","0.9044"
"fno","945","0.6509"
"fno","946","0.6412"
"fno","947","0.6343"
"fno","948","0.6362"
"fno","949","0.6505"
"fno","950","0.6230"
"fno","951","0.6201"
"fno","952","0.6423"
"fno","953","0.6363"
"fno","954","0.6306"
"fno","955","0.6277"
"fno","956","0.6270"
"fno","957","0.6931"
"fno","958","0.6598"
"fno","959","0.6683"
"fno","960","0.6150"
"fno","961","0.6170"
"fno","962","0.6623"
"fno","963","0.6146"
"fno","964","0.6199"
"fno","965","0.6131"
"fno","966","0.6091"
"fno","967","0.6294"
"fno","968","0.6196"
"fno","969","0.6103"
"fno","970","0.9029"
"fno","971","0.6462"
"fno","972","0.6648"
"fno","973","0.6415"
"fno","974","0.6442"
"fno","975","0.6472"
"fno","976","0.6481"
"fno","977","2.2416"
"fno","978","0.6400"
"fno","979","0.6410"
"fno","980","0.6305"
"fno","981","0.6693"
"fno","982","0.6396"
"fno","983","0.6159"
"fno","984","0.6210"
"fno","985","0.6431"
"fno","986","0.6200"
"fno","987","0.6507"
"fno","988","0.6206"
"fno","989","0.6511"
"fno","990","0.6203"
"fno","991","0.8344"
"fno","992","0.6404"
"fno","993","0.6428"
"fno","994","0.6109"
"fno","995","0.6114"
"fno","996","0.6152"
"fno","997","1.5214"
"fno","998","0.6300"
"fno","999","0.6980"
"fno","1000","0.6247"
"fno","1001","0.6206"
"fno","1002","0.6151"
"fno","1003","0.6095"
"fno","1004","0.6269"
"fno","1005","0.6138"
"fno","1006","0.6131"
"fno","1007","0.6274"
"fno","1008","0.6107"
"fno","1009","0.6162"
"fno","1010","0.6186"
"fno","1011","0.6165"
"fno","1012","0.6118"
"fno","1013","0.6156"
"fno","1014","0.6250"
"fno","1015","0.7254"
"fno","1016","0.6421"
"fno","1017","0.6096"
"fno","1018","1.7357"
"fno","1019","0.7272"
"fno","1020","0.6801"
"fno","1021","0.6711"
"fno","1022","0.6183"
"fno","1023","0.6458"
"fno","1024","0.6231"
"fno","1025","0.6124"
"fno","1026","0.6310"
"fno","1027","0.6296"
"fno","1028","0.6253"
"fno","1029","0.6308"
"fno","1030","0.6536"
"fno","1031","0.6222"
"fno","1032","0.6347"
"fno","1033","0.6435"
"fno","1034","0.6181"
"fno","1035","0.6266"
"fno","1036","0.6135"
"fno","1037","0.9009"
"fno","1038","2.1271"
"fno","1039","0.6740"
"fno","1040","0.6408"
"fno","1041","0.6320"
"fno","1042","0.6221"
"fno","1043","0.6094"
"fno","1044","0.6230"
"fno","1045","0.6205"
"fno","1046","0.6176"
"fno","1047","0.6238"
"fno","1048","0.6153"
"fno","1049","0.6112"
"fno","1050","0.6063"
"fno","1051","0.6234"
"fno","1052","0.6214"
"fno","1053","0.6218"
"fno","1054","0.6202"
"fno","1055","0.6106"
"fno","1056","0.6437"
"fno","1057","0.6528"
"fno","1058","0.7869"
"fno","1059","0.7278"
"fno","1060","0.7964"
"fno","1061","0.6953"
"fno","1062","0.6305"
"fno","1063","0.6221"
"fno","1064","0.6119"
"fno","1065","0.6292"
"fno","1066","0.6489"
"fno","1067","0.6238"
"fno","1068","0.6234"
"fno","1069","0.6254"
"fno","1070","0.6201"
"fno","1071","0.6136"
"fno","1072","0.6275"
"fno","1073","0.6154"
"fno","1074","0.6183"
"fno","1075","0.6221"
"fno","1076","0.6170"
"fno","1077","0.6197"
"fno","1078","0.6490"
"fno","1079","0.6250"
"fno","1080","0.6077"
"fno","1081","1.9029"
"fno","1082","0.8165"
"fno","1083","0.6531"
"fno","1084","0.6647"
"fno","1085","0.6271"
"fno","1086","0.6387"
"fno","1087","0.6359"
"fno","1088","0.6281"
"fno","1089","0.6278"
"fno","1090","0.6275"
"fno","1091","0.6359"
"fno","1092","0.6291"
"fno","1093","0.6275"
"fno","1094","0.6295"
"fno","1095","0.6298"
"fno","1096","0.6264"
"fno","1097","0.6421"
"fno","1098","0.6294"
"fno","1099","0.6277"
"fno","1100","0.6373"
"fno","1101","0.6326"
"fno","1102","1.1162"
"fno","1103","0.6817"
"fno","1104","0.7241"
"fno","1105","0.6588"
"fno","1106","0.8683"
"fno","1107","0.6621"
"fno","1108","0.6464"
"fno","1109","0.7592"
"fno","1110","0.6203"
"fno","1111","0.6293"
"fno","1112","0.6300"
"fno","1113","0.6129"
"fno","1114","0.6141"
"fno","1115","0.6153"
"fno","1116","0.6281"
"fno","1117","0.6202"
"fno","1118","0.6160"
"fno","1119","0.6361"
"fno","1120","0.6312"
"fno","1121","0.6179"
"fno","1122","1.8874"
"fno","1123","0.6636"
"fno","1124","0.6235"
"fno","1125","0.6260"
"fno","1126","0.6175"
"fno","1127","0.6088"
"fno","1128","0.6933"
"fno","1129","0.6999"
"fno","1130","0.6411"
"fno","1131","0.6255"
"fno","1132","0.6071"
"fno","1133","0.6191"
"fno","1134","0.6090"
"fno","1135","0.6196"
"fno","1136","0.6242"
"fno","1137","0.6131"
"fno","1138","0.6205"
"fno","1139","0.6108"
"fno","1140","0.6203"
"fno","1141","0.6167"
"fno","1142","0.6214"
"fno","1143","1.6925"
"fno","1144","0.6892"
"fno","1145","0.6421"
"fno","1146","0.6260"
"fno","1147","0.6187"
"fno","1148","0.6160"
"fno","1149","0.6286"
"fno","1150","0.6212"
"fno","1151","0.7305"
"fno","1152","0.6671"
"fno","1153","0.8863"
"fno","1154","0.6435"
"fno","1155","0.6261"
"fno","1156","0.6559"
"fno","1157","0.6630"
"fno","1158","0.6639"
"fno","1159","0.9266"
"fno","1160","0.6551"
"fno","1161","0.6616"
"fno","1162","0.6229"
"fno","1163","0.6129"
"fno","1164","0.8058"
"fno","1165","0.7662"
"fno","1166","0.7854"
"fno","1167","0.6643"
"fno","1168","0.6451"
"fno","1169","0.6345"
"fno","1170","0.6244"
"fno","1171","0.6633"
"fno","1172","0.6420"
"fno","1173","0.6329"
"fno","1174","0.7450"
"fno","1175","0.6260"
"fno","1176","0.6457"
"fno","1177","0.6658"
"fno","1178","0.6439"
"fno","1179","0.6842"
"fno","1180","0.6490"
"fno","1181","0.7062"
"fno","1182","0.6675"
"fno","1183","2.4649"
"fno","1184","0.8153"
"fno","1185","0.8024"
"fno","1186","0.6617"
"fno","1187","0.6589"
"fno","1188","0.6677"
"fno","1189","0.6300"
"fno","1190","0.6526"
"fno","1191","0.6854"
"fno","1192","0.7705"
"fno","1193","0.6333"
"fno","1194","0.6251"
"fno","1195","0.8090"
"fno","1196","0.6502"
"fno","1197","0.9845"
"fno","1198","0.6283"
"fno","1199","0.6152"
"fno","1200","0.6362"
"fno","1201","0.6228"
"fno","1202","0.6692"
"fno","1203","0.6267"
"fno","1204","0.6181"
"fno","1205","0.6329"
"fno","1206","0.6527"
"fno","1207","0.9822"
"fno","1208","0.6138"
"fno","1209","0.6957"
"fno","1210","0.6440"
"fno","1211","0.6357"
"fno","1212","0.6153"
"fno","1213","0.7810"
"fno","1214","1.1247"
"fno","1215","0.7705"
"fno","1216","0.8243"
"fno","1217","0.6385"
"fno","1218","0.7187"
"fno","1219","0.6342"
"fno","1220","0.6328"
"fno","1221","2.5129"
"fno","1222","0.7165"
"fno","1223","0.6434"
"fno","1224","0.6134"
"fno","1225","0.6292"
"fno","1226","0.6908"
"fno","1227","0.6200"
"fno","1228","0.6278"
"fno","1229","0.6140"
"fno","1230","0.6266"
"fno","1231","0.6229"
"fno","1232","0.6107"
"fno","1233","0.6536"
"fno","1234","0.6929"
"fno","1235","1.0277"
"fno","1236","0.6630"
"fno","1237","0.6773"
"fno","1238","0.6371"
"fno","1239","0.6196"
"fno","1240","2.4217"
"fno","1241","0.6785"
"fno","1242","0.6606"
"fno","1243","1.0900"
"fno","1244","0.7251"
"fno","1245","0.6536"
"fno","1246","0.6475"
"fno","1247","0.6382"
"fno","1248","0.6768"
"fno","1249","0.6336"
"fno","1250","0.6444"
"fno","1251","0.6598"
"fno","1252","0.9080"
"fno","1253","0.6928"
"fno","1254","0.6855"
"fno","1255","0.6673"
"fno","1256","0.7479"
"fno","1257","2.2906"
"fno","1258","0.7411"
"fno","1259","0.7668"
"fno","1260","0.7112"
"fno","1261","0.6659"
"fno","1262","0.6995"
"fno","1263","0.6509"
"fno","1264","0.6429"
"fno","1265","0.6343"
"fno","1266","0.6365"
"fno","1267","0.7097"
"fno","1268","0.6608"
"fno","1269","0.6598"
"fno","1270","0.6095"
"fno","1271","1.0064"
"fno","1272","0.6446"
"fno","1273","0.6462"
"fno","1274","0.6984"
"fno","1275","0.6310"
"fno","1276","0.6273"
"fno","1277","2.0127"
"fno","1278","0.9730"
"fno","1279","0.6580"
"fno","1280","0.8305"
"fno","1281","0.6747"
"fno","1282","0.6514"
"fno","1283","0.6552"
"fno","1284","0.6739"
"fno","1285","0.6640"
"fno","1286","0.6914"
"fno","1287","0.6552"
"fno","1288","0.6613"
"fno","1289","0.8953"
"fno","1290","0.6353"
"fno","1291","0.6331"
"fno","1292","1.2779"
"fno","1293","0.9126"
"fno","1294","0.7665"
"fno","1295","0.9996"
"fno","1296","1.0292"
"fno","1297","0.9279"
"fno","1298","0.7101"
"fno","1299","0.6738"
"fno","1300","0.7107"
"fno","1301","0.7165"
"fno","1302","0.6596"
"fno","1303","0.6517"
"fno","1304","0.6609"
"fno","1305","0.6460"
"fno","1306","0.6587"
"fno","1307","0.7346"
"fno","1308","0.8468"
"fno","1309","0.6332"
"fno","1310","0.6909"
"fno","1311","0.6577"
"fno","1312","0.6429"
"fno","1313","0.6303"
"fno","1314","0.7618"
"fno","1315","0.6705"
"fno","1316","0.7881"
"fno","1317","1.1130"
"fno","1318","0.6411"
"fno","1319","0.6293"
"fno","1320","0.6301"
"fno","1321","0.6683"
"fno","1322","0.6248"
"fno","1323","0.6335"
"fno","1324","0.6311"
"fno","1325","0.6243"
"fno","1326","0.6592"
"fno","1327","1.0861"
"fno","1328","0.6320"
"fno","1329","0.6453"
"fno","1330","0.6521"
"fno","1331","0.6377"
"fno","1332","2.2707"
"fno","1333","0.6659"
"fno","1334","0.6607"
"fno","1335","1.0509"
"fno","1336","0.6937"
"fno","1337","0.6748"
"fno","1338","0.6586"
"fno","1339","0.6201"
"fno","1340","0.7554"
"fno","1341","0.6821"
"fno","1342","0.6694"
"fno","1343","0.6232"
"fno","1344","0.6201"
"fno","1345","1.0016"
"fno","1346","0.7120"
"fno","1347","0.6238"
"fno","1348","0.6270"
"fno","1349","0.6093"
"fno","1350","0.6183"
"fno","1351","0.6113"
"fno","1352","0.6420"
"fno","1353","0.8071"
"fno","1354","0.6498"
"fno","1355","0.8133"
"fno","1356","0.8174"
"fno","1357","0.6759"
"fno","1358","0.6342"
"fno","1359","0.6539"
"fno","1360","0.8139"
"fno","1361","0.6719"
"fno","1362","0.6177"
"fno","1363","0.6136"
"fno","1364","0.6392"
"fno","1365","0.6310"
"fno","1366","0.6179"
"fno","1367","0.6353"
"fno","1368","0.6257"
"fno","1369","0.6194"
"fno","1370","0.6276"
"fno","1371","0.6352"
"fno","1372","0.6162"
"fno","1373","0.6222"
"fno","1374","0.6217"
"fno","1375","0.6170"
"fno","1376","1.0629"
"fno","1377","0.6171"
"fno","1378","0.6587"
"fno","1379","0.6298"
"fno","1380","0.6925"
"fno","1381","0.6324"
"fno","1382","0.6204"
"fno","1383","0.6298"
"fno","1384","0.6367"
"fno","1385","0.8867"
"fno","1386","0.7213"
"fno","1387","0.6427"
"fno","1388","0.6629"
"fno","1389","0.6872"
"fno","1390","0.6251"
"fno","1391","0.6234"
"fno","1392","0.6199"
"fno","1393","0.6628"
"fno","1394","0.6131"
"fno","1395","0.6391"
"fno","1396","0.6402"
"fno","1397","0.9184"
"fno","1398","0.6785"
"fno","1399","0.6910"
"fno","1400","0.6429"
"fno","1401","0.6615"
"fno","1402","0.6445"
"fno","1403","0.6323"
"fno","1404","0.6694"
"fno","1405","0.6279"
"fno","1406","0.6119"
"fno","1407","0.7741"
"fno","1408","0.6612"
"fno","1409","0.7652"
"fno","1410","0.6388"
"fno","1411","0.6730"
"fno","1412","0.6590"
"fno","1413","0.6287"
"fno","1414","2.0864"
"fno","1415","0.8066"
"fno","1416","0.8435"
"fno","1417","1.2887"
"fno","1418","1.0567"
"fno","1419","1.3100"
"fno","1420","0.8326"
"fno","1421","0.8598"
"fno","1422","1.4709"
"fno","1423","1.2653"
"fno","1424","0.6575"
"fno","1425","0.6521"
"fno","1426","0.6479"
"fno","1427","0.6361"
"fno","1428","0.6265"
"fno","1429","0.6493"
"fno","1430","0.7567"
"fno","1431","0.6878"
"fno","1432","0.7963"
"fno","1433","0.6722"
"fno","1434","0.7137"
"fno","1435","0.6229"
"fno","1436","0.6317"
"fno","1437","0.6206"
"fno","1438","0.6347"
"fno","1439","0.6888"
"fno","1440","0.6306"
"fno","1441","0.6228"
"fno","1442","0.6424"
"fno","1443","0.6171"
"fno","1444","0.6730"
"fno","1445","0.8386"
"fno","1446","0.6415"
"fno","1447","0.6325"
"fno","1448","0.6299"
"fno","1449","2.2799"
"fno","1450","0.6785"
"fno","1451","0.6834"
"fno","1452","0.7184"
"fno","1453","0.6286"
"fno","1454","0.6501"
"fno","1455","0.6138"
"fno","1456","0.6197"
"fno","1457","0.6183"
"fno","1458","0.6337"
"fno","1459","0.6231"
"fno","1460","0.6167"
"fno","1461","0.6219"
"fno","1462","0.6140"
"fno","1463","0.6350"
"fno","1464","0.6641"
"fno","1465","0.6771"
"fno","1466","0.6413"
"fno","1467","0.6127"
"fno","1468","2.2539"
"fno","1469","0.6347"
"fno","1470","1.0271"
"fno","1471","0.6320"
"fno","1472","0.6365"
"fno","1473","0.6288"
"fno","1474","0.6931"
"fno","1475","0.6112"
"fno","1476","0.6167"
"fno","1477","0.6184"
"fno","1478","0.6086"
"fno","1479","0.6107"
"fno","1480","0.9362"
"fno","1481","0.6170"
"fno","1482","0.6361"
"fno","1483","0.6555"
"fno","1484","0.6094"
"fno","1485","0.6158"
"fno","1486","0.6208"
"fno","1487","0.6086"
"fno","1488","1.8169"
"fno","1489","1.1257"
"fno","1490","0.7285"
"fno","1491","0.6659"
"fno","1492","0.6448"
"fno","1493","0.6550"
"fno","1494","0.6449"
"fno","1495","0.6485"
"fno","1496","0.6461"
"fno","1497","0.6373"
"fno","1498","0.6313"
"fno","1499","1.1045"
"fno","1500","0.6383"
"fno","1501","0.6408"
"fno","1502","0.6609"
"fno","1503","0.6377"
"fno","1504","0.6470"
"fno","1505","0.6358"
"fno","1506","2.6139"
"fno","1507","0.6597"
"fno","1508","0.7235"
"fno","1509","0.6363"
"fno","1510","0.6306"
"fno","1511","0.6786"
"fno","1512","0.6284"
"fno","1513","0.6437"
"fno","1514","0.7251"
"fno","1515","0.6136"
"fno","1516","0.6131"
"fno","1517","0.8821"
"fno","1518","0.6107"
"fno","1519","0.6911"
"fno","1520","0.6212"
"fno","1521","0.6176"
"fno","1522","0.6179"
"fno","1523","0.6149"
"fno","1524","0.6214"
"fno","1525","1.6074"
"fno","1526","0.6241"
"fno","1527","1.0157"
"fno","1528","0.6497"
"fno","1529","0.6479"
"fno","1530","0.6101"
"fno","1531","0.6335"
"fno","1532","0.6178"
"fno","1533","0.6130"
"fno","1534","0.6273"
"fno","1535","0.6117"
"fno","1536","0.6167"
"fno","1537","0.8253"
"fno","1538","0.6082"
"fno","1539","0.6845"
"fno","1540","0.7819"
"fno","1541","0.6392"
"fno","1542","0.6206"
"fno","1543","0.6350"
"fno","1544","0.6223"
"fno","1545","1.9559"
"fno","1546","0.6226"
"fno","1547","0.6111"
"fno","1548","0.7419"
"fno","1549","0.6466"
"fno","1550","0.7002"
"fno","1551","0.6521"
"fno","1552","0.6927"
"fno","1553","0.6547"
"fno","1554","0.6775"
"fno","1555","0.6789"
"fno","1556","0.6598"
"fno","1557","0.7283"
"fno","1558","0.6488"
"fno","1559","0.7222"
"fno","1560","0.6500"
"fno","1561","0.7142"
"fno","1562","0.6421"
"fno","1563","0.8822"
"fno","1564","2.8247"
"fno","1565","0.7475"
"fno","1566","0.8547"
"fno","1567","1.2384"
"fno","1568","0.9470"
"fno","1569","1.3060"
"fno","1570","0.6416"
"fno","1571","0.6562"
"fno","1572","0.6625"
"fno","1573","0.7251"
"fno","1574","0.6521"
"fno","1575","0.6156"
"fno","1576","0.6682"
"fno","1577","0.7389"
"fno","1578","3.0147"
"fno","1579","0.7800"
"fno","1580","0.6768"
"fno","1581","0.6863"
"fno","1582","0.6422"
"fno","1583","0.7843"
"fno","1584","0.6728"
"fno","1585","0.6727"
"fno","1586","0.6416"
"fno","1587","0.6491"
"fno","1588","0.9288"
"fno","1589","0.6369"
"fno","1590","0.6281"
"fno","1591","0.6672"
"fno","1592","0.6595"
"fno","1593","0.6416"
"fno","1594","0.6727"
"fno","1595","0.6428"
"fno","1596","0.6378"
"fno","1597","2.5170"
"fno","1598","0.8069"
"fno","1599","0.6403"
"fno","1600","0.6444"
"fno","1601","0.6836"
"fno","1602","0.7054"
"fno","1603","0.8064"
"fno","1604","0.6592"
"fno","1605","0.6377"
"fno","1606","0.8117"
"fno","1607","0.6806"
"fno","1608","0.6898"
"fno","1609","0.6619"
"fno","1610","0.6428"
"fno","1611","0.6215"
"fno","1612","0.6215"
"fno","1613","0.6128"
"fno","1614","0.6201"
"fno","1615","2.5852"
"fno","1616","0.7844"
"fno","1617","0.6417"
"fno","1618","0.6890"
"fno","1619","0.6350"
"fno","1620","0.6919"
"fno","1621","0.6964"
"fno","1622","0.6426"
"fno","1623","0.6147"
"fno","1624","1.0163"
"fno","1625","0.6626"
"fno","1626","0.7314"
"fno","1627","0.7318"
"fno","1628","0.7039"
"fno","1629","0.7413"
"fno","1630","0.6724"
"fno","1631","0.6162"
"fno","1632","2.3148"
"fno","1633","0.8129"
"fno","1634","0.6917"
"fno","1635","0.7328"
"fno","1636","0.6354"
"fno","1637","0.6255"
"fno","1638","0.6492"
"fno","1639","0.6400"
"fno","1640","0.6867"
"fno","1641","0.7225"
"fno","1642","1.1071"
"fno","1643","0.8554"
"fno","1644","0.7323"
"fno","1645","0.6391"
"fno","1646","0.6719"
"fno","1647","0.6412"
"fno","1648","0.6394"
"fno","1649","0.6526"
"fno","1650","0.6358"
"fno","1651","0.6686"
"fno","1652","0.8799"
"fno","1653","0.7874"
"fno","1654","0.6972"
"fno","1655","0.6652"
"fno","1656","0.6739"
"fno","1657","0.6536"
"fno","1658","0.7213"
"fno","1659","0.6475"
"fno","1660","0.6899"
"fno","1661","1.1619"
"fno","1662","0.6418"
"fno","1663","0.7202"
"fno","1664","0.6657"
"fno","1665","0.6481"
"fno","1666","0.7521"
"fno","1667","0.6841"
"fno","1668","0.7067"
"fno","1669","0.6887"
"fno","1670","2.5545"
"fno","1671","0.6720"
"fno","1672","0.6333"
"fno","1673","0.6548"
"fno","1674","0.6972"
"fno","1675","0.6305"
"fno","1676","0.6496"
"fno","1677","0.6107"
"fno","1678","0.6176"
"fno","1679","0.8396"
"fno","1680","0.6231"
"fno","1681","0.6961"
"fno","1682","0.6304"
"fno","1683","0.6387"
"fno","1684","0.6234"
"fno","1685","0.6183"
"fno","1686","0.6104"
"fno","1687","0.6876"
"fno","1688","0.6683"
"fno","1689","2.5123"
"fno","1690","0.6816"
"fno","1691","0.6400"
"fno","1692","0.6336"
"fno","1693","0.6401"
"fno","1694","0.6203"
"fno","1695","0.6701"
"fno","1696","0.6356"
"fno","1697","0.6296"
"fno","1698","0.6795"
"fno","1699","0.6199"
"fno","1700","0.7265"
"fno","1701","0.6451"
"fno","1702","0.6564"
"fno","1703","0.6675"
"fno","1704","0.6485"
"fno","1705","0.6719"
"fno","1706","0.8225"
"fno","1707","2.5890"
"fno","1708","0.8466"
"fno","1709","0.6573"
"fno","1710","0.6386"
"fno","1711","0.6230"
"fno","1712","0.6224"
"fno","1713","0.6462"
"fno","1714","0.6225"
"fno","1715","0.6162"
"fno","1716","0.6347"
"fno","1717","0.6181"
"fno","1718","0.6226"
"fno","1719","0.8834"
"fno","1720","0.6789"
"fno","1721","0.6290"
"fno","1722","0.6758"
"fno","1723","0.6203"
"fno","1724","0.6214"
"fno","1725","0.6307"
"fno","1726","0.6504"
"fno","1727","0.6389"
"fno","1728","0.8067"
"fno","1729","0.8555"
"fno","1730","0.7235"
"fno","1731","0.6683"
"fno","1732","0.6328"
"fno","1733","0.6304"
"fno","1734","0.6535"
"fno","1735","0.6350"
"fno","1736","0.6183"
"fno","1737","0.6229"
"fno","1738","0.6091"
"fno","1739","0.6951"
"fno","1740","0.6447"
"fno","1741","0.6086"
"fno","1742","0.6508"
"fno","1743","0.6265"
"fno","1744","0.6188"
"fno","1745","0.6182"
"fno","1746","0.6851"
"fno","1747","2.7055"
"fno","1748","2.2752"
"fno","1749","0.9296"
"fno","1750","0.8917"
"fno","1751","0.8484"
"fno","1752","0.8244"
"fno","1753","0.8047"
"fno","1754","0.8040"
"fno","1755","1.0285"
"fno","1756","1.1034"
"fno","1757","0.8729"
"fno","1758","0.8223"
"fno","1759","0.8356"
"fno","1760","4.0295"
"fno","1761","1.8563"
"fno","1762","1.0758"
"fno","1763","1.4759"
"fno","1764","1.0318"
"fno","1765","0.9384"
"fno","1766","0.9359"
"fno","1767","0.9491"
"fno","1768","0.9762"
"fno","1769","0.9645"
"fno","1770","1.0423"
"fno","1771","0.8540"
"fno","1772","1.3611"
"fno","1773","0.9582"
"fno","1774","1.0270"
"fno","1775","0.9393"
"fno","1776","0.7874"
"fno","1777","1.0157"
"fno","1778","0.8149"
"fno","1779","0.8276"
"fno","1780","0.6751"
"fno","1781","0.6516"
"fno","1782","0.7897"
"fno","1783","0.8161"
"fno","1784","0.8064"
"fno","1785","0.7614"
"fno","1786","0.8894"
"fno","1787","0.7204"
"fno","1788","0.7176"
"fno","1789","0.7805"
"fno","1790","0.7316"
"fno","1791","0.6421"
"fno","1792","0.6346"
"fno","1793","0.6246"
"fno","1794","0.6303"
"fno","1795","0.6591"
"fno","1796","0.6384"
"fno","1797","0.7877"
"fno","1798","0.6619"
"fno","1799","0.8149"
"fno","1800","0.7882"
"fno","1801","0.8777"
"fno","1802","2.1111"
"fno","1803","2.8860"
"fno","1804","0.8153"
"fno","1805","0.6853"
"fno","1806","0.6565"
"fno","1807","0.6752"
"fno","1808","0.6478"
"fno","1809","0.6405"
"fno","1810","0.6425"
"fno","1811","0.7497"
"fno","1812","0.6518"
"fno","1813","0.8271"
"fno","1814","0.6907"
"fno","1815","0.6551"
"fno","1816","0.6564"
"fno","1817","0.6663"
"fno","1818","0.6508"
"fno","1819","0.6316"
"fno","1820","0.6390"
"fno","1821","2.3181"
"fno","1822","0.6724"
"fno","1823","0.6395"
"fno","1824","0.6498"
"fno","1825","0.6590"
"fno","1826","0.6964"
"fno","1827","0.6380"
"fno","1828","0.6825"
"fno","1829","0.6848"
"fno","1830","0.6404"
"fno","1831","0.6799"
"fno","1832","0.6468"
"fno","1833","0.7244"
"fno","1834","0.6793"
"fno","1835","0.6417"
"fno","1836","0.6276"
"fno","1837","0.6697"
"fno","1838","0.6302"
"fno","1839","0.6480"
"fno","1840","2.1297"
"fno","1841","0.6484"
"fno","1842","0.6321"
"fno","1843","0.6365"
"fno","1844","0.6615"
"fno","1845","0.6621"
"fno","1846","0.6471"
"fno","1847","0.6336"
"fno","1848","0.6974"
"fno","1849","0.6494"
"fno","1850","0.6281"
"fno","1851","0.6384"
"fno","1852","0.6339"
"fno","1853","0.6406"
"fno","1854","0.6507"
"fno","1855","0.6314"
"fno","1856","0.8610"
"fno","1857","0.6809"
"fno","1858","0.6706"
"fno","1859","1.9854"
"fno","1860","0.6897"
"fno","1861","0.6812"
"fno","1862","0.6771"
"fno","1863","0.6479"
"fno","1864","0.6473"
"fno","1865","0.6377"
"fno","1866","0.6296"
"fno","1867","0.6254"
"fno","1868","0.6552"
"fno","1869","0.6282"
"fno","1870","0.6250"
"fno","1871","0.6235"
"fno","1872","0.6435"
"fno","1873","0.6295"
"fno","1874","0.6448"
"fno","1875","0.6353"
"fno","1876","0.6310"
"fno","1877","0.6366"
"fno","1878","0.6254"
"fno","1879","0.6376"
"fno","1880","1.3112"
"fno","1881","0.6360"
"fno","1882","0.6575"
"fno","1883","0.6340"
"fno","1884","0.6432"
"fno","1885","0.6317"
"fno","1886","0.6363"
"fno","1887","0.6247"
"fno","1888","0.6296"
"fno","1889","0.6376"
"fno","1890","0.6305"
"fno","1891","0.8399"
"fno","1892","0.6641"
"fno","1893","0.6589"
"fno","1894","0.6746"
"fno","1895","0.6525"
"fno","1896","0.6331"
"fno","1897","0.6598"
"fno","1898","0.6373"
"fno","1899","0.6327"
"fno","1900","1.7114"
"fno","1901","0.8213"
"fno","1902","0.6411"
"fno","1903","0.6346"
"fno","1904","0.6936"
"fno","1905","0.6169"
"fno","1906","0.6315"
"fno","1907","0.7212"
"fno","1908","0.8023"
"fno","1909","0.7304"
"fno","1910","0.7225"
"fno","1911","0.7733"
"fno","1912","0.7343"
"fno","1913","0.7107"
"fno","1914","0.6911"
"fno","1915","0.6419"
"fno","1916","0.6701"
"fno","1917","0.6545"
"fno","1918","0.6631"
"fno","1919","0.6419"
"fno","1920","0.6933"
"fno","1921","0.6651"
"fno","1922","0.8683"
"fno","1923","0.6528"
"fno","1924","0.8154"
"fno","1925","0.6167"
"fno","1926","0.6224"
"fno","1927","0.7549"
"fno","1928","0.6138"
"fno","1929","0.6098"
"fno","1930","0.6155"
"fno","1931","0.6385"
"fno","1932","0.6308"
"fno","1933","0.6181"
"fno","1934","0.7303"
"fno","1935","0.6368"
"fno","1936","0.6233"
"fno","1937","0.6146"
"fno","1938","0.6103"
"fno","1939","0.6220"
"fno","1940","0.6116"
"fno","1941","1.8319"
"fno","1942","0.7081"
"fno","1943","0.6539"
"fno","1944","0.6301"
"fno","1945","0.9300"
"fno","1946","0.6511"
"fno","1947","0.6523"
"fno","1948","0.6205"
"fno","1949","0.6302"
"fno","1950","0.6282"
"fno","1951","0.7126"
"fno","1952","0.6481"
"fno","1953","0.6386"
"fno","1954","0.6208"
"fno","1955","0.6266"
"fno","1956","0.6298"
"fno","1957","0.6274"
"fno","1958","0.6310"
"fno","1959","0.6498"
"fno","1960","0.6304"
"fno","1961","0.6250"
"fno","1962","1.4810"
"fno","1963","0.7388"
"fno","1964","2.5836"
"fno","1965","0.6493"
"fno","1966","0.6412"
"fno","1967","0.6060"
"fno","1968","0.6191"
"fno","1969","0.6651"
"fno","1970","0.6257"
"fno","1971","0.6205"
"fno","1972","0.6451"
"fno","1973","0.6235"
"fno","1974","0.6362"
"fno","1975","0.6326"
"fno","1976","0.6233"
"fno","1977","0.6407"
"fno","1978","0.6172"
"fno","1979","0.6621"
"fno","1980","0.6204"
"fno","1981","0.8071"
"fno","1982","0.7292"
"fno","1983","0.6381"
"fno","1984","0.6594"
"fno","1985","0.6395"
"fno","1986","0.6285"
"fno","1987","0.6460"
"fno","1988","0.7216"
"fno","1989","0.6765"
"fno","1990","0.7100"
"fno","1991","0.6573"
"fno","1992","0.6512"
"fno","1993","0.6157"
"fno","1994","0.6121"
"fno","1995","0.6306"
"fno","1996","0.6166"
"fno","1997","0.6164"
"fno","1998","0.6154"
"fno","1999","0.6434"
"fno","2000","0.6533"
"fno","2001","0.6229"
"fno","2002","0.9318"
"fno","2003","0.9336"
"fno","2004","0.7234"
"fno","2005","0.6828"
"fno","2006","0.6413"
"fno","2007","0.6203"
"fno","2008","0.6141"
"fno","2009","0.6247"
"fno","2010","0.6103"
"fno","2011","0.8029"
"fno","2012","0.6165"
"fno","2013","0.6379"
"fno","2014","0.6109"
"fno","2015","0.6111"
"fno","2016","0.6289"
"fno","2017","0.6170"
"fno","2018","0.6290"
"fno","2019","0.6228"
"fno","2020","0.6740"
"fno","2021","2.0131"
"fno","2022","0.7001"
"fno","2023","0.6186"
"fno","2024","0.6152"
"fno","2025","0.6305"
"fno","2026","0.6134"
"fno","2027","0.6222"
"fno","2028","0.6279"
"fno","2029","0.6254"
"fno","2030","0.6257"
"fno","2031","0.6130"
"fno","2032","0.8657"
"fno","2033","0.7507"
"fno","2034","2.2025"
"fno","2035","0.6472"
"fno","2036","1.0910"
"fno","2037","0.6536"
"fno","2038","0.6480"
"fno","2039","0.9191"
"fno","2040","0.8554"
"fno","2041","0.6452"
"fno","2042","0.7133"
"fno","2043","0.6325"
"fno","2044","0.6442"
"fno","2045","0.7253"
"fno","2046","0.6209"
"fno","2047","0.6989"
"fno","2048","0.6085"
"fno","2049","0.6148"
"fno","2050","0.6131"
"fno","2051","0.7889"
"fno","2052","0.8277"
"fno","2053","0.6667"
"fno","2054","0.6647"
"fno","2055","0.6284"
"fno","2056","0.6447"
"fno","2057","0.6236"
"fno","2058","0.6233"
"fno","2059","0.6835"
"fno","2060","0.6189"
"fno","2061","0.7865"
"fno","2062","0.7539"
"fno","2063","0.6373"
"fno","2064","0.7069"
"fno","2065","0.6256"
"fno","2066","0.6179"
"fno","2067","0.6162"
"fno","2068","0.6126"
"fno","2069","0.6106"
"fno","2070","0.6359"
"fno","2071","0.6043"
"fno","2072","0.6163"
"fno","2073","0.6349"
"fno","2074","0.6069"
"fno","2075","0.7094"
"fno","2076","0.6294"
"fno","2077","0.6258"
"fno","2078","0.6183"
"fno","2079","0.6145"
"fno","2080","0.6170"
"fno","2081","1.8115"
"fno","2082","0.6873"
"fno","2083","0.6292"
"fno","2084","0.6457"
"fno","2085","0.6349"
"fno","2086","0.6185"
"fno","2087","0.7275"
"fno","2088","0.6641"
"fno","2089","0.6417"
"fno","2090","0.6435"
"fno","2091","0.6294"
"fno","2092","0.6308"
"fno","2093","0.6470"
"fno","2094","0.6374"
"fno","2095","0.6377"
"fno","2096","0.6977"
"fno","2097","0.6345"
"fno","2098","0.8593"
"fno","2099","0.6846"
"fno","2100","0.6133"
"fno","2101","1.6128"
"fno","2102","0.7012"
"fno","2103","0.6147"
"fno","2104","0.6365"
"fno","2105","0.6131"
"fno","2106","0.6094"
"fno","2107","0.6143"
"fno","2108","0.6117"
"fno","2109","0.6199"
"fno","2110","0.6110"
"fno","2111","0.6265"
"fno","2112","0.6165"
"fno","2113","0.6189"
"fno","2114","0.6150"
"fno","2115","0.6130"
"fno","2116","0.6360"
"fno","2117","0.6171"
"fno","2118","0.6101"
"fno","2119","0.6116"
"fno","2120","0.6157"
"fno","2121","0.6011"
"fno","2122","0.7389"
"fno","2123","0.8814"
"fno","2124","0.6676"
"fno","2125","0.6172"
"fno","2126","0.6194"
"fno","2127","0.6030"
"fno","2128","0.6042"
"fno","2129","0.6090"
"fno","2130","0.6121"
"fno","2131","0.6097"
"fno","2132","0.6048"
"fno","2133","0.6150"
"fno","2134","0.6131"
"fno","2135","0.6038"
"fno","2136","0.6321"
"fno","2137","0.6087"
"fno","2138","0.6097"
"fno","2139","0.6688"
"fno","2140","0.6089"
"fno","2141","0.6108"
"fno","2142","0.6026"
"fno","2143","0.6078"
"fno","2144","1.6339"
"fno","2145","0.8079"
"fno","2146","0.6307"
"fno","2147","0.6155"
"fno","2148","0.6309"
"fno","2149","0.6148"
"fno","2150","0.6220"
"fno","2151","0.6072"
"fno","2152","0.6085"
"fno","2153","0.6090"
"fno","2154","0.6207"
"fno","2155","0.6112"
"fno","2156","0.6045"
"fno","2157","0.6144"
"fno","2158","0.6168"
"fno","2159","0.6073"
"fno","2160","0.6116"
"fno","2161","0.6152"
"fno","2162","0.6099"
"fno","2163","0.6073"
"fno","2164","0.6509"
"fno","2165","1.5947"
"fno","2166","0.7011"
"fno","2167","0.6334"
"fno","2168","0.6093"
"fno","2169","0.7880"
"fno","2170","0.7253"
"fno","2171","0.6222"
"fno","2172","0.6265"
"fno","2173","0.6169"
"fno","2174","0.6091"
"fno","2175","0.6212"
"fno","2176","0.6114"
"fno","2177","0.6207"
"fno","2178","0.6246"
"fno","2179","0.6251"
"fno","2180","0.6217"
"fno","2181","0.6057"
"fno","2182","0.6135"
"fno","2183","0.6197"
"fno","2184","0.6044"
"fno","2185","0.6157"
"fno","2186","1.8292"
"fno","2187","0.6699"
"fno","2188","0.6186"
"fno","2189","0.6291"
"fno","2190","0.6081"
"fno","2191","0.6212"
"fno","2192","0.9620"
"fno","2193","0.6183"
"fno","2194","0.6139"
"fno","2195","0.7006"
"fno","2196","0.6137"
"fno","2197","0.6130"
"fno","2198","0.6138"
"fno","2199","0.6765"
"fno","2200","0.6220"
"fno","2201","0.6237"
"fno","2202","0.6080"
"fno","2203","0.6187"
"fno","2204","0.6967"
"fno","2205","0.6120"
"fno","2206","0.6181"
"fno","2207","1.3927"
"fno","2208","0.7180"
"fno","2209","0.6559"
"fno","2210","0.6380"
"fno","2211","0.6243"
"fno","2212","0.8276"
"fno","2213","0.6265"
"fno","2214","0.6439"
"fno","2215","0.6240"
"fno","2216","0.9448"
"fno","2217","0.6285"
"fno","2218","0.6217"
"fno","2219","0.6022"
"fno","2220","0.6105"
"fno","2221","0.6207"
"fno","2222","0.6033"
"fno","2223","0.6177"
"fno","2224","0.7582"
"fno","2225","0.6095"
"fno","2226","0.6119"
"fno","2227","0.6215"
"fno","2228","1.2120"
"fno","2229","0.6552"
"fno","2230","0.6467"
"fno","2231","0.6336"
"fno","2232","0.6279"
"fno","2233","0.6478"
"fno","2234","0.6222"
"fno","2235","0.6464"
"fno","2236","0.6354"
"fno","2237","0.6191"
"fno","2238","0.8469"
"fno","2239","0.6671"
"fno","2240","0.6206"
"fno","2241","0.6220"
"fno","2242","0.6065"
"fno","2243","0.6170"
"fno","2244","0.6218"
"fno","2245","0.6123"
"fno","2246","0.6288"
"fno","2247","0.6208"
"fno","2248","0.6050"
"fno","2249","1.2118"
"fno","2250","0.6987"
"fno","2251","0.6372"
"fno","2252","0.6495"
"fno","2253","0.6207"
"fno","2254","0.6333"
"fno","2255","0.6640"
"fno","2256","0.6201"
"fno","2257","0.6410"
"fno","2258","0.6299"
"fno","2259","0.6177"
"fno","2260","0.6289"
"fno","2261","0.6472"
"fno","2262","0.9027"
"fno","2263","0.6497"
"fno","2264","0.6632"
"fno","2265","0.6559"
"fno","2266","0.7777"
"fno","2267","0.6454"
"fno","2268","0.6231"
"fno","2269","1.8641"
"fno","2270","0.6379"
"fno","2271","0.6438"
"fno","2272","0.6362"
"fno","2273","0.9523"
"fno","2274","0.6270"
"fno","2275","0.6302"
"fno","2276","0.6352"
"fno","2277","0.6407"
"fno","2278","0.6984"
"fno","2279","0.6234"
"fno","2280","0.6454"
"fno","2281","0.6171"
"fno","2282","0.6201"
"fno","2283","0.6240"
"fno","2284","0.8453"
"fno","2285","0.6519"
"fno","2286","0.6387"
"fno","2287","0.6521"
"fno","2288","0.6154"
"fno","2289","1.4576"
"fno","2290","0.7405"
"fno","2291","0.6554"
"fno","2292","0.6566"
"fno","2293","0.6154"
"fno","2294","0.6292"
"fno","2295","0.6256"
"fno","2296","0.6202"
"fno","2297","0.6363"
"fno","2298","0.6219"
"fno","2299","0.6244"
"fno","2300","0.6295"
"fno","2301","0.6174"
"fno","2302","0.6191"
"fno","2303","0.6431"
"fno","2304","0.9825"
"fno","2305","0.6125"
"fno","2306","0.6423"
"fno","2307","0.8669"
"fno","2308","0.6537"
"fno","2309","1.6135"
"fno","2310","0.6366"
"fno","2311","0.6263"
"fno","2312","0.6056"
"fno","2313","1.0541"
"fno","2314","0.6052"
"fno","2315","0.6084"
"fno","2316","0.6128"
"fno","2317","0.6037"
"fno","2318","0.6128"
"fno","2319","0.6122"
"fno","2320","0.6025"
"fno","2321","0.6727"
"fno","2322","0.6175"
"fno","2323","0.6084"
"fno","2324","0.9895"
"fno","2325","0.6928"
"fno","2326","0.6094"
"fno","2327","0.6074"
"fno","2328","0.6136"
"fno","2329","1.4817"
"fno","2330","0.7054"
"fno","2331","0.6287"
"fno","2332","0.6074"
"fno","2333","0.6329"
"fno","2334","0.7163"
"fno","2335","0.6070"
"fno","2336","0.6209"
"fno","2337","0.6071"
"fno","2338","0.6127"
"fno","2339","0.6156"
"fno","2340","0.6195"
"fno","2341","0.6249"
"fno","2342","0.6259"
"fno","2343","0.6028"
"fno","2344","0.6149"
"fno","2345","0.8269"
"fno","2346","0.6147"
"fno","2347","0.6223"
"fno","2348","0.6124"
"fno","2349","0.6168"
"fno","2350","1.6410"
"fno","2351","0.6342"
"fno","2352","0.8481"
"fno","2353","0.9554"
"fno","2354","0.6126"
"fno","2355","0.6039"
"fno","2356","0.6081"
"fno","2357","0.6228"
"fno","2358","0.6104"
"fno","2359","0.6098"
"fno","2360","0.6133"
"fno","2361","0.6056"
"fno","2362","0.6034"
"fno","2363","0.6213"
"fno","2364","0.9114"
"fno","2365","0.6191"
"fno","2366","0.6228"
"fno","2367","0.6250"
"fno","2368","0.6140"
"fno","2369","0.6115"
"fno","2370","1.7621"
"fno","2371","0.6431"
"fno","2372","0.6349"
"fno","2373","0.9416"
"fno","2374","0.6330"
"fno","2375","0.6444"
"fno","2376","0.6306"
"fno","2377","0.6213"
"fno","2378","0.6430"
"fno","2379","0.6338"
"fno","2380","0.6226"
"fno","2381","0.6327"
"fno","2382","0.6239"
"fno","2383","0.6352"
"fno","2384","0.6432"
"fno","2385","0.6305"
"fno","2386","0.6172"
"fno","2387","0.6208"
"fno","2388","0.6319"
"fno","2389","0.6234"
"fno","2390","0.6279"
"fno","2391","0.6265"
"fno","2392","0.8067"
"fno","2393","0.6975"
"fno","2394","0.6313"
"fno","2395","1.0028"
"fno","2396","0.6761"
"fno","2397","0.9038"
"fno","2398","0.8296"
"fno","2399","0.6798"
"fno","2400","0.6364"
"fno","2401","0.6442"
"fno","2402","0.6235"
"fno","2403","0.6247"
"fno","2404","0.7104"
"fno","2405","0.6861"
"fno","2406","0.6413"
"fno","2407","0.9184"
"fno","2408","0.6955"
"fno","2409","0.6338"
"fno","2410","0.6368"
"fno","2411","0.8507"
"fno","2412","0.7460"
"fno","2413","0.6503"
"fno","2414","0.9374"
"fno","2415","0.6263"
"fno","2416","0.6250"
"fno","2417","0.6135"
"fno","2418","0.7096"
"fno","2419","0.9582"
"fno","2420","0.6511"
"fno","2421","0.6301"
"fno","2422","0.6461"
"fno","2423","0.6325"
"fno","2424","0.6194"
"fno","2425","0.6274"
"fno","2426","0.6239"
"fno","2427","0.6313"
"fno","2428","0.6439"
"fno","2429","0.6146"
"fno","2430","0.6405"
"fno","2431","0.6305"
"fno","2432","1.0039"
"fno","2433","0.6258"
"fno","2434","1.2461"
"fno","2435","0.6116"
"fno","2436","0.7271"
"fno","2437","0.7613"
"fno","2438","0.6591"
"fno","2439","0.6899"
"fno","2440","0.6449"
"fno","2441","0.6237"
"fno","2442","0.7916"
"fno","2443","0.7033"
"fno","2444","1.0787"
"fno","2445","0.6504"
"fno","2446","0.6461"
"fno","2447","0.7374"
"fno","2448","0.7246"
"fno","2449","0.6451"
"fno","2450","1.8482"
"fno","2451","0.6932"
"fno","2452","0.9670"
"fno","2453","0.6317"
"fno","2454","0.6918"
"fno","2455","0.7289"
"fno","2456","0.6439"
"fno","2457","0.6241"
"fno","2458","0.6278"
"fno","2459","0.6120"
"fno","2460","0.6194"
"fno","2461","0.6119"
"fno","2462","0.6101"
"fno","2463","1.1844"
"fno","2464","0.6427"
"fno","2465","0.7826"
"fno","2466","0.6700"
"fno","2467","0.6187"
"fno","2468","1.9710"
"fno","2469","0.7053"
"fno","2470","0.6765"
"fno","2471","0.6618"
"fno","2472","0.7241"
"fno","2473","0.6872"
"fno","2474","0.7190"
"fno","2475","0.6313"
"fno","2476","0.6493"
"fno","2477","0.6203"
"fno","2478","0.6269"
"fno","2479","0.6320"
"fno","2480","0.6099"
"fno","2481","0.6339"
"fno","2482","0.6104"
"fno","2483","0.6890"
"fno","2484","0.8791"
"fno","2485","0.8567"
"fno","2486","0.6389"
"fno","2487","1.9772"
"fno","2488","0.7199"
"fno","2489","0.9771"
"fno","2490","0.6207"
"fno","2491","0.6168"
"fno","2492","0.6545"
"fno","2493","0.6306"
"fno","2494","0.6192"
"fno","2495","0.6167"
"fno","2496","0.6164"
"fno","2497","0.6031"
"fno","2498","0.6167"
"fno","2499","0.6100"
"fno","2500","0.8357"
"fno","2501","0.6183"
"fno","2502","0.6127"
"fno","2503","0.6665"
"fno","2504","0.6292"
"fno","2505","0.6146"
"fno","2506","0.8399"
"fno","2507","2.3882"
"fno","2508","0.7141"
"fno","2509","0.6264"
"fno","2510","0.7039"
"fno","2511","0.6475"
"fno","2512","0.6230"
"fno","2513","0.6337"
"fno","2514","0.6185"
"fno","2515","0.6110"
"fno","2516","0.6199"
"fno","2517","0.6082"
"fno","2518","0.6113"
"fno","2519","1.0535"
"fno","2520","0.6831"
"fno","2521","0.6438"
"fno","2522","0.6462"
"fno","2523","0.6154"
"fno","2524","0.6170"
"fno","2525","0.6200"
"fno","2526","1.1020"
"fno","2527","0.8337"
"fno","2528","0.9795"
"fno","2529","0.7186"
"fno","2530","0.6328"
"fno","2531","0.6817"
"fno","2532","0.6204"
"fno","2533","0.6276"
"fno","2534","0.6139"
"fno","2535","0.6137"
"fno","2536","0.6141"
"fno","2537","0.6057"
"fno","2538","0.6472"
"fno","2539","0.6160"
"fno","2540","0.6091"
"fno","2541","0.6801"
"fno","2542","0.6760"
"fno","2543","0.6851"
"fno","2544","0.6338"
"fno","2545","0.6287"
"fno","2546","0.6384"
"fno","2547","0.6181"
"fno","2548","2.8710"
"fno","2549","0.7260"
"fno","2550","0.6712"
"fno","2551","0.6255"
"fno","2552","0.6173"
"fno","2553","0.6197"
"fno","2554","0.6195"
"fno","2555","0.6132"
"fno","2556","0.6158"
"fno","2557","0.6103"
"fno","2558","0.6128"
"fno","2559","0.6290"
"fno","2560","0.6720"
"fno","2561","0.6203"
"fno","2562","0.6159"
"fno","2563","0.6181"
"fno","2564","0.6106"
"fno","2565","1.8657"
"fno","2566","0.7356"
"fno","2567","0.8821"
"fno","2568","0.6626"
"fno","2569","0.6835"
"fno","2570","0.6332"
"fno","2571","0.6096"
"fno","2572","0.6194"
"fno","2573","0.6343"
"fno","2574","0.6351"
"fno","2575","0.6278"
"fno","2576","0.6107"
"fno","2577","0.8988"
"fno","2578","0.6300"
"fno","2579","0.6998"
"fno","2580","0.6566"
"fno","2581","0.6280"
"fno","2582","0.6201"
"fno","2583","0.6157"
"fno","2584","0.6190"
"fno","2585","1.7814"
"fno","2586","0.6944"
"fno","2587","0.6568"
"fno","2588","0.8457"
"fno","2589","0.6504"
"fno","2590","0.6241"
"fno","2591","0.6085"
"fno","2592","0.6052"
"fno","2593","0.6300"
"fno","2594","0.6140"
"fno","2595","0.6198"
"fno","2596","0.6659"
"fno","2597","0.9871"
"fno","2598","0.6194"
"fno","2599","0.6237"
"fno","2600","0.6157"
"fno","2601","0.6369"
"fno","2602","0.6428"
"fno","2603","0.6042"
"fno","2604","2.8745"
"fno","2605","0.7339"
"fno","2606","0.6815"
"fno","2607","0.6664"
"fno","2608","0.6760"
"fno","2609","0.6280"
"fno","2610","0.6347"
"fno","2611","0.6457"
"fno","2612","0.6255"
"fno","2613","0.6479"
"fno","2614","0.6458"
"fno","2615","0.6261"
"fno","2616","0.7170"
"fno","2617","0.6316"
"fno","2618","0.6374"
"fno","2619","0.6672"
"fno","2620","0.6263"
"fno","2621","0.6182"
"fno","2622","0.6174"
"fno","2623","0.6490"
"fno","2624","0.6272"
"fno","2625","0.8550"
"fno","2626","0.6920"
"fno","2627","0.6986"
"fno","2628","1.1563"
"fno","2629","0.6146"
"fno","2630","0.8009"
"fno","2631","0.8473"
"fno","2632","0.7247"
"fno","2633","0.6270"
"fno","2634","0.6322"
"fno","2635","1.0673"
"fno","2636","0.6766"
"fno","2637","0.6816"
"fno","2638","0.6870"
"fno","2639","0.6496"
"fno","2640","0.6409"
"fno","2641","0.6564"
"fno","2642","1.9304"
"fno","2643","1.1385"
"fno","2644","0.6653"
"fno","2645","0.6202"
"fno","2646","0.6245"
"fno","2647","0.6155"
"fno","2648","0.6290"
"fno","2649","0.6387"
"fno","2650","0.6235"
"fno","2651","0.6763"
"fno","2652","0.8803"
"fno","2653","0.6257"
"fno","2654","0.6852"
"fno","2655","0.6213"
"fno","2656","0.6055"
"fno","2657","0.6203"
"fno","2658","0.6311"
"fno","2659","0.6161"
"fno","2660","0.6080"
"fno","2661","0.6495"
"fno","2662","0.6189"
"fno","2663","0.7912"
"fno","2664","1.1459"
"fno","2665","0.7224"
"fno","2666","0.6518"
"fno","2667","0.6229"
"fno","2668","0.6508"
"fno","2669","0.6327"
"fno","2670","0.6372"
"fno","2671","0.6442"
"fno","2672","0.6737"
"fno","2673","0.6406"
"fno","2674","1.0038"
"fno","2675","0.8282"
"fno","2676","0.6394"
"fno","2677","0.6367"
"fno","2678","0.6509"
"fno","2679","0.6066"
"fno","2680","0.6255"
"fno","2681","0.6232"
"fno","2682","2.4630"
"fno","2683","0.6387"
"fno","2684","0.6197"
"fno","2685","0.6160"
"fno","2686","0.6140"
"fno","2687","0.6211"
"fno","2688","0.6261"
"fno","2689","0.6202"
"fno","2690","0.6106"
"fno","2691","0.6571"
"fno","2692","0.6103"
"fno","2693","0.7052"
"fno","2694","0.6246"
"fno","2695","0.6119"
"fno","2696","0.6864"
"fno","2697","0.6563"
"fno","2698","0.6479"
"fno","2699","0.6429"
"fno","2700","0.6665"
"fno","2701","0.7391"
"fno","2702","0.6474"
"fno","2703","0.8841"
"fno","2704","0.6796"
"fno","2705","0.6492"
"fno","2706","0.6285"
"fno","2707","0.6073"
"fno","2708","0.6118"
"fno","2709","0.6450"
"fno","2710","0.6023"
"fno","2711","0.6365"
"fno","2712","0.6181"
"fno","2713","0.6580"
"fno","2714","0.6570"
"fno","2715","0.6175"
"fno","2716","0.6490"
"fno","2717","0.6297"
"fno","2718","0.6119"
"fno","2719","0.6257"
"fno","2720","0.6159"
"fno","2721","0.6857"
"fno","2722","0.6444"
"fno","2723","2.1530"
"fno","2724","0.7370"
"fno","2725","0.6530"
"fno","2726","0.6515"
"fno","2727","0.6251"
"fno","2728","0.6234"
"fno","2729","0.6341"
"fno","2730","0.6092"
"fno","2731","0.6031"
"fno","2732","0.6091"
"fno","2733","0.6357"
"fno","2734","0.6274"
"fno","2735","0.6117"
"fno","2736","0.6309"
"fno","2737","0.7435"
"fno","2738","0.6068"
"fno","2739","0.6155"
"fno","2740","0.6038"
"fno","2741","0.6139"
"fno","2742","0.6139"
"fno","2743","2.0418"
"fno","2744","0.6806"
"fno","2745","0.6442"
"fno","2746","0.6361"
"fno","2747","1.0600"
"fno","2748","0.6241"
"fno","2749","0.6231"
"fno","2750","0.6398"
"fno","2751","0.6342"
"fno","2752","0.6255"
"fno","2753","0.6091"
"fno","2754","0.6170"
"fno","2755","0.6196"
"fno","2756","0.6058"
"fno","2757","0.6134"
"fno","2758","0.6232"
"fno","2759","0.6438"
"fno","2760","0.6122"
"fno","2761","0.6055"
"fno","2762","0.6114"
"fno","2763","3.9930"
"fno","2764","0.7458"
"fno","2765","0.6981"
"fno","2766","0.6563"
"fno","2767","0.7093"
"fno","2768","0.6906"
"fno","2769","0.6660"
"fno","2770","0.6718"
"fno","2771","0.6538"
"fno","2772","0.6569"
"fno","2773","0.6520"
"fno","2774","0.6641"
"fno","2775","0.7484"
"fno","2776","0.6666"
"fno","2777","0.7036"
"fno","2778","0.6254"
"fno","2779","0.6173"
"fno","2780","0.6621"
"fno","2781","0.7991"
"fno","2782","0.6800"
"fno","2783","0.6794"
"fno","2784","0.6369"
"fno","2785","0.6230"
"fno","2786","0.6326"
"fno","2787","0.6265"
"fno","2788","0.6136"
"fno","2789","0.6151"
"fno","2790","0.6168"
"fno","2791","0.6091"
"fno","2792","0.6126"
"fno","2793","0.6161"
"fno","2794","0.6063"
"fno","2795","0.6089"
"fno","2796","0.6205"
"fno","2797","0.6190"
"fno","2798","0.6090"
"fno","2799","0.6154"
"fno","2800","0.6544"
"fno","2801","1.8516"
"fno","2802","0.6112"
"fno","2803","0.6447"
"fno","2804","0.6121"
"fno","2805","1.9212"
"fno","2806","0.6875"
"fno","2807","0.6532"
"fno","2808","0.6417"
"fno","2809","0.6484"
"fno","2810","0.6304"
"fno","2811","0.6293"
"fno","2812","0.6344"
"fno","2813","0.6149"
"fno","2814","0.6561"
"fno","2815","0.6563"
"fno","2816","0.6234"
"fno","2817","0.6313"
"fno","2818","0.6501"
"fno","2819","0.9985"
"fno","2820","0.7283"
"fno","2821","0.6817"
"fno","2822","0.6196"
"fno","2823","0.6405"
"fno","2824","0.6201"
"fno","2825","0.6518"
"fno","2826","0.6796"
"fno","2827","0.6421"
"fno","2828","0.6249"
"fno","2829","0.6255"
"fno","2830","0.6093"
"fno","2831","0.6058"
"fno","2832","0.6285"
"fno","2833","0.6195"
"fno","2834","0.6069"
"fno","2835","0.6167"
"fno","2836","0.6061"
"fno","2837","0.6308"
"fno","2838","0.6152"
"fno","2839","0.6229"
"fno","2840","0.6100"
"fno","2841","0.6186"
"fno","2842","1.8982"
"fno","2843","0.6439"
"fno","2844","0.6726"
"fno","2845","0.6194"
"fno","2846","0.6503"
"fno","2847","0.6310"
"fno","2848","0.6220"
"fno","2849","0.6850"
"fno","2850","0.6150"
"fno","2851","0.6280"
"fno","2852","0.6129"
"fno","2853","0.6202"
"fno","2854","0.6270"
"fno","2855","0.6055"
"fno","2856","0.6151"
"fno","2857","0.6142"
"fno","2858","0.6288"
"fno","2859","0.6108"
"fno","2860","0.6053"
"fno","2861","0.6710"
"fno","2862","0.6097"
"fno","2863","0.6461"
"fno","2864","0.8225"
"fno","2865","0.7332"
"fno","2866","0.6521"
"fno","2867","0.6220"
"fno","2868","0.6179"
"fno","2869","0.6219"
"fno","2870","0.6388"
"fno","2871","0.6192"
"fno","2872","0.6192"
"fno","2873","0.6688"
"fno","2874","0.6528"
"fno","2875","0.6248"
"fno","2876","0.6299"
"fno","2877","0.6520"
"fno","2878","0.6325"
"fno","2879","0.6499"
"fno","2880","0.6175"
"fno","2881","0.6192"
"fno","2882","0.6310"
"fno","2883","0.6315"
"fno","2884","0.6319"
"fno","2885","0.7105"
"fno","2886","0.6581"
"fno","2887","0.6412"
"fno","2888","0.6406"
"fno","2889","0.6231"
"fno","2890","0.6167"
"fno","2891","0.6285"
"fno","2892","0.6176"
"fno","2893","0.6188"
"fno","2894","0.6297"
"fno","2895","0.6120"
"fno","2896","0.6180"
"fno","2897","0.6242"
"fno","2898","0.6188"
"fno","2899","0.8127"
"fno","2900","0.6935"
"fno","2901","0.6451"
"fno","2902","0.6320"
"fno","2903","0.6737"
"fno","2904","0.6472"
"fno","2905","0.6738"
"fno","2906","2.3358"
"fno","2907","0.6414"
"fno","2908","0.6621"
"fno","2909","0.6222"
"fno","2910","0.6244"
"fno","2911","0.6710"
"fno","2912","0.6552"
"fno","2913","0.6257"
"fno","2914","0.6423"
"fno","2915","0.6193"
"fno","2916","0.6309"
"fno","2917","0.6302"
"fno","2918","0.6305"
"fno","2919","0.6249"
"fno","2920","0.8765"
"fno","2921","0.6570"
"fno","2922","0.7534"
"fno","2923","0.8471"
"fno","2924","0.6578"
"fno","2925","1.9819"
"fno","2926","0.7228"
"fno","2927","0.6423"
"fno","2928","0.6961"
"fno","2929","0.6516"
"fno","2930","0.6285"
"fno","2931","0.6406"
"fno","2932","0.6720"
"fno","2933","0.6421"
"fno","2934","0.6378"
"fno","2935","0.6192"
"fno","2936","0.6247"
"fno","2937","0.6204"
"fno","2938","0.6260"
"fno","2939","0.6164"
"fno","2940","0.6182"
"fno","2941","0.6270"
"fno","2942","0.9904"
"fno","2943","0.6407"
"fno","2944","0.6421"
"fno","2945","0.6541"
"fno","2946","0.8134"
"fno","2947","0.6987"
"fno","2948","0.6552"
"fno","2949","0.6049"
"fno","2950","0.7013"
"fno","2951","0.6265"
"fno","2952","0.6068"
"fno","2953","0.6067"
"fno","2954","0.6133"
"fno","2955","0.9932"
"fno","2956","0.6083"
"fno","2957","0.6324"
"fno","2958","0.6108"
"fno","2959","0.6136"
"fno","2960","0.6153"
"fno","2961","0.6098"
"fno","2962","0.7336"
"fno","2963","0.6266"
"fno","2964","0.6980"
"fno","2965","2.4403"
"fno","2966","0.6787"
"fno","2967","0.6250"
"fno","2968","0.6332"
"fno","2969","0.6118"
"fno","2970","0.6045"
"fno","2971","0.6109"
"fno","2972","0.6090"
"fno","2973","0.6090"
"fno","2974","0.7891"
"fno","2975","0.6552"
"fno","2976","0.6146"
"fno","2977","0.6425"
"fno","2978","0.6237"
"fno","2979","0.6102"
"fno","2980","0.6085"
"fno","2981","0.6214"
"fno","2982","0.6174"
"fno","2983","0.6154"
"fno","2984","0.6128"
"fno","2985","0.6023"
"fno","2986","2.2192"
"fno","2987","0.7766"
"fno","2988","0.6627"
"fno","2989","0.6256"
"fno","2990","0.6230"
"fno","2991","0.6354"
"fno","2992","0.7345"
"fno","2993","1.0717"
"fno","2994","0.6199"
"fno","2995","0.6284"
"fno","2996","0.6348"
"fno","2997","0.6301"
"fno","2998","0.6256"
"fno","2999","0.6285"
"fno","3000","0.6306"
"fno","3001","0.6258"
"fno","3002","0.6219"
"fno","3003","1.0516"
"fno","3004","1.7259"
"fno","3005","0.6388"
"fno","3006","0.7064"
"fno","3007","0.6256"
"fno","3008","0.6235"
"fno","3009","0.6099"
"fno","3010","0.6099"
"fno","3011","0.6183"
"fno","3012","0.9688"
"fno","3013","0.6184"
"fno","3014","0.6343"
"fno","3015","0.6084"
"fno","3016","0.6060"
"fno","3017","0.6236"
"fno","3018","0.6067"
"fno","3019","0.6064"
"fno","3020","0.6169"
"fno","3021","0.6109"
"fno","3022","0.6147"
"fno","3023","0.6085"
"fno","3024","1.8201"
"fno","3025","0.6183"
"fno","3026","0.6155"
"fno","3027","0.6351"
"fno","3028","0.6216"
"fno","3029","0.7964"
"fno","3030","0.6690"
"fno","3031","0.6192"
"fno","3032","0.9641"
"fno","3033","0.8369"
"fno","3034","0.6325"
"fno","3035","0.6239"
"fno","3036","0.6147"
"fno","3037","0.6071"
"fno","3038","0.6248"
"fno","3039","0.6167"
"fno","3040","0.6091"
"fno","3041","0.6079"
"fno","3042","0.6133"
"fno","3043","1.0210"
"fno","3044","1.9123"
"fno","3045","0.6590"
"fno","3046","0.6118"
"fno","3047","0.6108"
"fno","3048","0.6169"
"fno","3049","0.6115"
"fno","3050","0.6090"
"fno","3051","0.7066"
"fno","3052","0.6560"
"fno","3053","0.6576"
"fno","3054","0.6178"
"fno","3055","0.7108"
"fno","3056","0.6366"
"fno","3057","0.6609"
"fno","3058","0.6097"
"fno","3059","0.6198"
"fno","3060","0.6177"
"fno","3061","0.6037"
"fno","3062","0.6116"
"fno","3063","0.6041"
"fno","3064","1.9329"
"fno","3065","0.9747"
"fno","3066","0.6844"
"fno","3067","0.6372"
"fno","3068","0.6198"
"fno","3069","0.6150"
"fno","3070","0.6214"
"fno","3071","1.0615"
"fno","3072","0.6135"
"fno","3073","0.7754"
"fno","3074","0.8022"
"fno","3075","0.6690"
"fno","3076","0.6282"
"fno","3077","0.6223"
"fno","3078","0.6082"
"fno","3079","0.6158"
"fno","3080","0.6221"
"fno","3081","0.7862"
"fno","3082","0.6200"
"fno","3083","0.6229"
"fno","3084","0.6033"
"fno","3085","0.9699"
"fno","3086","0.7466"
"fno","3087","0.6368"
"fno","3088","0.6163"
"fno","3089","0.6072"
"fno","3090","0.6152"
"fno","3091","1.0285"
"fno","3092","0.6093"
"fno","3093","0.6049"
"fno","3094","0.7601"
"fno","3095","0.6800"
"fno","3096","0.8234"
"fno","3097","0.6251"
"fno","3098","0.6312"
"fno","3099","0.6100"
"fno","3100","0.6023"
"fno","3101","0.6170"
"fno","3102","0.6786"
"fno","3103","1.3662"
"fno","3104","0.9212"
"fno","3105","0.6635"
"fno","3106","0.6342"
"fno","3107","0.6612"
"fno","3108","0.6291"
"fno","3109","0.6480"
"fno","3110","0.6496"
"fno","3111","0.6341"
"fno","3112","0.6330"
"fno","3113","0.6565"
"fno","3114","0.8613"
"fno","3115","0.6648"
"fno","3116","0.6437"
"fno","3117","0.7146"
"fno","3118","0.6034"
"fno","3119","0.8163"
"fno","3120","0.6260"
"fno","3121","0.8886"
"fno","3122","0.6173"
"fno","3123","2.1931"
"fno","3124","1.2276"
"fno","3125","0.6662"
"fno","3126","0.6938"
"fno","3127","0.7142"
"fno","3128","1.6852"
"fno","3129","0.9844"
"fno","3130","0.7123"
"fno","3131","0.8423"
"fno","3132","0.6352"
"fno","3133","0.6341"
"fno","3134","0.6376"
"fno","3135","0.6188"
"fno","3136","0.6213"
"fno","3137","0.8159"
"fno","3138","0.6531"
"fno","3139","0.6236"
"fno","3140","0.6409"
"fno","3141","0.6248"
"fno","3142","0.6783"
"fno","3143","0.8370"
"fno","3144","0.8163"
"fno","3145","0.7001"
"fno","3146","0.6584"
"fno","3147","0.6383"
"fno","3148","0.6309"
"fno","3149","0.7004"
"fno","3150","0.6809"
"fno","3151","0.6155"
"fno","3152","0.6279"
"fno","3153","0.6172"
"fno","3154","0.6567"
"fno","3155","0.6210"
"fno","3156","0.7262"
"fno","3157","1.0748"
"fno","3158","0.6214"
"fno","3159","0.6538"
"fno","3160","0.9347"
"fno","3161","1.1372"
"fno","3162","0.7150"
"fno","3163","0.6282"
"fno","3164","0.6429"
"fno","3165","0.6064"
"fno","3166","0.6047"
"fno","3167","0.9638"
"fno","3168","0.6951"
"fno","3169","0.6571"
"fno","3170","0.6237"
"fno","3171","0.6155"
"fno","3172","0.6170"
"fno","3173","0.6224"
"fno","3174","0.6080"
"fno","3175","0.6048"
"fno","3176","0.6225"
"fno","3177","0.9970"
"fno","3178","0.6057"
"fno","3179","0.6194"
"fno","3180","0.6109"
"fno","3181","1.2267"
"fno","3182","0.7223"
"fno","3183","0.6822"
"fno","3184","0.6474"
"fno","3185","0.6373"
"fno","3186","0.6205"
"fno","3187","0.6133"
"fno","3188","0.6121"
"fno","3189","0.6236"
"fno","3190","0.6226"
"fno","3191","0.6333"
"fno","3192","0.6218"
"fno","3193","0.6044"
"fno","3194","0.6309"
"fno","3195","0.6116"
"fno","3196","0.6159"
"fno","3197","0.6244"
"fno","3198","0.6279"
"fno","3199","0.6759"
"fno","3200","0.6275"
"fno","3201","0.6448"
"fno","3202","0.6341"
"fno","3203","0.9514"
"fno","3204","0.7198"
"fno","3205","0.6522"
"fno","3206","0.6827"
"fno","3207","0.6215"
"fno","3208","0.6361"
"fno","3209","0.9790"
"fno","3210","0.6225"
"fno","3211","0.6217"
"fno","3212","0.6289"
"fno","3213","0.6192"
"fno","3214","0.6266"
"fno","3215","0.6147"
"fno","3216","0.6191"
"fno","3217","0.6257"
"fno","3218","0.6123"
"fno","3219","0.9881"
"fno","3220","0.6223"
"fno","3221","0.6249"
"fno","3222","0.6397"
"fno","3223","0.6220"
"fno","3224","0.6877"
"fno","3225","0.8252"
"fno","3226","0.7200"
"fno","3227","0.6442"
"fno","3228","0.6411"
"fno","3229","0.8498"
"fno","3230","0.6337"
"fno","3231","0.6307"
"fno","3232","0.6551"
"fno","3233","0.6327"
"fno","3234","0.6267"
"fno","3235","0.6506"
"fno","3236","0.6303"
"fno","3237","0.6218"
"fno","3238","0.6598"
"fno","3239","0.6141"
"fno","3240","0.6515"
"fno","3241","0.6229"
"fno","3242","0.6475"
"fno","3243","0.6287"
"fno","3244","0.6827"
"fno","3245","0.6207"
"fno","3246","0.8274"
"fno","3247","0.7765"
"fno","3248","0.7015"
"fno","3249","0.6730"
"fno","3250","0.6575"
"fno","3251","0.6378"
"fno","3252","0.6237"
"fno","3253","0.8354"
"fno","3254","0.9410"
"fno","3255","0.7229"
"fno","3256","1.1097"
"fno","3257","0.6411"
"fno","3258","0.6270"
"fno","3259","0.8613"
"fno","3260","0.6194"
"fno","3261","0.6287"
"fno","3262","0.6566"
"fno","3263","0.6249"
"fno","3264","0.7185"
"fno","3265","1.6523"
"fno","3266","0.6634"
"fno","3267","1.0973"
"fno","3268","0.9364"
"fno","3269","0.6220"
"fno","3270","0.6212"
"fno","3271","0.6402"
"fno","3272","0.6388"
"fno","3273","0.7581"
"fno","3274","0.6904"
"fno","3275","0.7041"
"fno","3276","0.6217"
"fno","3277","0.6186"
"fno","3278","0.6215"
"fno","3279","0.6152"
"fno","3280","0.6369"
"fno","3281","0.6057"
"fno","3282","0.6151"
"fno","3283","1.2485"
"fno","3284","0.7390"
"fno","3285","0.6319"
"fno","3286","0.6075"
"fno","3287","0.6171"
"fno","3288","0.6285"
"fno","3289","0.9753"
"fno","3290","0.6173"
"fno","3291","0.6107"
"fno","3292","0.6219"
"fno","3293","0.6147"
"fno","3294","0.6105"
"fno","3295","0.6051"
"fno","3296","0.6146"
"fno","3297","0.7292"
"fno","3298","0.6349"
"fno","3299","1.0241"
"fno","3300","0.6111"
"fno","3301","0.6288"
"fno","3302","0.6181"
"fno","3303","0.6083"
"fno","3304","0.8998"
"fno","3305","0.6601"
"fno","3306","0.6696"
"fno","3307","0.6473"
"fno","3308","0.6338"
"fno","3309","1.0488"
"fno","3310","0.6178"
"fno","3311","0.6256"
"fno","3312","0.6397"
"fno","3313","0.6146"
"fno","3314","0.6335"
"fno","3315","0.6300"
"fno","3316","0.6137"
"fno","3317","0.6150"
"fno","3318","0.6281"
"fno","3319","0.6223"
"fno","3320","0.7286"
"fno","3321","0.6429"
"fno","3322","0.6720"
"fno","3323","0.6341"
"fno","3324","0.6350"
"fno","3325","0.6181"
"fno","3326","0.8510"
"fno","3327","0.7122"
"fno","3328","0.6450"
"fno","3329","0.6900"
"fno","3330","0.6119"
"fno","3331","0.6221"
"fno","3332","0.6246"
"fno","3333","0.6082"
"fno","3334","0.6306"
"fno","3335","0.6467"
"fno","3336","1.0941"
"fno","3337","0.6374"
"fno","3338","0.6180"
"fno","3339","0.6426"
"fno","3340","0.6280"
"fno","3341","0.6205"
"fno","3342","0.6436"
"fno","3343","0.6304"
"fno","3344","0.7635"
"fno","3345","0.6488"
"fno","3346","0.6710"
"fno","3347","0.7038"
"fno","3348","0.6561"
"fno","3349","0.6261"
"fno","3350","0.6261"
"fno","3351","0.6272"
"fno","3352","0.6096"
"fno","3353","0.6107"
"fno","3354","0.6181"
"fno","3355","0.6329"
"fno","3356","0.6202"
"fno","3357","0.6312"
"fno","3358","0.6302"
"fno","3359","0.6237"
"fno","3360","0.6152"
"fno","3361","0.6240"
"fno","3362","0.6177"
"fno","3363","0.6274"
"fno","3364","0.6184"
"fno","3365","0.6189"
"fno","3366","0.6229"
"fno","3367","0.6332"
"fno","3368","0.9213"
"fno","3369","0.8878"
"fno","3370","0.6517"
"fno","3371","0.6852"
"fno","3372","0.6221"
"fno","3373","0.6453"
"fno","3374","0.6317"
"fno","3375","0.7074"
"fno","3376","0.6223"
"fno","3377","0.6440"
"fno","3378","0.6412"
"fno","3379","0.6165"
"fno","3380","0.6156"
"fno","3381","0.6248"
"fno","3382","0.6150"
"fno","3383","0.6393"
"fno","3384","0.6266"
"fno","3385","0.6676"
"fno","3386","0.6211"
"fno","3387","0.6374"
"fno","3388","0.6129"
"fno","3389","0.6236"
"fno","3390","0.7411"
"fno","3391","0.9425"
"fno","3392","0.8905"
"fno","3393","0.6615"
"fno","3394","0.6614"
"fno","3395","0.6191"
"fno","3396","0.6318"
"fno","3397","0.7636"
"fno","3398","0.6059"
"fno","3399","0.6207"
"fno","3400","0.6156"
"fno","3401","0.6142"
"fno","3402","0.6202"
"fno","3403","0.6094"
"fno","3404","0.6240"
"fno","3405","0.6187"
"fno","3406","0.6176"
"fno","3407","0.6160"
"fno","3408","0.6153"
"fno","3409","0.6142"
"fno","3410","0.6225"
"fno","3411","1.5851"
"fno","3412","0.7549"
"fno","3413","0.6281"
"fno","3414","0.6070"
"fno","3415","0.9087"
"fno","3416","0.6247"
"fno","3417","0.6204"
"fno","3418","0.6168"
"fno","3419","0.6667"
"fno","3420","0.6134"
"fno","3421","0.7158"
"fno","3422","0.6039"
"fno","3423","0.6229"
"fno","3424","0.6091"
"fno","3425","0.6120"
"fno","3426","0.6104"
"fno","3427","0.6058"
"fno","3428","0.6072"
"fno","3429","0.6159"
"fno","3430","0.6146"
"fno","3431","1.7648"
"fno","3432","0.6421"
"fno","3433","0.6260"
"fno","3434","0.6199"
"fno","3435","0.6090"
"fno","3436","0.6041"
"fno","3437","0.6150"
"fno","3438","0.8452"
"fno","3439","0.6909"
"fno","3440","0.6310"
"fno","3441","0.6387"
"fno","3442","0.6311"
"fno","3443","0.6235"
"fno","3444","0.6265"
"fno","3445","0.6235"
"fno","3446","1.0023"
"fno","3447","0.6193"
"fno","3448","0.6159"
"fno","3449","0.6153"
"fno","3450","0.6376"
"fno","3451","0.6303"
"fno","3452","0.6218"
"fno","3453","0.7769"
"fno","3454","0.7550"
"fno","3455","0.6439"
"fno","3456","0.6505"
"fno","3457","0.8982"
"fno","3458","0.6224"
"fno","3459","0.6653"
"fno","3460","0.6254"
"fno","3461","0.6203"
"fno","3462","0.8977"
"fno","3463","0.7148"
"fno","3464","0.6270"
"fno","3465","0.6076"
"fno","3466","0.6336"
"fno","3467","0.6112"
"fno","3468","0.6305"
"fno","3469","0.6075"
"fno","3470","0.6281"
"fno","3471","0.6104"
"fno","3472","0.6091"
"fno","3473","1.4718"
"fno","3474","0.6180"
"fno","3475","0.6306"
"fno","3476","0.6051"
"fno","3477","0.6123"
"fno","3478","0.6334"
"fno","3479","0.6296"
"fno","3480","0.6021"
"fno","3481","0.6090"
"fno","3482","0.6240"
"fno","3483","0.6101"
"fno","3484","0.6142"
"fno","3485","0.6037"
"fno","3486","0.7468"
"fno","3487","0.6224"
"fno","3488","1.0321"
"fno","3489","0.6213"
"fno","3490","0.6077"
"fno","3491","0.6029"
"fno","3492","0.6084"
"fno","3493","0.6225"
"fno","3494","1.3939"
"fno","3495","0.7464"
"fno","3496","0.6406"
"fno","3497","0.6319"
"fno","3498","0.6643"
"fno","3499","0.6909"
"fno","3500","0.6479"
"fno","3501","0.7376"
"fno","3502","0.6281"
"fno","3503","0.6356"
"fno","3504","0.6262"
"fno","3505","0.6283"
"fno","3506","0.6276"
"fno","3507","0.6962"
"fno","3508","0.8497"
"fno","3509","0.6439"
"fno","3510","0.6333"
"fno","3511","0.6290"
"fno","3512","0.6064"
"fno","3513","0.6227"
"fno","3514","1.8286"
"fno","3515","0.6478"
"fno","3516","0.6361"
"fno","3517","1.0769"
"fno","3518","0.7130"
"fno","3519","0.6405"
"fno","3520","0.6595"
"fno","3521","0.6276"
"fno","3522","0.6609"
"fno","3523","0.6233"
"fno","3524","0.6460"
"fno","3525","0.6398"
"fno","3526","0.6237"
"fno","3527","0.6449"
"fno","3528","0.7116"
"fno","3529","0.7096"
"fno","3530","0.9930"
"fno","3531","0.6892"
"fno","3532","1.9176"
"fno","3533","0.8023"
"fno","3534","0.6527"
"fno","3535","0.7147"
"fno","3536","0.6258"
"fno","3537","0.6944"
"fno","3538","0.6939"
"fno","3539","0.6347"
"fno","3540","0.6296"
"fno","3541","0.6481"
"fno","3542","0.6252"
"fno","3543","0.6180"
"fno","3544","0.6312"
"fno","3545","0.6211"
"fno","3546","0.6297"
"fno","3547","0.6295"
"fno","3548","0.6926"
"fno","3549","0.6163"
"fno","3550","0.6201"
"fno","3551","0.7332"
"fno","3552","0.6556"
"fno","3553","0.6196"
"fno","3554","0.7147"
"fno","3555","0.6922"
"fno","3556","0.6229"
"fno","3557","0.6973"
"fno","3558","0.6641"
"fno","3559","0.6183"
"fno","3560","0.6198"
"fno","3561","0.6298"
"fno","3562","0.6116"
"fno","3563","0.6154"
"fno","3564","0.6087"
"fno","3565","0.6664"
"fno","3566","0.6228"
"fno","3567","0.6039"
"fno","3568","0.6263"
"fno","3569","0.6403"
"fno","3570","0.6327"
"fno","3571","0.6152"
"fno","3572","0.6205"
"fno","3573","0.6266"
"fno","3574","2.0276"
"fno","3575","0.6875"
"fno","3576","0.6238"
"fno","3577","0.6238"
"fno","3578","0.6175"
"fno","3579","0.6789"
"fno","3580","0.6171"
"fno","3581","0.6192"
"fno","3582","0.6034"
"fno","3583","0.6367"
"fno","3584","0.6046"
"fno","3585","0.6114"
"fno","3586","0.6123"
"fno","3587","0.6096"
"fno","3588","0.6234"
"fno","3589","0.6132"
"fno","3590","0.6210"
"fno","3591","0.7256"
"fno","3592","0.6058"
"fno","3593","0.6159"
"fno","3594","0.6091"
"fno","3595","1.9174"
"fno","3596","0.7782"
"fno","3597","0.7721"
"fno","3598","0.6302"
"fno","3599","0.6479"
"fno","3600","0.6137"
"fno","3601","0.6146"
"fno","3602","0.6195"
"fno","3603","0.6033"
"fno","3604","0.6068"
"fno","3605","0.6087"
"fno","3606","0.6205"
"fno","3607","0.7386"
"fno","3608","0.6215"
"fno","3609","0.6203"
"fno","3610","0.6033"
"fno","3611","0.6036"
"fno","3612","0.6208"
"fno","3613","0.6052"
"fno","3614","0.6051"
"fno","3615","1.5937"
"fno","3616","0.7345"
"fno","3617","0.6454"
"fno","3618","0.6392"
"fno","3619","0.6203"
"fno","3620","0.8941"
"fno","3621","0.6611"
"fno","3622","0.6292"
"fno","3623","0.6170"
"fno","3624","0.6182"
"fno","3625","0.6203"
"fno","3626","0.6108"
"fno","3627","0.6097"
"fno","3628","0.6231"
"fno","3629","0.6108"
"fno","3630","0.6116"
"fno","3631","0.6166"
"fno","3632","0.6147"
"fno","3633","0.6023"
"fno","3634","0.6117"
"fno","3635","0.6755"
"fno","3636","1.7799"
"fno","3637","0.6383"
"fno","3638","0.6245"
"fno","3639","0.6115"
"fno","3640","0.6062"
"fno","3641","0.6097"
"fno","3642","0.6237"
"fno","3643","0.6187"
"fno","3644","0.6828"
"fno","3645","0.6263"
"fno","3646","0.6072"
"fno","3647","0.6243"
"fno","3648","0.6201"
"fno","3649","0.6126"
"fno","3650","0.6069"
"fno","3651","0.6121"
"fno","3652","0.6027"
"fno","3653","0.6141"
"fno","3654","0.6093"
"fno","3655","0.6138"
"fno","3656","0.6078"
"fno","3657","1.5702"
"fno","3658","0.8239"
"fno","3659","0.6900"
"fno","3660","0.6622"
"fno","3661","0.6524"
"fno","3662","0.6599"
"fno","3663","0.6438"
"fno","3664","0.6331"
"fno","3665","0.6396"
"fno","3666","0.6424"
"fno","3667","0.8683"
"fno","3668","0.6358"
"fno","3669","0.6289"
"fno","3670","0.6313"
"fno","3671","0.6221"
"fno","3672","0.6319"
"fno","3673","0.6240"
"fno","3674","0.6083"
"fno","3675","0.6272"
"fno","3676","0.6115"
"fno","3677","0.6212"
"fno","3678","0.6557"
"fno","3679","0.6904"
"fno","3680","0.6740"
"fno","3681","0.6356"
"fno","3682","0.6125"
"fno","3683","0.6389"
"fno","3684","0.6177"
"fno","3685","0.6125"
"fno","3686","0.6133"
"fno","3687","0.6145"
"fno","3688","0.6041"
"fno","3689","0.7074"
"fno","3690","0.6563"
"fno","3691","0.6358"
"fno","3692","0.8051"
"fno","3693","0.6532"
"fno","3694","0.6240"
"fno","3695","0.6663"
"fno","3696","0.6166"
"fno","3697","0.6459"
"fno","3698","0.6192"
"fno","3699","0.6182"
"fno","3700","0.6385"
"fno","3701","1.0028"
"fno","3702","0.7193"
"fno","3703","0.6223"
"fno","3704","0.6451"
"fno","3705","0.6286"
"fno","3706","0.6198"
"fno","3707","0.6360"
"fno","3708","0.6352"
"fno","3709","0.6186"
"fno","3710","0.6369"
"fno","3711","0.6179"
"fno","3712","0.6308"
"fno","3713","0.6283"
"fno","3714","0.6240"
"fno","3715","0.6153"
"fno","3716","0.6159"
"fno","3717","1.0486"
"fno","3718","0.6388"
"fno","3719","0.6393"
"fno","3720","0.6418"
"fno","3721","0.6292"
"fno","3722","0.8781"
"fno","3723","0.7555"
"fno","3724","0.6494"
"fno","3725","0.6712"
"fno","3726","0.6378"
"fno","3727","0.6452"
"fno","3728","0.6301"
"fno","3729","0.6293"
"fno","3730","0.6271"
"fno","3731","0.6438"
"fno","3732","0.6315"
"fno","3733","0.6342"
"fno","3734","0.6375"
"fno","3735","0.6336"
"fno","3736","0.6318"
"fno","3737","0.6429"
"fno","3738","0.6383"
"fno","3739","0.6311"
"fno","3740","0.6434"
"fno","3741","0.7491"
"fno","3742","1.5776"
"fno","3743","0.6432"
"fno","3744","0.6434"
"fno","3745","0.6091"
"fno","3746","0.6173"
"fno","3747","0.6180"
"fno","3748","0.6096"
"fno","3749","0.6193"
"fno","3750","0.6102"
"fno","3751","0.6081"
"fno","3752","0.6218"
"fno","3753","0.6070"
"fno","3754","0.6067"
"fno","3755","0.6172"
"fno","3756","0.6089"
"fno","3757","0.6019"
"fno","3758","0.6207"
"fno","3759","0.6092"
"fno","3760","0.6051"
"fno","3761","0.6234"
"fno","3762","0.6035"
"fno","3763","0.6114"
"fno","3764","0.7166"
"fno","3765","0.7585"
"fno","3766","0.6308"
"fno","3767","0.6262"
"fno","3768","0.6430"
"fno","3769","0.6770"
"fno","3770","0.6246"
"fno","3771","0.6080"
"fno","3772","0.6030"
"fno","3773","0.6150"
"fno","3774","0.6139"
"fno","3775","0.6107"
"fno","3776","0.6050"
"fno","3777","0.6137"
"fno","3778","0.6081"
"fno","3779","0.6152"
"fno","3780","0.6249"
"fno","3781","0.6084"
"fno","3782","0.6021"
"fno","3783","0.6099"
"fno","3784","0.6133"
"fno","3785","0.6202"
"fno","3786","1.3780"
"fno","3787","0.8980"
"fno","3788","0.9086"
"fno","3789","0.9229"
"fno","3790","0.6441"
"fno","3791","0.6190"
"fno","3792","0.6470"
"fno","3793","0.6165"
"fno","3794","0.6103"
"fno","3795","0.6316"
"fno","3796","0.6129"
"fno","3797","0.6315"
"fno","3798","0.6044"
"fno","3799","0.6254"
"fno","3800","0.6436"
"fno","3801","0.6032"
"fno","3802","0.6437"
"fno","3803","0.6068"
"fno","3804","0.6101"
"fno","3805","0.6483"
"fno","3806","1.7493"
"fno","3807","0.8261"
"fno","3808","0.6503"
"fno","3809","0.6422"
"fno","3810","0.6270"
"fno","3811","0.7884"
"fno","3812","0.7036"
"fno","3813","0.6623"
"fno","3814","0.6851"
"fno","3815","0.6495"
"fno","3816","0.6489"
"fno","3817","0.6689"
"fno","3818","0.6521"
"fno","3819","0.6491"
"fno","3820","0.6590"
"fno","3821","0.6555"
"fno","3822","0.6490"
"fno","3823","0.6633"
"fno","3824","0.6500"
"fno","3825","0.6557"
"fno","3826","1.9011"
"fno","3827","0.6241"
"fno","3828","0.6195"
"fno","3829","0.6079"
"fno","3830","0.6467"
"fno","3831","0.6045"
"fno","3832","0.6391"
"fno","3833","0.9409"
"fno","3834","0.6273"
"fno","3835","0.7520"
"fno","3836","0.6335"
"fno","3837","0.6332"
"fno","3838","0.6359"
"fno","3839","0.6152"
"fno","3840","0.6204"
"fno","3841","0.6232"
"fno","3842","0.6174"
"fno","3843","0.6213"
"fno","3844","0.6265"
"fno","3845","0.6212"
"fno","3846","1.9193"
"fno","3847","0.6437"
"fno","3848","0.6199"
"fno","3849","0.6143"
"fno","3850","0.6318"
"fno","3851","0.6248"
"fno","3852","0.6108"
"fno","3853","0.6185"
"fno","3854","0.6070"
"fno","3855","0.7076"
"fno","3856","1.0063"
"fno","3857","0.9546"
"fno","3858","1.1127"
"fno","3859","0.9974"
"fno","3860","1.2231"
"fno","3861","0.7551"
"fno","3862","0.6885"
"fno","3863","2.1257"
"fno","3864","0.6642"
"fno","3865","0.6448"
"fno","3866","1.2465"
"fno","3867","0.6525"
"fno","3868","1.1071"
"fno","3869","1.0908"
"fno","3870","0.9046"
"fno","3871","1.7529"
"fno","3872","0.9390"
"fno","3873","1.1681"
"fno","3874","0.7416"
"fno","3875","0.6791"
"fno","3876","2.7189"
"fno","3877","0.8220"
"fno","3878","1.9003"
"fno","3879","0.7126"
"fno","3880","1.0317"
"fno","3881","0.7039"
"fno","3882","1.1414"
"fno","3883","0.8883"
"fno","3884","0.6826"
"fno","3885","0.8373"
"fno","3886","0.7959"
"fno","3887","0.6877"
"fno","3888","0.7087"
"fno","3889","4.2925"
"fno","3890","1.4583"
"fno","3891","0.7278"
"fno","3892","0.7050"
"fno","3893","0.8421"
"fno","3894","1.3164"
"fno","3895","0.6686"
"fno","3896","0.7367"
"fno","3897","0.6963"
"fno","3898","0.6695"
"fno","3899","0.7102"
"fno","3900","0.6672"
"fno","3901","0.7433"
"fno","3902","0.6386"
"fno","3903","2.2654"
"fno","3904","0.7315"
"fno","3905","0.6591"
"fno","3906","0.6156"
"fno","3907","0.6505"
"fno","3908","0.6171"
"fno","3909","0.6135"
"fno","3910","0.6145"
"fno","3911","0.6141"
"fno","3912","0.6520"
"fno","3913","0.8211"
"fno","3914","0.6153"
"fno","3915","0.7311"
"fno","3916","0.6370"
"fno","3917","0.6150"
"fno","3918","0.6152"
"fno","3919","0.6241"
"fno","3920","0.6646"
"fno","3921","0.6099"
"fno","3922","0.6247"
"fno","3923","2.1770"
"fno","3924","0.7771"
"fno","3925","0.6891"
"fno","3926","0.6712"
"fno","3927","0.6711"
"fno","3928","0.7143"
"fno","3929","0.9204"
"fno","3930","0.7418"
"fno","3931","0.7132"
"fno","3932","0.7287"
"fno","3933","0.7116"
"fno","3934","0.7278"
"fno","3935","0.6871"
"fno","3936","0.6853"
"fno","3937","1.0655"
"fno","3938","0.6915"
"fno","3939","0.6767"
"fno","3940","2.2529"
"fno","3941","1.2231"
"fno","3942","1.2131"
"fno","3943","0.7038"
"fno","3944","0.7965"
"fno","3945","0.9485"
"fno","3946","0.7041"
"fno","3947","0.6148"
"fno","3948","0.6502"
"fno","3949","0.6385"
"fno","3950","0.6447"
"fno","3951","0.7535"
"fno","3952","0.7905"
"fno","3953","0.8562"
"fno","3954","0.9813"
"fno","3955","0.6870"
"fno","3956","1.0609"
"fno","3957","0.6306"
"fno","3958","0.8505"
"fno","3959","0.6229"
"fno","3960","1.2170"
"fno","3961","0.7096"
"fno","3962","0.8011"
"fno","3963","0.6748"
"fno","3964","0.8237"
"fno","3965","2.0462"
"fno","3966","1.6259"
"fno","3967","2.0002"
"fno","3968","0.9468"
"fno","3969","1.7620"
"fno","3970","0.7754"
"fno","3971","0.8401"
"fno","3972","1.8155"
"fno","3973","0.9286"
"fno","3974","0.6570"
"fno","3975","1.4039"
"fno","3976","0.6312"
"fno","3977","0.6637"
"fno","3978","0.6743"
"fno","3979","0.7603"
"fno","3980","0.6475"
"fno","3981","0.6466"
"fno","3982","0.6073"
"fno","3983","0.6238"
"fno","3984","0.6399"
"fno","3985","1.0900"
"fno","3986","0.6527"
"fno","3987","0.6621"
"fno","3988","0.8826"
"fno","3989","0.6217"
"fno","3990","0.6218"
"fno","3991","0.7209"
"fno","3992","0.6712"
"fno","3993","0.6488"
"fno","3994","0.6492"
"fno","3995","0.9827"
"fno","3996","0.6943"
"fno","3997","0.6876"
"fno","3998","0.6501"
"fno","3999","0.6310"
"fno","4000","0.6246"
"fno","4001","0.6560"
"fno","4002","0.6262"
"fno","4003","0.6333"
"fno","4004","0.6215"
"fno","4005","0.6262"
"fno","4006","1.8669"
"fno","4007","0.6221"
"fno","4008","0.6340"
"fno","4009","0.6297"
"fno","4010","0.6519"
"fno","4011","0.6107"
"fno","4012","0.6309"
"fno","4013","0.6259"
"fno","4014","0.6174"
"fno","4015","0.6554"
"fno","4016","0.6557"
"fno","4017","1.4033"
"fno","4018","0.6487"
"fno","4019","0.8184"
"fno","4020","0.6140"
"fno","4021","0.6568"
"fno","4022","0.6103"
"fno","4023","0.6148"
"fno","4024","0.7412"
"fno","4025","1.1408"
"fno","4026","0.9603"
"fno","4027","0.8279"
"fno","4028","0.6498"
"fno","4029","0.6370"
"fno","4030","0.6300"
"fno","4031","0.6591"
"fno","4032","0.6245"
"fno","4033","0.6560"
"fno","4034","0.6384"
"fno","4035","0.6543"
"fno","4036","0.7103"
"fno","4037","0.6845"
"fno","4038","0.7620"
"fno","4039","0.7001"
"fno","4040","0.6465"
"fno","4041","0.6430"
"fno","4042","0.6579"
"fno","4043","0.6312"
"fno","4044","0.6357"
"fno","4045","2.2732"
"fno","4046","0.6562"
"fno","4047","0.6509"
"fno","4048","0.6393"
"fno","4049","0.6298"
"fno","4050","0.6217"
"fno","4051","0.6353"
"fno","4052","0.6288"
"fno","4053","0.6294"
"fno","4054","0.6346"
"fno","4055","0.6243"
"fno","4056","0.6254"
"fno","4057","0.6361"
"fno","4058","0.6407"
"fno","4059","0.6224"
"fno","4060","0.7650"
"fno","4061","0.6537"
"fno","4062","0.6319"
"fno","4063","0.6129"
"fno","4064","1.0388"
"fno","4065","0.9808"
"fno","4066","0.6278"
"fno","4067","0.6712"
"fno","4068","0.6396"
"fno","4069","0.6118"
"fno","4070","0.6136"
"fno","4071","0.6519"
"fno","4072","0.6206"
"fno","4073","0.6297"
"fno","4074","0.6352"
"fno","4075","0.6107"
"fno","4076","0.7446"
"fno","4077","0.6362"
"fno","4078","0.6144"
"fno","4079","0.6083"
"fno","4080","0.7998"
"fno","4081","0.6820"
"fno","4082","0.8104"
"fno","4083","0.6538"
"fno","4084","0.6250"
"fno","4085","1.9800"
"fno","4086","0.6284"
"fno","4087","0.6090"
"fno","4088","0.6172"
"fno","4089","0.6109"
"fno","4090","0.6383"
"fno","4091","0.6254"
"fno","4092","0.6495"
"fno","4093","0.9230"
"fno","4094","0.7424"
"fno","4095","0.6240"
"fno","4096","0.6214"
"fno","4097","0.6675"
"fno","4098","0.7954"
"fno","4099","0.6673"
"fno","4100","0.6766"
"fno","4101","0.6324"
"fno","4102","0.6640"
"fno","4103","0.6358"
"fno","4104","2.3169"
"fno","4105","0.6731"
"fno","4106","0.6319"
"fno","4107","0.6496"
"fno","4108","0.7450"
"fno","4109","0.6262"
"fno","4110","0.6367"
"fno","4111","1.0893"
"fno","4112","0.6499"
"fno","4113","0.7110"
"fno","4114","0.6364"
"fno","4115","0.6305"
"fno","4116","0.6392"
"fno","4117","0.6356"
"fno","4118","0.6410"
"fno","4119","0.6860"
"fno","4120","0.6251"
"fno","4121","0.6569"
"fno","4122","2.4134"
"fno","4123","0.6832"
"fno","4124","0.6624"
"fno","4125","0.6450"
"fno","4126","0.6343"
"fno","4127","0.6817"
"fno","4128","0.6362"
"fno","4129","0.7046"
"fno","4130","1.0186"
"fno","4131","0.7074"
"fno","4132","0.6307"
"fno","4133","0.6357"
"fno","4134","0.6271"
"fno","4135","0.7014"
"fno","4136","0.6452"
"fno","4137","0.6253"
"fno","4138","0.6566"
"fno","4139","0.6670"
"fno","4140","0.6247"
"fno","4141","2.0653"
"fno","4142","0.6249"
"fno","4143","0.6506"
"fno","4144","0.7809"
"fno","4145","0.6591"
"fno","4146","0.7029"
"fno","4147","0.6449"
"fno","4148","0.6458"
"fno","4149","0.6493"
"fno","4150","0.6392"
"fno","4151","0.6298"
"fno","4152","0.6465"
"fno","4153","0.6317"
"fno","4154","0.6393"
"fno","4155","0.6436"
"fno","4156","0.6797"
"fno","4157","0.6376"
"fno","4158","0.6389"
"fno","4159","0.6357"
"fno","4160","0.6363"
"fno","4161","0.6624"
"fno","4162","0.8235"
"fno","4163","0.8290"
"fno","4164","0.8191"
"fno","4165","0.7619"
"fno","4166","0.6815"
"fno","4167","0.7792"
"fno","4168","0.8389"
"fno","4169","0.7647"
"fno","4170","0.6452"
"fno","4171","0.9196"
"fno","4172","0.6278"
"fno","4173","1.5481"
"fno","4174","0.6421"
"fno","4175","1.0637"
"fno","4176","0.6555"
"fno","4177","0.6411"
"fno","4178","0.6308"
"fno","4179","0.6284"
"fno","4180","0.6567"
"fno","4181","0.8151"
"fno","4182","0.6320"
"fno","4183","0.6527"
"fno","4184","0.6258"
"fno","4185","0.6414"
"fno","4186","0.6181"
"fno","4187","0.6156"
"fno","4188","0.6173"
"fno","4189","0.7343"
"fno","4190","0.7072"
"fno","4191","0.6357"
"fno","4192","0.6236"
"fno","4193","0.6723"
"fno","4194","0.6807"
"fno","4195","0.6380"
"fno","4196","0.6136"
"fno","4197","0.6453"
"fno","4198","3.2851"
"fno","4199","0.7270"
"fno","4200","0.6610"
"fno","4201","0.6264"
"fno","4202","0.6144"
"fno","4203","0.6095"
"fno","4204","0.6184"
"fno","4205","1.0326"
"fno","4206","0.6105"
"fno","4207","0.7256"
"fno","4208","0.7902"
"fno","4209","0.6679"
"fno","4210","0.6688"
"fno","4211","0.6316"
"fno","4212","0.6512"
"fno","4213","0.6489"
"fno","4214","0.6648"
"fno","4215","0.6282"
"fno","4216","0.6306"
"fno","4217","0.6476"
"fno","4218","0.6167"
"fno","4219","0.6657"
"fno","4220","0.6118"
"fno","4221","0.6533"
"fno","4222","0.6404"
"fno","4223","0.6226"
"fno","4224","0.6297"
"fno","4225","0.6316"
"fno","4226","0.6211"
"fno","4227","0.6255"
"fno","4228","0.6271"
"fno","4229","0.6283"
"fno","4230","0.6753"
"fno","4231","0.6063"
"fno","4232","0.6243"
"fno","4233","0.7506"
"fno","4234","0.6455"
"fno","4235","0.6311"
"fno","4236","0.6131"
"fno","4237","0.6141"
"fno","4238","0.6320"
"fno","4239","0.6121"
"fno","4240","2.2950"
"fno","4241","0.6303"
"fno","4242","0.6523"
"fno","4243","0.6279"
"fno","4244","0.6202"
"fno","4245","0.6185"
"fno","4246","0.6056"
"fno","4247","0.6082"
"fno","4248","0.6669"
"fno","4249","0.6143"
"fno","4250","0.6100"
"fno","4251","0.6516"
"fno","4252","0.6151"
"fno","4253","0.6062"
"fno","4254","0.6228"
"fno","4255","0.7464"
"fno","4256","0.6392"
"fno","4257","0.6336"
"fno","4258","0.6239"
"fno","4259","0.6203"
"fno","4260","0.6224"
"fno","4261","0.6538"
"fno","4262","0.7057"
"fno","4263","0.6699"
"fno","4264","0.6325"
"fno","4265","0.6078"
"fno","4266","0.6484"
"fno","4267","0.6228"
"fno","4268","0.6119"
"fno","4269","0.6869"
"fno","4270","0.6779"
"fno","4271","0.6262"
"fno","4272","0.6116"
"fno","4273","0.6531"
"fno","4274","0.6359"
"fno","4275","0.6344"
"fno","4276","0.6330"
"fno","4277","0.7351"
"fno","4278","0.7523"
"fno","4279","0.6969"
"fno","4280","0.6349"
"fno","4281","2.7698"
"fno","4282","0.6887"
"fno","4283","0.6425"
"fno","4284","0.7661"
"fno","4285","0.6599"
"fno","4286","0.6554"
"fno","4287","0.6490"
"fno","4288","0.6434"
"fno","4289","0.6313"
"fno","4290","0.6521"
"fno","4291","0.6678"
"fno","4292","0.6401"
"fno","4293","0.6400"
"fno","4294","0.6371"
"fno","4295","0.6331"
"fno","4296","0.6547"
"fno","4297","0.6219"
"fno","4298","0.6918"
"fno","4299","0.6747"
"fno","4300","1.0983"
"fno","4301","0.6412"
"fno","4302","0.7722"
"fno","4303","0.6572"
"fno","4304","0.6427"
"fno","4305","0.6509"
"fno","4306","0.6653"
"fno","4307","0.7326"
"fno","4308","0.6273"
"fno","4309","0.6658"
"fno","4310","0.6331"
"fno","4311","0.6668"
"fno","4312","0.6281"
"fno","4313","0.7315"
"fno","4314","0.6170"
"fno","4315","0.6183"
"fno","4316","0.6212"
"fno","4317","0.6691"
"fno","4318","0.6325"
"fno","4319","0.6073"
"fno","4320","0.6420"
"fno","4321","0.6205"
"fno","4322","0.7624"
"fno","4323","0.8958"
"fno","4324","0.6441"
"fno","4325","0.6723"
"fno","4326","0.6365"
"fno","4327","0.7537"
"fno","4328","0.6473"
"fno","4329","0.6748"
"fno","4330","0.6314"
"fno","4331","0.6357"
"fno","4332","0.6908"
"fno","4333","0.6297"
"fno","4334","0.6405"
"fno","4335","0.6352"
"fno","4336","0.6584"
"fno","4337","0.6245"
"fno","4338","0.6287"
"fno","4339","0.6110"
"fno","4340","0.6211"
"fno","4341","0.6775"
"fno","4342","0.6213"
"fno","4343","0.6161"
"fno","4344","0.6187"
"fno","4345","0.6253"
"fno","4346","0.6848"
"fno","4347","0.6826"
"fno","4348","0.6843"
"fno","4349","0.6427"
"fno","4350","0.6661"
"fno","4351","0.6588"
"fno","4352","0.6288"
"fno","4353","0.6589"
"fno","4354","0.7328"
"fno","4355","0.6523"
"fno","4356","0.6715"
"fno","4357","0.6643"
"fno","4358","0.6323"
"fno","4359","0.6397"
"fno","4360","0.6683"
"fno","4361","0.6503"
"fno","4362","0.6470"
"fno","4363","0.7053"
"fno","4364","2.5545"
"fno","4365","0.6670"
"fno","4366","0.6550"
"fno","4367","0.7655"
"fno","4368","0.6676"
"fno","4369","0.6282"
"fno","4370","0.6703"
"fno","4371","0.6546"
"fno","4372","0.6725"
"fno","4373","0.6311"
"fno","4374","0.6528"
"fno","4375","0.6246"
"fno","4376","0.6996"
"fno","4377","0.6411"
"fno","4378","0.6210"
"fno","4379","0.6234"
"fno","4380","0.6595"
"fno","4381","0.6684"
"fno","4382","2.1721"
"fno","4383","0.6754"
"fno","4384","0.6374"
"fno","4385","0.6331"
"fno","4386","0.6284"
"fno","4387","0.6669"
"fno","4388","0.6904"
"fno","4389","0.6237"
"fno","4390","0.6263"
"fno","4391","0.6131"
"fno","4392","0.6225"
"fno","4393","0.6219"
"fno","4394","0.6076"
"fno","4395","0.6158"
"fno","4396","0.6208"
"fno","4397","0.6161"
"fno","4398","0.6247"
"fno","4399","0.6086"
"fno","4400","0.6209"
"fno","4401","0.6340"
"fno","4402","0.6095"
"fno","4403","2.3733"
"fno","4404","0.6215"
"fno","4405","0.6280"
"fno","4406","0.6462"
"fno","4407","0.6052"
"fno","4408","0.6341"
"fno","4409","0.6082"
"fno","4410","0.6138"
"fno","4411","0.7170"
"fno","4412","0.6411"
"fno","4413","0.6422"
"fno","4414","0.6203"
"fno","4415","0.6105"
"fno","4416","0.6427"
"fno","4417","0.6054"
"fno","4418","0.6165"
"fno","4419","0.6111"
"fno","4420","0.6173"
"fno","4421","0.6140"
"fno","4422","0.6163"
"fno","4423","1.9026"
"fno","4424","0.6260"
"fno","4425","0.6061"
"fno","4426","0.6078"
"fno","4427","0.6196"
"fno","4428","0.6228"
"fno","4429","0.6071"
"fno","4430","0.6231"
"fno","4431","0.6119"
"fno","4432","0.6084"
"fno","4433","0.6249"
"fno","4434","0.6073"
"fno","4435","0.6460"
"fno","4436","0.6408"
"fno","4437","0.6252"
"fno","4438","0.6138"
"fno","4439","0.6176"
"fno","4440","0.6124"
"fno","4441","0.6080"
"fno","4442","0.6229"
"fno","4443","0.6127"
"fno","4444","1.4967"
"fno","4445","0.8235"
"fno","4446","0.7131"
"fno","4447","0.6216"
"fno","4448","0.6374"
"fno","4449","0.6103"
"fno","4450","0.6159"
"fno","4451","0.6120"
"fno","4452","0.6162"
"fno","4453","0.6211"
"fno","4454","0.6128"
"fno","4455","0.6137"
"fno","4456","0.6174"
"fno","4457","0.7625"
"fno","4458","0.6689"
"fno","4459","0.6694"
"fno","4460","0.6716"
"fno","4461","0.6456"
"fno","4462","0.6598"
"fno","4463","0.6351"
"fno","4464","1.6835"
"fno","4465","0.6801"
"fno","4466","0.6338"
"fno","4467","0.6376"
"fno","4468","0.6260"
"fno","4469","0.6291"
"fno","4470","0.6294"
"fno","4471","0.6397"
"fno","4472","0.6228"
"fno","4473","0.6449"
"fno","4474","0.6385"
"fno","4475","0.6224"
"fno","4476","0.6217"
"fno","4477","0.6488"
"fno","4478","0.6251"
"fno","4479","0.6573"
"fno","4480","0.6432"
"fno","4481","0.6296"
"fno","4482","0.6568"
"fno","4483","0.6724"
"fno","4484","0.6400"
"fno","4485","0.6477"
"fno","4486","0.6712"
"fno","4487","0.6236"
"fno","4488","0.6394"
"fno","4489","0.6065"
"fno","4490","0.7274"
"fno","4491","0.6223"
"fno","4492","0.6089"
"fno","4493","0.6335"
"fno","4494","0.6960"
"fno","4495","0.6281"
"fno","4496","0.6832"
"fno","4497","1.4263"
"fno","4498","0.8809"
"fno","4499","0.9316"
"fno","4500","0.6494"
"fno","4501","0.6272"
"fno","4502","0.7966"
"fno","4503","0.6343"
"fno","4504","0.7036"
"fno","4505","0.6312"
"fno","4506","0.7444"
"fno","4507","0.9454"
"fno","4508","0.7510"
"fno","4509","0.6264"
"fno","4510","0.6570"
"fno","4511","0.6582"
"fno","4512","1.7296"
"fno","4513","0.6180"
"fno","4514","0.6092"
"fno","4515","0.6169"
"fno","4516","0.6079"
"fno","4517","0.6539"
"fno","4518","0.6204"
"fno","4519","0.6165"
"fno","4520","0.6071"
"fno","4521","0.6137"
"fno","4522","0.6261"
"fno","4523","0.8546"
"fno","4524","0.8095"
"fno","4525","0.6963"
"fno","4526","0.8604"
"fno","4527","0.8948"
"fno","4528","0.6539"
"fno","4529","0.6711"
"fno","4530","0.6636"
"fno","4531","0.6087"
"fno","4532","0.6328"
"fno","4533","0.6170"
"fno","4534","0.6165"
"fno","4535","0.6173"
"fno","4536","0.6457"
"fno","4537","0.6074"
"fno","4538","0.6269"
"fno","4539","0.6130"
"fno","4540","0.6116"
"fno","4541","0.6484"
"fno","4542","0.6174"
"fno","4543","0.6063"
"fno","4544","0.6054"
"fno","4545","1.9771"
"fno","4546","0.7642"
"fno","4547","0.7110"
"fno","4548","0.6512"
"fno","4549","0.6375"
"fno","4550","0.6593"
"fno","4551","0.6402"
"fno","4552","0.6633"
"fno","4553","0.6645"
"fno","4554","0.6447"
"fno","4555","0.6528"
"fno","4556","0.6621"
"fno","4557","0.6275"
"fno","4558","0.6190"
"fno","4559","0.6804"
"fno","4560","0.6191"
"fno","4561","0.6232"
"fno","4562","0.6682"
"fno","4563","0.6235"
"fno","4564","0.6219"
"fno","4565","0.6464"
"fno","4566","0.6323"
"fno","4567","0.6238"
"fno","4568","0.8717"
"fno","4569","0.6450"
"fno","4570","0.6375"
"fno","4571","0.6544"
"fno","4572","0.6318"
"fno","4573","0.6303"
"fno","4574","0.6950"
"fno","4575","0.6218"
"fno","4576","0.6232"
"fno","4577","0.6826"
"fno","4578","0.6406"
"fno","4579","0.6387"
"fno","4580","0.6359"
"fno","4581","0.6534"
"fno","4582","0.6536"
"fno","4583","0.6300"
"fno","4584","0.6192"
"fno","4585","0.6207"
"fno","4586","0.6245"
"fno","4587","0.6431"
"fno","4588","0.6366"
"fno","4589","0.6272"
"fno","4590","0.6306"
"fno","4591","0.6537"
"fno","4592","0.6722"
"fno","4593","0.6232"
"fno","4594","0.6180"
"fno","4595","0.6934"
"fno","4596","0.9860"
"fno","4597","1.3724"
"fno","4598","0.6985"
"fno","4599","1.3347"
"fno","4600","0.6637"
"fno","4601","0.6941"
"fno","4602","0.9827"
"fno","4603","0.6330"
"fno","4604","0.7727"
"fno","4605","2.4500"
"fno","4606","1.6256"
"fno","4607","0.7281"
"fno","4608","0.8813"
"fno","4609","0.8665"
"fno","4610","0.8425"
"fno","4611","0.6667"
"fno","4612","0.7337"
"fno","4613","0.6410"
"fno","4614","0.6346"
"fno","4615","0.6433"
"fno","4616","0.6910"
"fno","4617","0.7279"
"fno","4618","0.6469"
"fno","4619","0.6250"
"fno","4620","0.6191"
"fno","4621","0.6353"
"fno","4622","0.6118"
"fno","4623","0.6178"
"fno","4624","0.7258"
"fno","4625","0.6950"
"fno","4626","0.6536"
"fno","4627","0.6869"
"fno","4628","0.6352"
"fno","4629","2.2260"
"fno","4630","0.6567"
"fno","4631","0.6626"
"fno","4632","0.6135"
"fno","4633","0.6129"
"fno","4634","0.7363"
"fno","4635","0.6402"
"fno","4636","0.6589"
"fno","4637","1.1851"
"fno","4638","0.6719"
"fno","4639","0.6654"
"fno","4640","0.6579"
"fno","4641","0.6376"
"fno","4642","0.6376"
"fno","4643","0.9990"
"fno","4644","0.7002"
"fno","4645","1.9779"
"fno","4646","0.6578"
"fno","4647","0.6589"
"fno","4648","0.6253"
"fno","4649","0.6354"
"fno","4650","0.8432"
"fno","4651","0.6955"
"fno","4652","0.6324"
"fno","4653","0.6874"
"fno","4654","0.6268"
"fno","4655","0.6554"
"fno","4656","2.1975"
"fno","4657","2.7785"
"fno","4658","1.5340"
"fno","4659","0.8235"
"fno","4660","0.6632"
"fno","4661","0.6496"
"fno","4662","0.6304"
"fno","4663","1.1426"
"fno","4664","2.1999"
"fno","4665","1.6419"
"fno","4666","1.4701"
"fno","4667","1.4568"
"fno","4668","1.5870"
"fno","4669","0.9757"
"fno","4670","2.1624"
"fno","4671","1.7767"
"fno","4672","1.0100"
"fno","4673","0.6859"
"fno","4674","0.6388"
"fno","4675","0.8037"
"fno","4676","0.7688"
"fno","4677","1.1581"
"fno","4678","0.8838"
"fno","4679","0.8527"
"fno","4680","0.6890"
"fno","4681","0.6849"
"fno","4682","0.6760"
"fno","4683","0.6537"
"fno","4684","0.6393"
"fno","4685","0.6446"
"fno","4686","0.6418"
"fno","4687","0.6368"
"fno","4688","0.6417"
"fno","4689","0.6364"
"fno","4690","0.6558"
"fno","4691","0.6330"
"fno","4692","0.6729"
"fno","4693","0.6290"
"fno","4694","0.6277"
"fno","4695","0.6384"
"fno","4696","1.2466"
"fno","4697","0.7311"
"fno","4698","0.6382"
"fno","4699","1.1517"
"fno","4700","0.6631"
"fno","4701","0.6229"
"fno","4702","0.6154"
"fno","4703","0.7712"
"fno","4704","0.6334"
"fno","4705","0.6705"
"fno","4706","0.6423"
"fno","4707","0.6488"
"fno","4708","0.6230"
"fno","4709","0.6242"
"fno","4710","0.6378"
"fno","4711","0.6443"
"fno","4712","0.6219"
"fno","4713","0.6371"
"fno","4714","0.6200"
"fno","4715","0.6200"
"fno","4716","0.6357"
"fno","4717","0.6174"
"fno","4718","0.6123"
"fno","4719","0.6437"
"fno","4720","0.6466"
"fno","4721","0.7891"
"fno","4722","0.6222"
"fno","4723","0.6739"
"fno","4724","0.6930"
"fno","4725","0.7107"
"fno","4726","1.0041"
"fno","4727","1.1421"
"fno","4728","0.6432"
"fno","4729","0.6349"
"fno","4730","0.6537"
"fno","4731","0.6223"
"fno","4732","0.6177"
"fno","4733","0.6259"
"fno","4734","0.6966"
"fno","4735","0.6615"
"fno","4736","0.6251"
"fno","4737","0.6300"
"fno","4738","0.6244"
"fno","4739","0.6277"
"fno","4740","0.6120"
"fno","4741","0.6214"
"fno","4742","0.6138"
"fno","4743","0.6539"
"fno","4744","0.6667"
"fno","4745","0.6153"
"fno","4746","0.7752"
"fno","4747","0.6440"
"fno","4748","0.6403"
"fno","4749","0.6672"
"fno","4750","0.6669"
"fno","4751","0.6403"
"fno","4752","0.6583"
"fno","4753","0.6264"
"fno","4754","0.6207"
"fno","4755","0.6174"
"fno","4756","0.6117"
"fno","4757","0.6263"
"fno","4758","0.6455"
"fno","4759","0.6671"
"fno","4760","0.6242"
"fno","4761","0.6142"
"fno","4762","0.6279"
"fno","4763","0.6172"
"fno","4764","0.6463"
"fno","4765","1.5023"
"fno","4766","0.6250"
"fno","4767","0.6228"
"fno","4768","0.6413"
"fno","4769","0.8737"
"fno","4770","0.6561"
"fno","4771","0.6393"
"fno","4772","1.4585"
"fno","4773","0.6292"
"fno","4774","0.6132"
"fno","4775","0.6155"
"fno","4776","0.6236"
"fno","4777","0.6257"
"fno","4778","0.6187"
"fno","4779","0.6206"
"fno","4780","0.6131"
"fno","4781","0.6139"
"fno","4782","0.6241"
"fno","4783","0.6163"
"fno","4784","0.6613"
"fno","4785","0.6597"
"fno","4786","0.6731"
"fno","4787","0.6610"
"fno","4788","0.7481"
"fno","4789","1.9405"
"fno","4790","0.8851"
"fno","4791","0.6811"
"fno","4792","0.6548"
"fno","4793","0.6187"
"fno","4794","0.6234"
"fno","4795","0.6219"
"fno","4796","0.6276"
"fno","4797","0.6193"
"fno","4798","0.6151"
"fno","4799","0.6263"
"fno","4800","1.9093"
"fno","4801","0.6222"
"fno","4802","1.8087"
"fno","4803","0.7231"
"fno","4804","0.6506"
"fno","4805","0.6426"
"fno","4806","0.6387"
"fno","4807","0.6166"
"fno","4808","0.6222"
"fno","4809","0.8262"
"fno","4810","0.6747"
"fno","4811","0.6301"
"fno","4812","0.6141"
"fno","4813","0.6382"
"fno","4814","0.6282"
"fno","4815","0.6203"
"fno","4816","0.6279"
"fno","4817","0.6227"
"fno","4818","0.6241"
"fno","4819","0.6183"
"fno","4820","0.6133"
"fno","4821","0.6267"
"fno","4822","0.6257"
"fno","4823","0.6222"
"fno","4824","1.5449"
"fno","4825","0.8269"
"fno","4826","0.6388"
"fno","4827","0.6518"
"fno","4828","1.1906"
"fno","4829","0.6295"
"fno","4830","0.6157"
"fno","4831","0.6241"
"fno","4832","0.7283"
"fno","4833","0.6282"
"fno","4834","0.6219"
"fno","4835","0.6401"
"fno","4836","0.6161"
"fno","4837","0.6124"
"fno","4838","0.6225"
"fno","4839","0.6178"
"fno","4840","0.6218"
"fno","4841","0.6156"
"fno","4842","0.6238"
"fno","4843","0.6174"
"fno","4844","0.7238"
"fno","4845","0.7690"
"fno","4846","0.7011"
"fno","4847","0.6496"
"fno","4848","0.6536"
"fno","4849","0.6634"
"fno","4850","0.6452"
"fno","4851","0.6491"
"fno","4852","0.6559"
"fno","4853","0.6405"
"fno","4854","0.6580"
"fno","4855","0.6751"
"fno","4856","0.6446"
"fno","4857","0.7007"
"fno","4858","0.6423"
"fno","4859","0.9031"
"fno","4860","0.6484"
"fno","4861","0.6390"
"fno","4862","0.6240"
"fno","4863","0.6528"
"fno","4864","0.6573"
"fno","4865","0.7673"
"fno","4866","0.6767"
"fno","4867","0.6599"
"fno","4868","1.5394"
"fno","4869","0.6352"
"fno","4870","0.6231"
"fno","4871","0.6160"
"fno","4872","0.6342"
"fno","4873","0.6351"
"fno","4874","0.6301"
"fno","4875","0.6231"
"fno","4876","0.6148"
"fno","4877","0.6220"
"fno","4878","0.6221"
"fno","4879","0.6103"
"fno","4880","1.3825"
"fno","4881","0.7402"
"fno","4882","0.6718"
"fno","4883","0.6554"
"fno","4884","0.7018"
"fno","4885","0.7833"
"fno","4886","0.6766"
"fno","4887","0.9169"
"fno","4888","2.7659"
"fno","4889","0.6384"
"fno","4890","0.6241"
"fno","4891","0.6359"
"fno","4892","0.6122"
"fno","4893","0.6258"
"fno","4894","0.6126"
"fno","4895","0.6260"
"fno","4896","0.6267"
"fno","4897","0.6180"
"fno","4898","0.6158"
"fno","4899","0.6749"
"fno","4900","0.6148"
"fno","4901","1.9090"
"fno","4902","0.6675"
"fno","4903","0.6831"
"fno","4904","0.6730"
"fno","4905","0.6269"
"fno","4906","0.6329"
"fno","4907","0.6444"
"fno","4908","0.6126"
"fno","4909","0.6251"
"fno","4910","0.6157"
"fno","4911","0.6193"
"fno","4912","0.6226"
"fno","4913","0.6106"
"fno","4914","0.6180"
"fno","4915","0.6232"
"fno","4916","1.9113"
"fno","4917","0.6218"
"fno","4918","0.6347"
"fno","4919","0.6217"
"fno","4920","0.8397"
"fno","4921","0.7514"
"fno","4922","0.7283"
"fno","4923","0.6303"
"fno","4924","1.9418"
"fno","4925","0.6577"
"fno","4926","0.7053"
"fno","4927","0.6269"
"fno","4928","0.6240"
"fno","4929","0.6282"
"fno","4930","0.6438"
"fno","4931","0.6339"
"fno","4932","0.6256"
"fno","4933","0.6401"
"fno","4934","0.6273"
"fno","4935","0.6465"
"fno","4936","0.6845"
"fno","4937","0.6255"
"fno","4938","0.6465"
"fno","4939","0.6280"
"fno","4940","0.8245"
"fno","4941","1.1040"
"fno","4942","2.0086"
"fno","4943","0.7684"
"fno","4944","0.6427"
"fno","4945","0.6517"
"fno","4946","0.6344"
"fno","4947","0.6243"
"fno","4948","0.6642"
"fno","4949","0.6290"
"fno","4950","0.6322"
"fno","4951","0.6336"
"fno","4952","0.6197"
"fno","4953","0.6212"
"fno","4954","0.6371"
"fno","4955","0.6230"
"fno","4956","0.6448"
"fno","4957","1.0914"
"fno","4958","1.0084"
"fno","4959","1.1864"
"fno","4960","0.8315"
"fno","4961","0.8020"
"fno","4962","1.1926"
"fno","4963","0.6692"
"fno","4964","0.6238"
"fno","4965","0.6336"
"fno","4966","0.6552"
"fno","4967","0.6303"
"fno","4968","0.6221"
"fno","4969","0.6375"
"fno","4970","0.9056"
"fno","4971","0.6619"
"fno","4972","0.6367"
"fno","4973","0.6345"
"fno","4974","0.6218"
"fno","4975","0.6404"
"fno","4976","0.6287"
"fno","4977","0.6251"
"fno","4978","0.8080"
"fno","4979","0.6626"
"fno","4980","0.7400"
"fno","4981","0.6969"
"fno","4982","1.0260"
"fno","4983","0.6269"
"fno","4984","1.7669"
"fno","4985","0.6215"
"fno","4986","0.6336"
"fno","4987","0.6192"
"fno","4988","0.6265"
"fno","4989","0.6159"
"fno","4990","0.6088"
"fno","4991","0.6265"
"fno","4992","0.6684"
"fno","4993","0.6126"
"fno","4994","0.6232"
"fno","4995","0.6162"
"fno","4996","1.8177"
"fno","4997","0.6470"
"fno","4998","0.6393"
"fno","4999","1.4673"
