component,iteration,latency_ms
stgcn,0,1.2779
stgcn,1,1.1162
stgcn,2,2.8536
stgcn,3,1.5328
stgcn,4,1.1428
stgcn,5,1.0531
stgcn,6,1.2160
stgcn,7,1.0042
stgcn,8,1.0974
stgcn,9,1.5486
stgcn,10,1.2101
stgcn,11,1.2111
stgcn,12,1.1863
stgcn,13,1.0620
stgcn,14,1.2177
stgcn,15,1.7270
stgcn,16,1.2492
stgcn,17,1.2199
stgcn,18,1.1331
stgcn,19,1.1859
stgcn,20,1.1520
stgcn,21,1.2017
stgcn,22,1.0759
stgcn,23,1.1282
stgcn,24,1.2678
stgcn,25,1.3336
stgcn,26,1.2787
stgcn,27,1.1651
stgcn,28,1.1281
stgcn,29,1.0595
stgcn,30,1.1166
stgcn,31,1.1593
stgcn,32,1.5091
stgcn,33,1.0870
stgcn,34,1.0910
stgcn,35,1.0599
stgcn,36,1.0433
stgcn,37,2.7290
stgcn,38,1.2778
stgcn,39,1.1161
stgcn,40,1.1259
stgcn,41,1.0679
stgcn,42,1.0025
stgcn,43,1.5015
stgcn,44,1.1178
stgcn,45,1.0004
stgcn,46,1.0085
stgcn,47,0.9890
stgcn,48,2.5684
stgcn,49,1.2808
stgcn,50,1.1956
stgcn,51,1.1265
stgcn,52,1.1602
stgcn,53,1.1271
stgcn,54,1.5850
stgcn,55,1.2255
stgcn,56,1.2906
stgcn,57,1.0075
stgcn,58,2.8285
stgcn,59,1.1190
stgcn,60,1.2527
stgcn,61,1.1512
stgcn,62,1.0940
stgcn,63,1.2158
stgcn,64,1.0864
stgcn,65,1.0764
stgcn,66,1.1563
stgcn,67,1.1117
stgcn,68,1.1589
stgcn,69,1.0725
stgcn,70,1.1143
stgcn,71,1.8038
stgcn,72,1.1047
stgcn,73,1.0310
stgcn,74,1.1082
stgcn,75,1.0625
stgcn,76,1.0501
stgcn,77,1.4364
stgcn,78,1.0546
stgcn,79,1.0435
stgcn,80,1.0419
stgcn,81,1.0097
stgcn,82,2.2792
stgcn,83,1.1305
stgcn,84,1.1060
stgcn,85,1.0786
stgcn,86,1.1353
stgcn,87,1.0745
stgcn,88,1.5588
stgcn,89,1.1253
stgcn,90,1.0777
stgcn,91,1.1688
stgcn,92,1.1747
stgcn,93,1.0854
stgcn,94,1.5930
stgcn,95,1.2470
stgcn,96,1.0460
stgcn,97,1.0699
stgcn,98,1.0888
stgcn,99,1.1056
stgcn,100,1.0825
stgcn,101,1.2020
stgcn,102,1.0354
stgcn,103,1.0394
stgcn,104,1.1948
stgcn,105,2.6092
stgcn,106,1.1951
stgcn,107,1.0577
stgcn,108,1.0643
stgcn,109,1.2153
stgcn,110,1.1247
stgcn,111,1.0417
stgcn,112,1.0309
stgcn,113,1.1871
stgcn,114,1.0726
stgcn,115,1.0925
stgcn,116,1.0972
stgcn,117,2.8301
stgcn,118,1.1934
stgcn,119,1.1921
stgcn,120,1.1517
stgcn,121,1.1427
stgcn,122,1.2225
stgcn,123,1.3327
stgcn,124,1.1157
stgcn,125,1.2958
stgcn,126,1.1198
stgcn,127,2.7094
stgcn,128,1.1070
stgcn,129,1.0097
stgcn,130,1.0177
stgcn,131,1.0178
stgcn,132,1.1042
stgcn,133,1.0406
stgcn,134,1.5119
stgcn,135,1.0885
stgcn,136,1.0097
stgcn,137,1.0146
stgcn,138,1.1068
stgcn,139,1.1304
stgcn,140,1.1570
stgcn,141,1.4615
stgcn,142,1.5257
stgcn,143,1.1317
stgcn,144,1.0798
stgcn,145,1.1390
stgcn,146,1.1505
stgcn,147,1.2833
stgcn,148,1.0541
stgcn,149,1.0440
stgcn,150,1.1433
stgcn,151,3.2433
stgcn,152,1.1280
stgcn,153,1.0528
stgcn,154,1.1607
stgcn,155,1.1586
stgcn,156,1.5795
stgcn,157,1.2253
stgcn,158,0.9928
stgcn,159,1.0274
stgcn,160,1.0133
stgcn,161,1.0035
stgcn,162,2.7443
stgcn,163,1.0978
stgcn,164,1.0964
stgcn,165,1.1754
stgcn,166,1.0946
stgcn,167,1.5665
stgcn,168,1.1108
stgcn,169,1.1525
stgcn,170,1.0995
stgcn,171,1.0351
stgcn,172,1.0788
stgcn,173,2.3337
stgcn,174,1.1749
stgcn,175,1.0571
stgcn,176,1.0842
stgcn,177,1.1588
stgcn,178,1.5666
stgcn,179,1.1835
stgcn,180,1.0146
stgcn,181,1.1204
stgcn,182,1.0045
stgcn,183,1.1907
stgcn,184,2.3640
stgcn,185,1.1591
stgcn,186,1.1556
stgcn,187,1.1371
stgcn,188,1.1674
stgcn,189,1.5712
stgcn,190,1.1123
stgcn,191,1.0586
stgcn,192,1.1385
stgcn,193,1.1166
stgcn,194,1.1062
stgcn,195,1.7977
stgcn,196,1.1469
stgcn,197,1.2020
stgcn,198,1.1008
stgcn,199,1.0433
stgcn,200,1.0466
stgcn,201,1.5022
stgcn,202,1.1354
stgcn,203,1.0649
stgcn,204,1.0837
stgcn,205,1.1594
stgcn,206,0.9949
stgcn,207,1.4221
stgcn,208,1.7915
stgcn,209,1.1245
stgcn,210,1.0861
stgcn,211,1.2917
stgcn,212,1.5644
stgcn,213,1.1157
stgcn,214,1.0703
stgcn,215,1.1102
stgcn,216,1.0532
stgcn,217,1.1944
stgcn,218,2.7225
stgcn,219,1.3858
stgcn,220,1.0431
stgcn,221,1.1388
stgcn,222,1.1013
stgcn,223,1.6044
stgcn,224,1.1358
stgcn,225,1.1509
stgcn,226,1.0932
stgcn,227,1.1806
stgcn,228,1.1773
stgcn,229,2.9626
stgcn,230,1.1259
stgcn,231,1.1100
stgcn,232,1.1049
stgcn,233,1.5286
stgcn,234,1.1281
stgcn,235,1.1375
stgcn,236,1.0217
stgcn,237,1.1912
stgcn,238,1.0462
stgcn,239,1.5987
stgcn,240,1.1885
stgcn,241,1.2426
stgcn,242,1.1344
stgcn,243,1.1722
stgcn,244,1.1188
stgcn,245,1.5395
stgcn,246,1.0820
stgcn,247,1.0863
stgcn,248,1.1554
stgcn,249,1.0459
stgcn,250,1.0550
stgcn,251,3.1019
stgcn,252,1.0614
stgcn,253,1.1933
stgcn,254,1.0834
stgcn,255,1.0585
stgcn,256,1.4690
stgcn,257,1.3553
stgcn,258,1.1585
stgcn,259,1.1354
stgcn,260,1.0277
stgcn,261,1.0524
stgcn,262,3.0248
stgcn,263,1.0592
stgcn,264,1.1157
stgcn,265,1.0743
stgcn,266,1.0769
stgcn,267,1.1482
stgcn,268,1.0862
stgcn,269,1.1955
stgcn,270,1.0729
stgcn,271,1.1282
stgcn,272,1.0862
stgcn,273,2.7166
stgcn,274,1.4186
stgcn,275,1.1607
stgcn,276,1.0877
stgcn,277,2.4351
stgcn,278,1.1769
stgcn,279,1.1422
stgcn,280,1.0681
stgcn,281,1.1049
stgcn,282,1.5460
stgcn,283,3.5027
stgcn,284,1.0502
stgcn,285,1.1083
stgcn,286,1.5062
stgcn,287,1.1234
stgcn,288,1.0080
stgcn,289,1.1212
stgcn,290,1.0685
stgcn,291,1.0572
stgcn,292,1.0548
stgcn,293,2.8867
stgcn,294,1.1959
stgcn,295,1.1944
stgcn,296,1.1344
stgcn,297,1.6236
stgcn,298,1.1605
stgcn,299,1.0429
stgcn,300,1.0482
stgcn,301,1.1223
stgcn,302,1.1117
stgcn,303,1.0144
stgcn,304,1.0974
stgcn,305,1.2328
stgcn,306,1.2588
stgcn,307,1.0162
stgcn,308,1.0599
stgcn,309,1.4872
stgcn,310,1.1110
stgcn,311,1.0746
stgcn,312,1.0351
stgcn,313,1.0522
stgcn,314,1.1114
stgcn,315,1.0275
stgcn,316,3.0143
stgcn,317,1.1716
stgcn,318,1.1125
stgcn,319,1.1582
stgcn,320,1.1172
stgcn,321,1.0783
stgcn,322,1.1246
stgcn,323,1.1641
stgcn,324,1.1414
stgcn,325,1.0720
stgcn,326,1.0693
stgcn,327,1.1802
stgcn,328,2.7699
stgcn,329,1.1654
stgcn,330,1.0675
stgcn,331,1.5895
stgcn,332,1.0755
stgcn,333,1.1111
stgcn,334,1.0388
stgcn,335,1.0438
stgcn,336,1.1427
stgcn,337,1.0601
stgcn,338,1.1123
stgcn,339,2.7911
stgcn,340,1.2798
stgcn,341,1.1275
stgcn,342,1.5436
stgcn,343,1.1675
stgcn,344,1.1478
stgcn,345,1.0131
stgcn,346,1.1337
stgcn,347,1.0854
stgcn,348,1.5403
stgcn,349,2.8343
stgcn,350,1.2867
stgcn,351,1.0357
stgcn,352,1.4838
stgcn,353,1.1075
stgcn,354,1.1221
stgcn,355,1.2038
stgcn,356,1.0815
stgcn,357,1.0417
stgcn,358,1.4875
stgcn,359,1.0853
stgcn,360,1.2737
stgcn,361,1.1064
stgcn,362,1.2122
stgcn,363,1.1033
stgcn,364,1.1691
stgcn,365,1.1954
stgcn,366,1.1480
stgcn,367,1.0792
stgcn,368,1.1287
stgcn,369,1.1671
stgcn,370,1.4620
stgcn,371,2.4567
stgcn,372,1.3353
stgcn,373,1.0464
stgcn,374,1.1155
stgcn,375,1.5298
stgcn,376,1.0822
stgcn,377,1.1753
stgcn,378,1.0466
stgcn,379,1.1331
stgcn,380,1.1054
stgcn,381,1.5542
stgcn,382,2.2697
stgcn,383,1.0539
stgcn,384,1.0590
stgcn,385,1.1257
stgcn,386,1.5607
stgcn,387,1.1363
stgcn,388,1.0815
stgcn,389,1.0972
stgcn,390,1.1937
stgcn,391,1.0754
stgcn,392,1.0476
stgcn,393,1.0699
stgcn,394,1.4598
stgcn,395,1.0900
stgcn,396,1.0558
stgcn,397,1.0885
stgcn,398,1.0121
stgcn,399,1.0771
stgcn,400,1.0685
stgcn,401,1.0796
stgcn,402,1.0711
stgcn,403,1.0657
stgcn,404,1.0837
stgcn,405,1.0280
stgcn,406,1.1084
stgcn,407,2.5167
stgcn,408,1.0975
stgcn,409,1.6315
stgcn,410,1.2637
stgcn,411,1.2398
stgcn,412,1.1280
stgcn,413,1.2407
stgcn,414,1.1316
stgcn,415,1.5741
stgcn,416,1.1117
stgcn,417,2.7742
stgcn,418,1.1766
stgcn,419,1.7127
stgcn,420,1.2283
stgcn,421,1.0170
stgcn,422,1.1015
stgcn,423,1.0273
stgcn,424,1.0952
stgcn,425,1.4711
stgcn,426,1.1129
stgcn,427,2.4827
stgcn,428,1.0352
stgcn,429,1.1332
stgcn,430,1.2392
stgcn,431,1.5390
stgcn,432,1.1929
stgcn,433,1.3487
stgcn,434,1.2091
stgcn,435,1.1102
stgcn,436,1.0340
stgcn,437,1.2361
stgcn,438,3.1544
stgcn,439,1.4428
stgcn,440,1.6297
stgcn,441,1.1497
stgcn,442,2.0886
stgcn,443,1.1768
stgcn,444,1.8343
stgcn,445,1.3329
stgcn,446,1.2989
stgcn,447,1.5383
stgcn,448,1.3934
stgcn,449,1.6456
stgcn,450,1.4217
stgcn,451,1.1610
stgcn,452,1.4079
stgcn,453,1.2502
stgcn,454,1.6335
stgcn,455,1.1060
stgcn,456,1.0891
stgcn,457,1.2203
stgcn,458,1.9689
stgcn,459,1.6438
stgcn,460,1.1941
stgcn,461,1.2788
stgcn,462,1.2808
stgcn,463,1.1680
stgcn,464,1.2985
stgcn,465,1.6117
stgcn,466,1.2213
stgcn,467,3.4919
stgcn,468,1.3260
stgcn,469,1.3494
stgcn,470,1.2234
stgcn,471,1.3234
stgcn,472,1.3925
stgcn,473,1.9791
stgcn,474,1.4652
stgcn,475,1.2664
stgcn,476,1.1927
stgcn,477,1.3582
stgcn,478,1.6024
stgcn,479,2.1267
stgcn,480,1.2621
stgcn,481,1.0540
stgcn,482,1.1215
stgcn,483,1.0348
stgcn,484,1.5658
stgcn,485,1.2230
stgcn,486,2.3857
stgcn,487,1.2221
stgcn,488,1.1839
stgcn,489,1.1907
stgcn,490,1.1704
stgcn,491,1.1814
stgcn,492,1.1507
stgcn,493,3.6135
stgcn,494,2.5898
stgcn,495,3.0683
stgcn,496,3.1596
stgcn,497,2.1742
stgcn,498,2.1747
stgcn,499,2.5729
stgcn,500,3.7963
stgcn,501,3.3453
stgcn,502,2.1481
stgcn,503,1.4684
stgcn,504,1.8164
stgcn,505,1.5813
stgcn,506,7.4338
stgcn,507,1.8113
stgcn,508,2.0815
stgcn,509,1.4032
stgcn,510,1.2859
stgcn,511,2.6367
stgcn,512,1.7693
stgcn,513,1.6912
stgcn,514,1.9169
stgcn,515,1.3605
stgcn,516,1.2104
stgcn,517,1.4797
stgcn,518,1.1214
stgcn,519,1.1009
stgcn,520,3.0769
stgcn,521,1.6252
stgcn,522,1.2133
stgcn,523,1.1031
stgcn,524,1.1671
stgcn,525,1.0797
stgcn,526,1.0879
stgcn,527,1.5686
stgcn,528,1.1063
stgcn,529,1.1195
stgcn,530,1.0806
stgcn,531,1.0730
stgcn,532,1.0292
stgcn,533,1.4705
stgcn,534,1.0905
stgcn,535,1.0420
stgcn,536,1.1320
stgcn,537,1.0908
stgcn,538,1.3756
stgcn,539,1.4872
stgcn,540,1.1161
stgcn,541,1.0614
stgcn,542,3.0884
stgcn,543,1.0285
stgcn,544,1.1533
stgcn,545,1.1098
stgcn,546,1.1095
stgcn,547,1.3256
stgcn,548,0.9999
stgcn,549,1.0793
stgcn,550,1.0988
stgcn,551,1.0148
stgcn,552,4.4904
stgcn,553,1.3307
stgcn,554,1.9521
stgcn,555,1.1307
stgcn,556,1.1512
stgcn,557,1.0332
stgcn,558,1.9772
stgcn,559,1.4437
stgcn,560,1.1545
stgcn,561,1.1344
stgcn,562,1.1738
stgcn,563,1.4927
stgcn,564,1.1652
stgcn,565,1.0976
stgcn,566,1.0782
stgcn,567,1.0443
stgcn,568,1.0090
stgcn,569,1.4525
stgcn,570,1.1542
stgcn,571,1.1318
stgcn,572,3.7682
stgcn,573,2.1457
stgcn,574,1.9856
stgcn,575,1.9289
stgcn,576,1.9671
stgcn,577,1.5964
stgcn,578,1.1851
stgcn,579,1.7853
stgcn,580,3.5792
stgcn,581,1.4393
stgcn,582,1.0916
stgcn,583,1.0567
stgcn,584,1.0379
stgcn,585,1.0102
stgcn,586,1.2993
stgcn,587,1.1181
stgcn,588,1.0330
stgcn,589,1.0518
stgcn,590,1.0715
stgcn,591,1.9175
stgcn,592,2.1121
stgcn,593,1.0715
stgcn,594,1.0223
stgcn,595,1.8812
stgcn,596,1.6098
stgcn,597,1.1298
stgcn,598,1.1312
stgcn,599,1.0527
stgcn,600,3.9671
stgcn,601,1.6960
stgcn,602,1.6913
stgcn,603,1.5388
stgcn,604,1.9576
stgcn,605,1.2849
stgcn,606,2.0768
stgcn,607,3.7297
stgcn,608,2.1913
stgcn,609,1.5423
stgcn,610,2.0978
stgcn,611,1.9040
stgcn,612,1.9347
stgcn,613,3.6163
stgcn,614,2.0614
stgcn,615,1.6827
stgcn,616,1.2182
stgcn,617,2.0283
stgcn,618,1.0161
stgcn,619,1.6556
stgcn,620,1.0433
stgcn,621,1.7310
stgcn,622,1.1136
stgcn,623,1.7821
stgcn,624,1.8130
stgcn,625,1.0190
stgcn,626,1.1385
stgcn,627,1.0494
stgcn,628,1.4449
stgcn,629,1.1050
stgcn,630,1.1249
stgcn,631,1.1111
stgcn,632,2.8781
stgcn,633,1.0555
stgcn,634,1.0733
stgcn,635,1.0891
stgcn,636,1.0858
stgcn,637,1.0401
stgcn,638,1.1994
stgcn,639,1.5357
stgcn,640,1.9852
stgcn,641,1.1611
stgcn,642,1.0532
stgcn,643,3.0876
stgcn,644,1.3493
stgcn,645,1.7114
stgcn,646,1.0343
stgcn,647,1.0658
stgcn,648,2.3083
stgcn,649,1.2623
stgcn,650,1.9644
stgcn,651,1.9397
stgcn,652,1.9178
stgcn,653,1.8612
stgcn,654,1.8754
stgcn,655,1.9026
stgcn,656,2.1602
stgcn,657,1.8330
stgcn,658,1.9288
stgcn,659,1.8489
stgcn,660,1.5016
stgcn,661,1.8883
stgcn,662,2.0369
stgcn,663,1.9709
stgcn,664,1.9111
stgcn,665,1.0876
stgcn,666,1.0510
stgcn,667,1.4352
stgcn,668,1.5328
stgcn,669,1.1072
stgcn,670,1.3514
stgcn,671,1.0447
stgcn,672,1.0699
stgcn,673,1.1468
stgcn,674,0.9967
stgcn,675,1.0394
stgcn,676,1.1780
stgcn,677,1.1129
stgcn,678,1.0422
stgcn,679,3.3320
stgcn,680,1.0603
stgcn,681,1.0868
stgcn,682,1.1216
stgcn,683,1.0634
stgcn,684,0.9990
stgcn,685,1.0222
stgcn,686,1.0919
stgcn,687,1.2911
stgcn,688,1.1595
stgcn,689,1.0847
stgcn,690,2.8255
stgcn,691,1.1322
stgcn,692,1.0969
stgcn,693,1.1956
stgcn,694,1.0537
stgcn,695,1.0006
stgcn,696,1.6001
stgcn,697,1.1004
stgcn,698,1.0752
stgcn,699,1.0800
stgcn,700,1.1192
stgcn,701,1.0725
stgcn,702,1.1579
stgcn,703,2.1830
stgcn,704,2.3440
stgcn,705,1.8873
stgcn,706,1.7810
stgcn,707,1.3619
stgcn,708,1.7626
stgcn,709,3.0386
stgcn,710,1.1202
stgcn,711,1.1431
stgcn,712,1.0984
stgcn,713,1.0800
stgcn,714,1.4378
stgcn,715,1.3864
stgcn,716,1.0206
stgcn,717,1.0752
stgcn,718,1.0636
stgcn,719,1.1040
stgcn,720,2.7175
stgcn,721,0.9940
stgcn,722,1.0778
stgcn,723,1.7498
stgcn,724,1.0032
stgcn,725,1.0611
stgcn,726,1.6910
stgcn,727,1.1295
stgcn,728,1.0843
stgcn,729,1.1055
stgcn,730,1.0962
stgcn,731,1.4709
stgcn,732,1.5924
stgcn,733,1.0582
stgcn,734,1.8830
stgcn,735,2.2808
stgcn,736,1.6598
stgcn,737,1.5143
stgcn,738,1.3253
stgcn,739,2.6393
stgcn,740,2.6393
stgcn,741,1.0484
stgcn,742,1.0302
stgcn,743,1.0689
stgcn,744,1.0163
stgcn,745,1.1327
stgcn,746,1.0629
stgcn,747,1.3195
stgcn,748,1.0879
stgcn,749,1.0869
stgcn,750,2.9288
stgcn,751,2.5100
stgcn,752,3.8677
stgcn,753,1.1392
stgcn,754,1.0144
stgcn,755,1.1206
stgcn,756,1.1234
stgcn,757,3.3940
stgcn,758,1.2945
stgcn,759,1.1459
stgcn,760,1.0819
stgcn,761,1.0719
stgcn,762,1.5176
stgcn,763,1.1152
stgcn,764,1.0519
stgcn,765,1.0307
stgcn,766,1.0697
stgcn,767,2.0734
stgcn,768,1.3087
stgcn,769,1.1547
stgcn,770,1.0146
stgcn,771,1.0500
stgcn,772,1.0122
stgcn,773,1.4752
stgcn,774,1.0529
stgcn,775,1.0740
stgcn,776,1.0341
stgcn,777,1.1658
stgcn,778,1.1514
stgcn,779,1.4350
stgcn,780,3.1011
stgcn,781,1.0802
stgcn,782,1.0318
stgcn,783,1.0909
stgcn,784,1.0279
stgcn,785,1.2182
stgcn,786,1.1249
stgcn,787,1.0726
stgcn,788,1.0267
stgcn,789,1.0300
stgcn,790,1.5195
stgcn,791,2.6585
stgcn,792,1.0501
stgcn,793,1.0941
stgcn,794,1.0008
stgcn,795,1.4924
stgcn,796,1.1322
stgcn,797,1.0497
stgcn,798,1.1823
stgcn,799,1.0953
stgcn,800,1.0485
stgcn,801,3.3632
stgcn,802,1.2020
stgcn,803,1.0835
stgcn,804,1.1066
stgcn,805,1.4974
stgcn,806,1.1176
stgcn,807,1.0447
stgcn,808,1.0136
stgcn,809,1.0543
stgcn,810,1.0519
stgcn,811,1.0196
stgcn,812,3.2970
stgcn,813,1.0874
stgcn,814,1.3789
stgcn,815,1.1318
stgcn,816,1.5957
stgcn,817,1.1644
stgcn,818,1.0339
stgcn,819,1.0712
stgcn,820,1.9866
stgcn,821,1.0282
stgcn,822,3.8596
stgcn,823,1.0349
stgcn,824,1.1282
stgcn,825,2.3336
stgcn,826,1.2008
stgcn,827,1.0981
stgcn,828,1.0342
stgcn,829,1.0417
stgcn,830,1.0908
stgcn,831,1.0244
stgcn,832,1.0385
stgcn,833,1.2256
stgcn,834,1.1128
stgcn,835,1.0340
stgcn,836,1.0656
stgcn,837,1.0030
stgcn,838,1.1726
stgcn,839,1.0570
stgcn,840,1.1210
stgcn,841,1.1201
stgcn,842,1.0186
stgcn,843,1.0442
stgcn,844,1.0491
stgcn,845,1.0844
stgcn,846,1.0885
stgcn,847,1.0689
stgcn,848,1.1304
stgcn,849,1.1834
stgcn,850,1.4835
stgcn,851,2.3181
stgcn,852,1.5191
stgcn,853,1.1086
stgcn,854,1.4042
stgcn,855,1.5444
stgcn,856,1.5017
stgcn,857,1.1057
stgcn,858,1.0532
stgcn,859,1.1957
stgcn,860,1.5538
stgcn,861,1.0695
stgcn,862,1.0682
stgcn,863,1.2112
stgcn,864,1.0542
stgcn,865,1.1715
stgcn,866,1.5927
stgcn,867,3.0209
stgcn,868,1.1500
stgcn,869,1.0862
stgcn,870,1.0897
stgcn,871,1.0283
stgcn,872,0.9993
stgcn,873,1.1307
stgcn,874,1.0352
stgcn,875,1.1186
stgcn,876,1.4287
stgcn,877,1.1519
stgcn,878,1.0372
stgcn,879,1.1472
stgcn,880,1.1740
stgcn,881,1.0490
stgcn,882,1.4802
stgcn,883,1.2901
stgcn,884,1.0391
stgcn,885,1.1318
stgcn,886,1.0367
stgcn,887,1.1316
stgcn,888,1.1534
stgcn,889,1.0956
stgcn,890,1.2621
stgcn,891,1.2080
stgcn,892,1.4189
stgcn,893,1.1623
stgcn,894,1.5261
stgcn,895,1.2125
stgcn,896,1.0982
stgcn,897,1.1330
stgcn,898,1.0590
stgcn,899,1.0353
stgcn,900,1.2348
stgcn,901,1.1335
stgcn,902,3.3228
stgcn,903,1.1168
stgcn,904,1.1173
stgcn,905,1.1638
stgcn,906,1.0433
stgcn,907,1.1422
stgcn,908,1.0269
stgcn,909,1.1833
stgcn,910,1.0926
stgcn,911,1.0796
stgcn,912,3.0757
stgcn,913,1.5601
stgcn,914,1.1830
stgcn,915,1.5115
stgcn,916,2.5751
stgcn,917,1.0520
stgcn,918,1.1412
stgcn,919,1.5199
stgcn,920,1.1619
stgcn,921,2.1935
stgcn,922,1.1948
stgcn,923,1.1725
stgcn,924,1.1491
stgcn,925,1.0487
stgcn,926,1.1908
stgcn,927,1.0977
stgcn,928,1.0599
stgcn,929,1.1165
stgcn,930,1.0176
stgcn,931,0.9971
stgcn,932,1.1005
stgcn,933,2.1887
stgcn,934,1.1296
stgcn,935,1.1560
stgcn,936,1.0411
stgcn,937,1.0024
stgcn,938,1.1856
stgcn,939,1.0386
stgcn,940,1.2156
stgcn,941,1.0589
stgcn,942,1.1238
stgcn,943,1.4775
stgcn,944,1.0983
stgcn,945,2.0153
stgcn,946,1.1206
stgcn,947,1.0307
stgcn,948,3.6448
stgcn,949,1.2238
stgcn,950,1.0545
stgcn,951,1.1468
stgcn,952,1.4880
stgcn,953,1.1335
stgcn,954,1.0959
stgcn,955,1.1357
stgcn,956,1.1387
stgcn,957,1.0572
stgcn,958,1.5359
stgcn,959,1.1824
stgcn,960,1.0431
stgcn,961,1.0794
stgcn,962,1.0880
stgcn,963,1.3640
stgcn,964,1.7032
stgcn,965,1.2099
stgcn,966,1.2146
stgcn,967,1.8388
stgcn,968,1.0777
stgcn,969,1.5324
stgcn,970,1.2069
stgcn,971,1.0274
stgcn,972,1.1007
stgcn,973,1.1589
stgcn,974,1.1160
stgcn,975,1.0862
stgcn,976,1.1455
stgcn,977,1.1150
stgcn,978,1.3543
stgcn,979,1.0710
stgcn,980,1.2006
stgcn,981,1.2302
stgcn,982,1.2547
stgcn,983,1.2342
stgcn,984,1.1577
stgcn,985,1.0546
stgcn,986,1.0975
stgcn,987,1.1336
stgcn,988,1.2345
stgcn,989,1.1614
stgcn,990,1.2043
stgcn,991,1.6623
stgcn,992,2.2206
stgcn,993,1.6105
stgcn,994,1.1410
stgcn,995,1.0988
stgcn,996,2.4868
stgcn,997,1.1095
stgcn,998,1.1817
stgcn,999,1.3064
stgcn,1000,1.3076
stgcn,1001,1.0709
stgcn,1002,1.0138
stgcn,1003,1.1521
stgcn,1004,1.0713
stgcn,1005,1.0501
stgcn,1006,1.1602
stgcn,1007,1.2165
stgcn,1008,1.5396
stgcn,1009,1.2290
stgcn,1010,1.1314
stgcn,1011,3.1500
stgcn,1012,1.5043
stgcn,1013,1.1875
stgcn,1014,1.0929
stgcn,1015,1.0221
stgcn,1016,1.0365
stgcn,1017,1.0712
stgcn,1018,1.0522
stgcn,1019,1.0763
stgcn,1020,1.1383
stgcn,1021,1.0661
stgcn,1022,4.1130
stgcn,1023,1.1212
stgcn,1024,1.0636
stgcn,1025,2.2350
stgcn,1026,1.0718
stgcn,1027,1.5743
stgcn,1028,2.8141
stgcn,1029,1.1576
stgcn,1030,1.3577
stgcn,1031,2.5752
stgcn,1032,1.2368
stgcn,1033,1.1086
stgcn,1034,1.0353
stgcn,1035,1.1073
stgcn,1036,1.0686
stgcn,1037,1.0712
stgcn,1038,1.1499
stgcn,1039,1.0825
stgcn,1040,2.5260
stgcn,1041,1.0808
stgcn,1042,1.5110
stgcn,1043,1.1466
stgcn,1044,1.2314
stgcn,1045,1.2011
stgcn,1046,1.1103
stgcn,1047,1.0875
stgcn,1048,1.5161
stgcn,1049,1.0229
stgcn,1050,1.1084
stgcn,1051,3.3158
stgcn,1052,3.0574
stgcn,1053,1.1517
stgcn,1054,1.2137
stgcn,1055,1.1499
stgcn,1056,1.4621
stgcn,1057,1.0942
stgcn,1058,1.1127
stgcn,1059,1.1678
stgcn,1060,1.1226
stgcn,1061,1.2724
stgcn,1062,1.0952
stgcn,1063,1.2221
stgcn,1064,1.0614
stgcn,1065,1.0776
stgcn,1066,1.1409
stgcn,1067,1.1996
stgcn,1068,1.5783
stgcn,1069,1.0154
stgcn,1070,1.0465
stgcn,1071,1.1036
stgcn,1072,1.0942
stgcn,1073,2.6278
stgcn,1074,1.2755
stgcn,1075,1.1282
stgcn,1076,1.1645
stgcn,1077,1.1369
stgcn,1078,1.2478
stgcn,1079,1.4835
stgcn,1080,1.1236
stgcn,1081,0.9952
stgcn,1082,2.8348
stgcn,1083,1.1249
stgcn,1084,1.1097
stgcn,1085,1.1491
stgcn,1086,1.2241
stgcn,1087,1.1799
stgcn,1088,1.1521
stgcn,1089,1.0858
stgcn,1090,1.1187
stgcn,1091,1.1117
stgcn,1092,1.1294
stgcn,1093,2.9826
stgcn,1094,1.6295
stgcn,1095,2.6562
stgcn,1096,1.5184
stgcn,1097,1.1944
stgcn,1098,1.0683
stgcn,1099,1.2716
stgcn,1100,1.1258
stgcn,1101,1.0529
stgcn,1102,2.9225
stgcn,1103,2.2494
stgcn,1104,1.8378
stgcn,1105,1.1196
stgcn,1106,1.0457
stgcn,1107,1.0203
stgcn,1108,1.4962
stgcn,1109,1.2201
stgcn,1110,1.2977
stgcn,1111,2.4043
stgcn,1112,1.5564
stgcn,1113,3.1015
stgcn,1114,1.0938
stgcn,1115,1.1558
stgcn,1116,1.5769
stgcn,1117,1.0979
stgcn,1118,1.1962
stgcn,1119,1.1671
stgcn,1120,2.1645
stgcn,1121,1.5541
stgcn,1122,1.1725
stgcn,1123,1.1801
stgcn,1124,1.2333
stgcn,1125,1.1717
stgcn,1126,1.1075
stgcn,1127,1.1308
stgcn,1128,1.2566
stgcn,1129,1.1246
stgcn,1130,1.0895
stgcn,1131,1.2848
stgcn,1132,1.7224
stgcn,1133,1.1528
stgcn,1134,1.5944
stgcn,1135,1.0207
stgcn,1136,1.2194
stgcn,1137,1.0901
stgcn,1138,1.1132
stgcn,1139,1.1818
stgcn,1140,1.0647
stgcn,1141,1.0565
stgcn,1142,1.0873
stgcn,1143,1.1376
stgcn,1144,1.8613
stgcn,1145,1.0488
stgcn,1146,1.2877
stgcn,1147,1.0094
stgcn,1148,1.0972
stgcn,1149,1.1867
stgcn,1150,1.1314
stgcn,1151,1.1670
stgcn,1152,1.1108
stgcn,1153,1.1214
stgcn,1154,1.2057
stgcn,1155,1.0891
stgcn,1156,1.3557
stgcn,1157,1.5104
stgcn,1158,1.2536
stgcn,1159,1.2103
stgcn,1160,1.0896
stgcn,1161,1.0985
stgcn,1162,1.0046
stgcn,1163,1.2673
stgcn,1164,1.1160
stgcn,1165,1.1130
stgcn,1166,5.4325
stgcn,1167,1.1985
stgcn,1168,1.0716
stgcn,1169,1.1790
stgcn,1170,1.0913
stgcn,1171,1.0664
stgcn,1172,1.2410
stgcn,1173,1.0813
stgcn,1174,1.1082
stgcn,1175,1.0910
stgcn,1176,1.2163
stgcn,1177,1.5159
stgcn,1178,1.0510
stgcn,1179,1.0781
stgcn,1180,1.0667
stgcn,1181,1.1885
stgcn,1182,1.0543
stgcn,1183,1.0420
stgcn,1184,1.1592
stgcn,1185,1.0696
stgcn,1186,1.0469
stgcn,1187,1.1805
stgcn,1188,2.5959
stgcn,1189,2.2284
stgcn,1190,1.1739
stgcn,1191,1.0935
stgcn,1192,1.1123
stgcn,1193,1.2977
stgcn,1194,1.1141
stgcn,1195,1.2033
stgcn,1196,1.1975
stgcn,1197,1.0947
stgcn,1198,1.0530
stgcn,1199,1.4766
stgcn,1200,1.0981
stgcn,1201,1.0786
stgcn,1202,1.1280
stgcn,1203,1.0549
stgcn,1204,2.7274
stgcn,1205,1.2874
stgcn,1206,1.1170
stgcn,1207,1.1001
stgcn,1208,1.0650
stgcn,1209,1.0704
stgcn,1210,1.3851
stgcn,1211,1.2341
stgcn,1212,1.6209
stgcn,1213,1.0342
stgcn,1214,1.0367
stgcn,1215,1.1672
stgcn,1216,1.5321
stgcn,1217,1.1464
stgcn,1218,1.2344
stgcn,1219,4.0501
stgcn,1220,1.5053
stgcn,1221,1.3326
stgcn,1222,1.4409
stgcn,1223,1.0700
stgcn,1224,1.0263
stgcn,1225,1.4413
stgcn,1226,1.8650
stgcn,1227,1.0587
stgcn,1228,1.5964
stgcn,1229,2.3056
stgcn,1230,1.2892
stgcn,1231,1.3090
stgcn,1232,1.0945
stgcn,1233,1.2040
stgcn,1234,1.1356
stgcn,1235,1.3627
stgcn,1236,1.0522
stgcn,1237,1.0712
stgcn,1238,1.0807
stgcn,1239,4.1736
stgcn,1240,2.0187
stgcn,1241,1.0879
stgcn,1242,1.0620
stgcn,1243,1.1647
stgcn,1244,1.5588
stgcn,1245,1.2481
stgcn,1246,1.1817
stgcn,1247,1.1820
stgcn,1248,1.1524
stgcn,1249,1.9713
stgcn,1250,1.9351
stgcn,1251,1.5794
stgcn,1252,1.1579
stgcn,1253,1.0999
stgcn,1254,1.6333
stgcn,1255,1.1457
stgcn,1256,1.1671
stgcn,1257,1.0241
stgcn,1258,1.0117
stgcn,1259,3.3844
stgcn,1260,2.3916
stgcn,1261,1.8236
stgcn,1262,1.6204
stgcn,1263,1.1415
stgcn,1264,1.1879
stgcn,1265,1.0976
stgcn,1266,1.0735
stgcn,1267,4.5339
stgcn,1268,1.5385
stgcn,1269,1.6096
stgcn,1270,1.8351
stgcn,1271,1.9924
stgcn,1272,1.1714
stgcn,1273,1.0274
stgcn,1274,1.1330
stgcn,1275,4.1067
stgcn,1276,1.5600
stgcn,1277,1.2999
stgcn,1278,3.2947
stgcn,1279,1.4225
stgcn,1280,1.3317
stgcn,1281,1.1253
stgcn,1282,1.3024
stgcn,1283,1.0879
stgcn,1284,1.1471
stgcn,1285,1.3469
stgcn,1286,1.1438
stgcn,1287,1.4095
stgcn,1288,2.7676
stgcn,1289,1.0533
stgcn,1290,1.1383
stgcn,1291,1.1175
stgcn,1292,1.1599
stgcn,1293,3.0460
stgcn,1294,2.5170
stgcn,1295,1.1600
stgcn,1296,1.7280
stgcn,1297,1.1594
stgcn,1298,1.1098
stgcn,1299,1.0529
stgcn,1300,4.2791
stgcn,1301,2.1702
stgcn,1302,1.9213
stgcn,1303,1.1003
stgcn,1304,1.2718
stgcn,1305,1.3163
stgcn,1306,1.1626
stgcn,1307,1.1555
stgcn,1308,1.1898
stgcn,1309,3.3222
stgcn,1310,1.3031
stgcn,1311,1.0882
stgcn,1312,1.2220
stgcn,1313,1.1394
stgcn,1314,1.0371
stgcn,1315,1.1065
stgcn,1316,1.2574
stgcn,1317,1.1094
stgcn,1318,1.0759
stgcn,1319,1.0579
stgcn,1320,3.2329
stgcn,1321,2.1685
stgcn,1322,1.7990
stgcn,1323,1.4912
stgcn,1324,1.1750
stgcn,1325,1.1626
stgcn,1326,1.1309
stgcn,1327,1.0588
stgcn,1328,1.1771
stgcn,1329,3.4414
stgcn,1330,1.6385
stgcn,1331,1.0913
stgcn,1332,1.6159
stgcn,1333,2.8034
stgcn,1334,1.2283
stgcn,1335,1.1413
stgcn,1336,1.1734
stgcn,1337,1.0405
stgcn,1338,1.0646
stgcn,1339,2.9877
stgcn,1340,1.2201
stgcn,1341,1.6525
stgcn,1342,1.2362
stgcn,1343,1.0754
stgcn,1344,1.1482
stgcn,1345,1.0874
stgcn,1346,6.8301
stgcn,1347,1.5230
stgcn,1348,1.6254
stgcn,1349,1.2590
stgcn,1350,1.0499
stgcn,1351,1.1165
stgcn,1352,1.1344
stgcn,1353,1.0872
stgcn,1354,4.3751
stgcn,1355,2.3269
stgcn,1356,1.6283
stgcn,1357,1.1820
stgcn,1358,1.0640
stgcn,1359,1.1203
stgcn,1360,1.1685
stgcn,1361,1.1367
stgcn,1362,5.8668
stgcn,1363,1.8215
stgcn,1364,1.1539
stgcn,1365,1.0291
stgcn,1366,1.1922
stgcn,1367,1.1205
stgcn,1368,0.9952
stgcn,1369,1.6005
stgcn,1370,3.5320
stgcn,1371,1.3372
stgcn,1372,1.1925
stgcn,1373,1.6087
stgcn,1374,1.1276
stgcn,1375,1.0083
stgcn,1376,1.1189
stgcn,1377,1.1132
stgcn,1378,1.1734
stgcn,1379,1.6541
stgcn,1380,3.8634
stgcn,1381,1.2173
stgcn,1382,1.4188
stgcn,1383,1.1292
stgcn,1384,1.0963
stgcn,1385,1.0698
stgcn,1386,1.0670
stgcn,1387,1.0306
stgcn,1388,1.5019
stgcn,1389,4.7955
stgcn,1390,1.1721
stgcn,1391,1.4772
stgcn,1392,1.3305
stgcn,1393,1.2514
stgcn,1394,1.0873
stgcn,1395,1.2518
stgcn,1396,1.1115
stgcn,1397,1.1325
stgcn,1398,1.0701
stgcn,1399,1.4927
stgcn,1400,1.0610
stgcn,1401,1.2336
stgcn,1402,1.1387
stgcn,1403,1.1432
stgcn,1404,1.0689
stgcn,1405,1.0861
stgcn,1406,1.1014
stgcn,1407,1.1252
stgcn,1408,1.1415
stgcn,1409,1.6606
stgcn,1410,1.2643
stgcn,1411,1.5628
stgcn,1412,1.1611
stgcn,1413,1.0998
stgcn,1414,1.5823
stgcn,1415,1.1960
stgcn,1416,1.1012
stgcn,1417,1.0483
stgcn,1418,1.1692
stgcn,1419,1.0494
stgcn,1420,1.5863
stgcn,1421,2.9181
stgcn,1422,1.1124
stgcn,1423,1.1088
stgcn,1424,1.4537
stgcn,1425,1.0494
stgcn,1426,1.0896
stgcn,1427,1.0945
stgcn,1428,1.1535
stgcn,1429,1.1604
stgcn,1430,1.6364
stgcn,1431,1.1139
stgcn,1432,1.0840
stgcn,1433,1.3168
stgcn,1434,1.1162
stgcn,1435,1.1285
stgcn,1436,1.6041
stgcn,1437,1.2015
stgcn,1438,1.0427
stgcn,1439,1.1066
stgcn,1440,1.0745
stgcn,1441,1.1364
stgcn,1442,1.7282
stgcn,1443,1.3361
stgcn,1444,1.3860
stgcn,1445,1.3174
stgcn,1446,1.0663
stgcn,1447,1.2312
stgcn,1448,1.2577
stgcn,1449,1.2435
stgcn,1450,1.2884
stgcn,1451,1.1366
stgcn,1452,1.1671
stgcn,1453,1.4953
stgcn,1454,1.0063
stgcn,1455,3.3584
stgcn,1456,1.3895
stgcn,1457,1.7502
stgcn,1458,1.0275
stgcn,1459,1.1126
stgcn,1460,1.0448
stgcn,1461,1.0819
stgcn,1462,0.9917
stgcn,1463,1.0696
stgcn,1464,1.0864
stgcn,1465,1.0326
stgcn,1466,1.1986
stgcn,1467,2.4968
stgcn,1468,1.0431
stgcn,1469,1.1689
stgcn,1470,1.1313
stgcn,1471,1.0882
stgcn,1472,2.2497
stgcn,1473,1.1997
stgcn,1474,1.0115
stgcn,1475,2.6585
stgcn,1476,1.2860
stgcn,1477,1.1659
stgcn,1478,1.5941
stgcn,1479,1.0975
stgcn,1480,1.0954
stgcn,1481,1.1072
stgcn,1482,1.0464
stgcn,1483,1.1004
stgcn,1484,1.0296
stgcn,1485,1.1314
stgcn,1486,2.8436
stgcn,1487,2.0457
stgcn,1488,2.0680
stgcn,1489,1.2733
stgcn,1490,1.0830
stgcn,1491,1.1567
stgcn,1492,1.0331
stgcn,1493,1.1645
stgcn,1494,1.0959
stgcn,1495,1.0972
stgcn,1496,1.0259
stgcn,1497,1.2697
stgcn,1498,1.2714
stgcn,1499,1.1629
stgcn,1500,1.1149
stgcn,1501,1.6917
stgcn,1502,1.2708
stgcn,1503,1.1051
stgcn,1504,1.1190
stgcn,1505,1.0568
stgcn,1506,1.0541
stgcn,1507,1.1503
stgcn,1508,1.0565
stgcn,1509,1.6183
stgcn,1510,3.5530
stgcn,1511,1.1092
stgcn,1512,1.4293
stgcn,1513,1.1031
stgcn,1514,1.0837
stgcn,1515,3.2433
stgcn,1516,3.7609
stgcn,1517,1.1111
stgcn,1518,1.0656
stgcn,1519,1.0783
stgcn,1520,1.0849
stgcn,1521,1.0923
stgcn,1522,1.1428
stgcn,1523,1.0639
stgcn,1524,1.4748
stgcn,1525,1.0690
stgcn,1526,1.0689
stgcn,1527,1.0195
stgcn,1528,1.6209
stgcn,1529,1.1199
stgcn,1530,1.0976
stgcn,1531,1.0876
stgcn,1532,1.0565
stgcn,1533,1.0438
stgcn,1534,1.0895
stgcn,1535,1.7525
stgcn,1536,1.1418
stgcn,1537,1.0211
stgcn,1538,2.9003
stgcn,1539,2.4150
stgcn,1540,1.1760
stgcn,1541,1.0334
stgcn,1542,2.2554
stgcn,1543,1.0869
stgcn,1544,1.0876
stgcn,1545,1.1637
stgcn,1546,1.1678
stgcn,1547,2.9528
stgcn,1548,1.2948
stgcn,1549,1.0779
stgcn,1550,1.2491
stgcn,1551,1.0646
stgcn,1552,1.0486
stgcn,1553,1.0507
stgcn,1554,1.0724
stgcn,1555,1.5566
stgcn,1556,1.0814
stgcn,1557,1.1875
stgcn,1558,1.0939
stgcn,1559,1.7120
stgcn,1560,1.1495
stgcn,1561,1.1514
stgcn,1562,1.2074
stgcn,1563,1.0874
stgcn,1564,1.1323
stgcn,1565,1.0994
stgcn,1566,1.1294
stgcn,1567,2.3733
stgcn,1568,1.9958
stgcn,1569,1.1558
stgcn,1570,1.1211
stgcn,1571,1.4777
stgcn,1572,1.0299
stgcn,1573,1.0596
stgcn,1574,1.0910
stgcn,1575,1.0152
stgcn,1576,1.1753
stgcn,1577,1.5572
stgcn,1578,1.2770
stgcn,1579,1.1486
stgcn,1580,1.1027
stgcn,1581,1.7083
stgcn,1582,2.1383
stgcn,1583,1.1680
stgcn,1584,1.0357
stgcn,1585,1.1626
stgcn,1586,1.0255
stgcn,1587,1.1487
stgcn,1588,1.1132
stgcn,1589,1.1044
stgcn,1590,1.1344
stgcn,1591,2.4940
stgcn,1592,1.9667
stgcn,1593,1.0715
stgcn,1594,1.1789
stgcn,1595,1.1161
stgcn,1596,1.8295
stgcn,1597,1.0794
stgcn,1598,1.0876
stgcn,1599,1.0619
stgcn,1600,1.0860
stgcn,1601,2.8129
stgcn,1602,1.1496
stgcn,1603,1.0985
stgcn,1604,1.3287
stgcn,1605,1.0640
stgcn,1606,1.0640
stgcn,1607,1.0966
stgcn,1608,1.1196
stgcn,1609,1.5084
stgcn,1610,1.1626
stgcn,1611,1.0411
stgcn,1612,2.3410
stgcn,1613,1.1656
stgcn,1614,1.8150
stgcn,1615,1.0220
stgcn,1616,1.1690
stgcn,1617,1.1490
stgcn,1618,1.1080
stgcn,1619,1.0572
stgcn,1620,3.1279
stgcn,1621,1.0390
stgcn,1622,2.5414
stgcn,1623,1.5708
stgcn,1624,1.1052
stgcn,1625,1.0422
stgcn,1626,1.3233
stgcn,1627,1.0383
stgcn,1628,1.0785
stgcn,1629,1.0298
stgcn,1630,1.1682
stgcn,1631,1.1613
stgcn,1632,1.0337
stgcn,1633,2.6421
stgcn,1634,1.1362
stgcn,1635,1.1043
stgcn,1636,1.0993
stgcn,1637,1.0706
stgcn,1638,1.3217
stgcn,1639,1.0635
stgcn,1640,1.1168
stgcn,1641,1.0738
stgcn,1642,1.0558
stgcn,1643,1.0474
stgcn,1644,2.5485
stgcn,1645,1.0734
stgcn,1646,1.1637
stgcn,1647,1.0563
stgcn,1648,1.1471
stgcn,1649,1.1127
stgcn,1650,1.0576
stgcn,1651,1.1532
stgcn,1652,1.5602
stgcn,1653,1.0745
stgcn,1654,1.1516
stgcn,1655,1.0487
stgcn,1656,1.9679
stgcn,1657,1.0540
stgcn,1658,1.2207
stgcn,1659,1.1161
stgcn,1660,1.0519
stgcn,1661,1.1077
stgcn,1662,0.9938
stgcn,1663,1.0060
stgcn,1664,1.3360
stgcn,1665,1.1317
stgcn,1666,1.0585
stgcn,1667,2.6456
stgcn,1668,1.5559
stgcn,1669,1.1720
stgcn,1670,1.0640
stgcn,1671,1.1677
stgcn,1672,1.0705
stgcn,1673,1.0773
stgcn,1674,1.4783
stgcn,1675,1.1658
stgcn,1676,1.2371
stgcn,1677,1.0632
stgcn,1678,1.0474
stgcn,1679,2.5037
stgcn,1680,1.1500
stgcn,1681,1.0373
stgcn,1682,1.0517
stgcn,1683,1.0321
stgcn,1684,1.0751
stgcn,1685,1.0603
stgcn,1686,1.4134
stgcn,1687,1.0165
stgcn,1688,1.0193
stgcn,1689,1.2385
stgcn,1690,2.4105
stgcn,1691,1.3200
stgcn,1692,1.1097
stgcn,1693,1.0727
stgcn,1694,1.0286
stgcn,1695,1.1785
stgcn,1696,1.0788
stgcn,1697,1.0808
stgcn,1698,1.2033
stgcn,1699,1.0772
stgcn,1700,1.1220
stgcn,1701,2.6347
stgcn,1702,1.1143
stgcn,1703,1.0740
stgcn,1704,1.0872
stgcn,1705,1.0402
stgcn,1706,1.0684
stgcn,1707,1.0954
stgcn,1708,1.0488
stgcn,1709,1.1379
stgcn,1710,1.2497
stgcn,1711,1.1128
stgcn,1712,1.0150
stgcn,1713,1.0058
stgcn,1714,1.0495
stgcn,1715,1.0300
stgcn,1716,1.3062
stgcn,1717,1.1129
stgcn,1718,1.0152
stgcn,1719,1.0765
stgcn,1720,1.1320
stgcn,1721,1.0275
stgcn,1722,1.0296
stgcn,1723,1.0123
stgcn,1724,1.0820
stgcn,1725,1.0420
stgcn,1726,1.0371
stgcn,1727,0.9942
stgcn,1728,1.6197
stgcn,1729,1.0961
stgcn,1730,1.2934
stgcn,1731,1.0170
stgcn,1732,1.0002
stgcn,1733,1.1549
stgcn,1734,1.4792
stgcn,1735,1.0186
stgcn,1736,1.1139
stgcn,1737,1.0914
stgcn,1738,2.9141
stgcn,1739,1.1613
stgcn,1740,1.1135
stgcn,1741,1.0996
stgcn,1742,1.2631
stgcn,1743,1.0547
stgcn,1744,1.0337
stgcn,1745,1.4405
stgcn,1746,1.1073
stgcn,1747,1.0974
stgcn,1748,1.0345
stgcn,1749,1.2336
stgcn,1750,2.3021
stgcn,1751,1.0364
stgcn,1752,1.1030
stgcn,1753,1.1396
stgcn,1754,1.1370
stgcn,1755,1.0567
stgcn,1756,1.0588
stgcn,1757,1.2614
stgcn,1758,1.0503
stgcn,1759,1.0521
stgcn,1760,1.1491
stgcn,1761,2.6933
stgcn,1762,1.1611
stgcn,1763,1.1006
stgcn,1764,1.0749
stgcn,1765,1.0477
stgcn,1766,1.1236
stgcn,1767,1.2121
stgcn,1768,1.2577
stgcn,1769,1.0615
stgcn,1770,1.1397
stgcn,1771,1.1162
stgcn,1772,2.8817
stgcn,1773,1.1362
stgcn,1774,1.0766
stgcn,1775,1.1791
stgcn,1776,1.0433
stgcn,1777,1.0089
stgcn,1778,1.0054
stgcn,1779,1.2033
stgcn,1780,1.2421
stgcn,1781,1.1838
stgcn,1782,1.1293
stgcn,1783,1.1705
stgcn,1784,2.4325
stgcn,1785,2.2818
stgcn,1786,1.0646
stgcn,1787,1.0323
stgcn,1788,1.4470
stgcn,1789,1.2336
stgcn,1790,1.0801
stgcn,1791,1.1445
stgcn,1792,1.2203
stgcn,1793,2.9252
stgcn,1794,1.2138
stgcn,1795,1.2291
stgcn,1796,1.0643
stgcn,1797,1.1105
stgcn,1798,1.1985
stgcn,1799,1.5252
stgcn,1800,1.2521
stgcn,1801,1.1016
stgcn,1802,1.1360
stgcn,1803,1.1067
stgcn,1804,3.5201
stgcn,1805,1.0811
stgcn,1806,1.1386
stgcn,1807,1.0510
stgcn,1808,1.0358
stgcn,1809,1.5387
stgcn,1810,1.1151
stgcn,1811,1.1208
stgcn,1812,1.0692
stgcn,1813,1.1380
stgcn,1814,2.4651
stgcn,1815,1.2863
stgcn,1816,1.1179
stgcn,1817,1.1835
stgcn,1818,1.1743
stgcn,1819,1.0436
stgcn,1820,1.5197
stgcn,1821,1.0266
stgcn,1822,1.1233
stgcn,1823,1.1066
stgcn,1824,1.0229
stgcn,1825,2.4202
stgcn,1826,1.2052
stgcn,1827,1.0995
stgcn,1828,1.0989
stgcn,1829,1.0946
stgcn,1830,1.1083
stgcn,1831,1.4872
stgcn,1832,1.1333
stgcn,1833,1.1088
stgcn,1834,1.0549
stgcn,1835,1.1186
stgcn,1836,1.1351
stgcn,1837,1.5614
stgcn,1838,1.0983
stgcn,1839,1.0465
stgcn,1840,1.2065
stgcn,1841,1.0249
stgcn,1842,1.1421
stgcn,1843,1.0383
stgcn,1844,1.2422
stgcn,1845,1.0273
stgcn,1846,1.0447
stgcn,1847,1.0942
stgcn,1848,1.0196
stgcn,1849,2.8891
stgcn,1850,1.0489
stgcn,1851,1.0757
stgcn,1852,1.0889
stgcn,1853,1.2181
stgcn,1854,1.1538
stgcn,1855,1.0187
stgcn,1856,1.0398
stgcn,1857,1.0401
stgcn,1858,1.0868
stgcn,1859,1.1041
stgcn,1860,1.0089
stgcn,1861,2.6706
stgcn,1862,1.1654
stgcn,1863,1.2933
stgcn,1864,1.1137
stgcn,1865,1.2822
stgcn,1866,1.8172
stgcn,1867,1.2102
stgcn,1868,1.0648
stgcn,1869,1.1375
stgcn,1870,1.1357
stgcn,1871,2.8254
stgcn,1872,1.1264
stgcn,1873,1.0004
stgcn,1874,1.1574
stgcn,1875,1.1437
stgcn,1876,1.2310
stgcn,1877,1.0429
stgcn,1878,1.3462
stgcn,1879,1.0932
stgcn,1880,1.1318
stgcn,1881,1.0909
stgcn,1882,2.5802
stgcn,1883,1.1972
stgcn,1884,1.1212
stgcn,1885,1.0408
stgcn,1886,1.1142
stgcn,1887,1.1169
stgcn,1888,1.4499
stgcn,1889,1.0370
stgcn,1890,1.2255
stgcn,1891,1.0907
stgcn,1892,1.0296
stgcn,1893,1.0991
stgcn,1894,1.9876
stgcn,1895,1.1194
stgcn,1896,1.0214
stgcn,1897,0.9865
stgcn,1898,1.1252
stgcn,1899,1.0198
stgcn,1900,1.4873
stgcn,1901,1.1944
stgcn,1902,1.0646
stgcn,1903,1.2907
stgcn,1904,1.1129
stgcn,1905,2.3873
stgcn,1906,1.1975
stgcn,1907,1.1528
stgcn,1908,1.1119
stgcn,1909,1.0702
stgcn,1910,1.1027
stgcn,1911,1.4792
stgcn,1912,1.1156
stgcn,1913,1.0612
stgcn,1914,1.0448
stgcn,1915,1.0718
stgcn,1916,2.5345
stgcn,1917,1.3136
stgcn,1918,1.0353
stgcn,1919,1.0329
stgcn,1920,1.0311
stgcn,1921,1.1147
stgcn,1922,1.0768
stgcn,1923,1.0994
stgcn,1924,1.0655
stgcn,1925,1.1047
stgcn,1926,1.1179
stgcn,1927,1.0193
stgcn,1928,1.3544
stgcn,1929,1.5603
stgcn,1930,1.0741
stgcn,1931,1.1618
stgcn,1932,1.0768
stgcn,1933,1.1555
stgcn,1934,1.0548
stgcn,1935,1.4149
stgcn,1936,1.1166
stgcn,1937,1.1051
stgcn,1938,0.9811
stgcn,1939,1.1637
stgcn,1940,2.8123
stgcn,1941,1.1855
stgcn,1942,1.0969
stgcn,1943,1.0715
stgcn,1944,1.0631
stgcn,1945,1.1071
stgcn,1946,1.1004
stgcn,1947,1.0216
stgcn,1948,1.1304
stgcn,1949,1.1080
stgcn,1950,1.0959
stgcn,1951,1.0950
stgcn,1952,1.0554
stgcn,1953,1.2556
stgcn,1954,1.4170
stgcn,1955,1.0963
stgcn,1956,1.1011
stgcn,1957,1.1464
stgcn,1958,1.1488
stgcn,1959,1.0907
stgcn,1960,1.1009
stgcn,1961,1.0963
stgcn,1962,1.2352
stgcn,1963,1.1037
stgcn,1964,1.0999
stgcn,1965,1.2979
stgcn,1966,1.0578
stgcn,1967,1.8059
stgcn,1968,1.2245
stgcn,1969,1.2798
stgcn,1970,1.1099
stgcn,1971,1.1537
stgcn,1972,1.5197
stgcn,1973,1.5708
stgcn,1974,3.3974
stgcn,1975,1.1458
stgcn,1976,1.4459
stgcn,1977,2.1298
stgcn,1978,1.0991
stgcn,1979,1.0410
stgcn,1980,1.1561
stgcn,1981,1.5843
stgcn,1982,1.0829
stgcn,1983,1.0892
stgcn,1984,1.1288
stgcn,1985,1.7735
stgcn,1986,1.1704
stgcn,1987,1.0490
stgcn,1988,1.1223
stgcn,1989,1.1200
stgcn,1990,1.3340
stgcn,1991,1.1441
stgcn,1992,1.1893
stgcn,1993,1.4979
stgcn,1994,1.0501
stgcn,1995,1.1061
stgcn,1996,2.5170
stgcn,1997,1.2605
stgcn,1998,1.5140
stgcn,1999,1.1867
stgcn,2000,1.1735
stgcn,2001,1.0720
stgcn,2002,1.2417
stgcn,2003,1.0694
stgcn,2004,1.0296
stgcn,2005,1.0884
stgcn,2006,1.1692
stgcn,2007,2.5427
stgcn,2008,1.2113
stgcn,2009,1.1117
stgcn,2010,1.1199
stgcn,2011,1.0529
stgcn,2012,1.1138
stgcn,2013,1.2388
stgcn,2014,1.2462
stgcn,2015,1.5820
stgcn,2016,1.1728
stgcn,2017,2.3272
stgcn,2018,1.0792
stgcn,2019,1.0550
stgcn,2020,1.0491
stgcn,2021,1.1650
stgcn,2022,1.0960
stgcn,2023,1.1062
stgcn,2024,1.0275
stgcn,2025,1.1901
stgcn,2026,1.1580
stgcn,2027,1.4005
stgcn,2028,1.1501
stgcn,2029,1.0833
stgcn,2030,1.5412
stgcn,2031,1.0709
stgcn,2032,1.1425
stgcn,2033,1.5782
stgcn,2034,1.0511
stgcn,2035,1.0621
stgcn,2036,1.0315
stgcn,2037,1.1619
stgcn,2038,1.0286
stgcn,2039,1.5698
stgcn,2040,1.2431
stgcn,2041,2.2161
stgcn,2042,1.0871
stgcn,2043,1.0962
stgcn,2044,1.1634
stgcn,2045,1.0571
stgcn,2046,1.0765
stgcn,2047,1.1024
stgcn,2048,1.0354
stgcn,2049,1.0426
stgcn,2050,1.0761
stgcn,2051,0.9713
stgcn,2052,0.9918
stgcn,2053,1.8190
stgcn,2054,1.2625
stgcn,2055,1.1196
stgcn,2056,1.1535
stgcn,2057,1.0956
stgcn,2058,1.1166
stgcn,2059,1.0598
stgcn,2060,1.1800
stgcn,2061,1.1187
stgcn,2062,1.0809
stgcn,2063,1.0587
stgcn,2064,1.4866
stgcn,2065,1.0908
stgcn,2066,1.2134
stgcn,2067,1.2879
stgcn,2068,1.1921
stgcn,2069,1.0429
stgcn,2070,1.1496
stgcn,2071,1.0433
stgcn,2072,1.0170
stgcn,2073,1.0889
stgcn,2074,1.0729
stgcn,2075,1.1665
stgcn,2076,1.0988
stgcn,2077,2.6532
stgcn,2078,1.2049
stgcn,2079,1.2057
stgcn,2080,1.1644
stgcn,2081,1.0921
stgcn,2082,1.1724
stgcn,2083,1.1474
stgcn,2084,1.1051
stgcn,2085,1.0930
stgcn,2086,1.0893
stgcn,2087,1.1643
stgcn,2088,1.4933
stgcn,2089,2.0299
stgcn,2090,1.1017
stgcn,2091,1.1300
stgcn,2092,1.1882
stgcn,2093,1.1581
stgcn,2094,1.5381
stgcn,2095,1.0895
stgcn,2096,1.1137
stgcn,2097,1.1175
stgcn,2098,1.0379
stgcn,2099,1.0707
stgcn,2100,1.5119
stgcn,2101,1.1702
stgcn,2102,1.0882
stgcn,2103,1.1930
stgcn,2104,1.0723
stgcn,2105,1.1317
stgcn,2106,1.2000
stgcn,2107,1.2453
stgcn,2108,1.0462
stgcn,2109,1.1491
stgcn,2110,1.0789
stgcn,2111,1.1071
stgcn,2112,1.0532
stgcn,2113,1.1498
stgcn,2114,1.1261
stgcn,2115,1.0789
stgcn,2116,1.0778
stgcn,2117,1.0291
stgcn,2118,0.9983
stgcn,2119,1.1821
stgcn,2120,1.6112
stgcn,2121,1.1537
stgcn,2122,1.0160
stgcn,2123,1.1503
stgcn,2124,2.5712
stgcn,2125,1.0178
stgcn,2126,1.1752
stgcn,2127,1.9708
stgcn,2128,1.0554
stgcn,2129,1.1441
stgcn,2130,1.1546
stgcn,2131,1.1208
stgcn,2132,1.1987
stgcn,2133,1.1630
stgcn,2134,1.0465
stgcn,2135,2.5585
stgcn,2136,1.6693
stgcn,2137,1.1777
stgcn,2138,1.1412
stgcn,2139,1.0215
stgcn,2140,1.1237
stgcn,2141,1.1496
stgcn,2142,1.5603
stgcn,2143,1.0525
stgcn,2144,1.0536
stgcn,2145,1.1142
stgcn,2146,3.1505
stgcn,2147,1.3086
stgcn,2148,1.1258
stgcn,2149,1.0367
stgcn,2150,1.1386
stgcn,2151,1.0725
stgcn,2152,1.1096
stgcn,2153,1.1426
stgcn,2154,1.3519
stgcn,2155,1.0836
stgcn,2156,1.0963
stgcn,2157,1.0662
stgcn,2158,1.1007
stgcn,2159,1.0613
stgcn,2160,1.1343
stgcn,2161,1.0275
stgcn,2162,1.0955
stgcn,2163,1.0175
stgcn,2164,1.1112
stgcn,2165,1.1070
stgcn,2166,1.5405
stgcn,2167,1.2371
stgcn,2168,1.0842
stgcn,2169,2.7063
stgcn,2170,1.0502
stgcn,2171,1.5002
stgcn,2172,1.1207
stgcn,2173,1.0714
stgcn,2174,1.0904
stgcn,2175,1.1850
stgcn,2176,1.1397
stgcn,2177,1.5374
stgcn,2178,1.1537
stgcn,2179,3.0144
stgcn,2180,1.1384
stgcn,2181,1.1350
stgcn,2182,1.0249
stgcn,2183,1.1229
stgcn,2184,1.0112
stgcn,2185,1.1396
stgcn,2186,1.0359
stgcn,2187,1.0346
stgcn,2188,1.1049
stgcn,2189,1.5151
stgcn,2190,1.0815
stgcn,2191,2.5986
stgcn,2192,1.0681
stgcn,2193,1.1589
stgcn,2194,1.4637
stgcn,2195,1.1775
stgcn,2196,1.0506
stgcn,2197,1.1485
stgcn,2198,1.0830
stgcn,2199,1.1196
stgcn,2200,1.2137
stgcn,2201,1.1679
stgcn,2202,2.6669
stgcn,2203,1.1266
stgcn,2204,1.0751
stgcn,2205,1.4417
stgcn,2206,1.1726
stgcn,2207,1.0889
stgcn,2208,1.0604
stgcn,2209,1.1569
stgcn,2210,1.0776
stgcn,2211,1.0188
stgcn,2212,2.8379
stgcn,2213,1.2031
stgcn,2214,1.1378
stgcn,2215,1.2092
stgcn,2216,1.1317
stgcn,2217,1.5532
stgcn,2218,1.1094
stgcn,2219,1.1242
stgcn,2220,1.1548
stgcn,2221,1.0633
stgcn,2222,1.0570
stgcn,2223,1.5078
stgcn,2224,1.4064
stgcn,2225,1.0766
stgcn,2226,1.0800
stgcn,2227,1.0691
stgcn,2228,1.2764
stgcn,2229,1.1598
stgcn,2230,1.2465
stgcn,2231,1.1477
stgcn,2232,1.1027
stgcn,2233,1.0884
stgcn,2234,1.0528
stgcn,2235,1.0770
stgcn,2236,1.6552
stgcn,2237,1.1722
stgcn,2238,1.0292
stgcn,2239,1.0974
stgcn,2240,1.1866
stgcn,2241,1.1161
stgcn,2242,1.6193
stgcn,2243,1.0905
stgcn,2244,1.0969
stgcn,2245,1.0745
stgcn,2246,1.0157
stgcn,2247,2.3386
stgcn,2248,1.1530
stgcn,2249,1.0403
stgcn,2250,1.1154
stgcn,2251,1.0623
stgcn,2252,1.0240
stgcn,2253,1.0291
stgcn,2254,1.5307
stgcn,2255,1.1244
stgcn,2256,1.2302
stgcn,2257,1.2290
stgcn,2258,1.0906
stgcn,2259,1.0589
stgcn,2260,1.6458
stgcn,2261,1.0961
stgcn,2262,1.0559
stgcn,2263,1.0089
stgcn,2264,1.0932
stgcn,2265,1.1134
stgcn,2266,1.0652
stgcn,2267,1.0577
stgcn,2268,1.0749
stgcn,2269,1.2470
stgcn,2270,1.0286
stgcn,2271,2.7106
stgcn,2272,1.2941
stgcn,2273,1.1394
stgcn,2274,1.0396
stgcn,2275,1.1615
stgcn,2276,1.2082
stgcn,2277,1.5058
stgcn,2278,1.1229
stgcn,2279,1.0866
stgcn,2280,1.1880
stgcn,2281,1.1118
stgcn,2282,1.8811
stgcn,2283,1.0947
stgcn,2284,1.0948
stgcn,2285,1.0729
stgcn,2286,1.1129
stgcn,2287,1.0525
stgcn,2288,1.1290
stgcn,2289,1.5183
stgcn,2290,1.0390
stgcn,2291,1.1164
stgcn,2292,1.1018
stgcn,2293,1.4993
stgcn,2294,2.4701
stgcn,2295,1.0568
stgcn,2296,1.1945
stgcn,2297,1.1977
stgcn,2298,1.1570
stgcn,2299,1.1483
stgcn,2300,1.1587
stgcn,2301,1.1491
stgcn,2302,1.1698
stgcn,2303,1.0866
stgcn,2304,1.0812
stgcn,2305,1.1167
stgcn,2306,1.5625
stgcn,2307,1.0776
stgcn,2308,1.1249
stgcn,2309,1.1523
stgcn,2310,1.1195
stgcn,2311,1.1411
stgcn,2312,1.1160
stgcn,2313,1.5249
stgcn,2314,1.0972
stgcn,2315,1.0008
stgcn,2316,1.0887
stgcn,2317,2.3521
stgcn,2318,1.6235
stgcn,2319,1.2310
stgcn,2320,1.1932
stgcn,2321,1.2244
stgcn,2322,1.1737
stgcn,2323,1.5827
stgcn,2324,1.1809
stgcn,2325,1.1057
stgcn,2326,1.0566
stgcn,2327,1.1858
stgcn,2328,1.2858
stgcn,2329,1.1099
stgcn,2330,1.1471
stgcn,2331,1.0872
stgcn,2332,1.1999
stgcn,2333,1.1625
stgcn,2334,1.0423
stgcn,2335,1.4605
stgcn,2336,1.1938
stgcn,2337,1.1286
stgcn,2338,1.0689
stgcn,2339,1.0869
stgcn,2340,2.6528
stgcn,2341,1.0509
stgcn,2342,1.1344
stgcn,2343,1.0205
stgcn,2344,1.1661
stgcn,2345,1.1325
stgcn,2346,1.2838
stgcn,2347,1.3772
stgcn,2348,1.2882
stgcn,2349,1.4136
stgcn,2350,1.1239
stgcn,2351,1.2117
stgcn,2352,1.0545
stgcn,2353,1.0698
stgcn,2354,1.0335
stgcn,2355,1.0270
stgcn,2356,1.0168
stgcn,2357,1.0568
stgcn,2358,1.1331
stgcn,2359,1.0933
stgcn,2360,1.0635
stgcn,2361,1.0920
stgcn,2362,1.1635
stgcn,2363,2.2482
stgcn,2364,1.6227
stgcn,2365,1.2097
stgcn,2366,1.0287
stgcn,2367,1.1389
stgcn,2368,1.2859
stgcn,2369,1.0735
stgcn,2370,1.0206
stgcn,2371,1.2017
stgcn,2372,1.1349
stgcn,2373,1.0246
stgcn,2374,1.1273
stgcn,2375,2.4525
stgcn,2376,1.0721
stgcn,2377,1.0680
stgcn,2378,1.1515
stgcn,2379,1.0405
stgcn,2380,1.0141
stgcn,2381,1.0464
stgcn,2382,1.1391
stgcn,2383,1.1436
stgcn,2384,1.2551
stgcn,2385,1.1523
stgcn,2386,2.5791
stgcn,2387,1.0817
stgcn,2388,1.1048
stgcn,2389,1.0560
stgcn,2390,1.0509
stgcn,2391,1.0978
stgcn,2392,1.0431
stgcn,2393,1.0730
stgcn,2394,1.1304
stgcn,2395,1.1276
stgcn,2396,1.1920
stgcn,2397,1.2374
stgcn,2398,2.5366
stgcn,2399,1.1816
stgcn,2400,1.1472
stgcn,2401,1.0813
stgcn,2402,1.1455
stgcn,2403,1.0998
stgcn,2404,1.3800
stgcn,2405,1.0654
stgcn,2406,1.1466
stgcn,2407,1.1514
stgcn,2408,1.1353
stgcn,2409,1.2336
stgcn,2410,1.3955
stgcn,2411,1.1195
stgcn,2412,1.0103
stgcn,2413,1.0214
stgcn,2414,1.0349
stgcn,2415,1.0312
stgcn,2416,1.0538
stgcn,2417,1.3109
stgcn,2418,1.0255
stgcn,2419,1.0129
stgcn,2420,1.0831
stgcn,2421,1.1501
stgcn,2422,2.7866
stgcn,2423,1.1375
stgcn,2424,1.1630
stgcn,2425,1.1220
stgcn,2426,1.0583
stgcn,2427,1.1233
stgcn,2428,1.1187
stgcn,2429,1.0957
stgcn,2430,0.9949
stgcn,2431,1.0698
stgcn,2432,1.1352
stgcn,2433,1.9891
stgcn,2434,1.0965
stgcn,2435,1.1287
stgcn,2436,1.2209
stgcn,2437,1.1573
stgcn,2438,1.0520
stgcn,2439,1.5427
stgcn,2440,1.1098
stgcn,2441,1.0698
stgcn,2442,1.0916
stgcn,2443,1.0776
stgcn,2444,1.0019
stgcn,2445,3.2148
stgcn,2446,1.1401
stgcn,2447,1.1958
stgcn,2448,1.0694
stgcn,2449,1.1330
stgcn,2450,1.7406
stgcn,2451,1.2100
stgcn,2452,1.0627
stgcn,2453,1.0498
stgcn,2454,1.1612
stgcn,2455,1.0551
stgcn,2456,1.1864
stgcn,2457,1.1478
stgcn,2458,1.0696
stgcn,2459,1.1652
stgcn,2460,1.2342
stgcn,2461,1.2906
stgcn,2462,1.3229
stgcn,2463,1.1147
stgcn,2464,1.1115
stgcn,2465,1.0927
stgcn,2466,1.0840
stgcn,2467,2.9884
stgcn,2468,1.0675
stgcn,2469,1.2640
stgcn,2470,1.1018
stgcn,2471,1.0612
stgcn,2472,1.1167
stgcn,2473,1.3358
stgcn,2474,1.1504
stgcn,2475,1.1525
stgcn,2476,1.0519
stgcn,2477,1.0103
stgcn,2478,2.6436
stgcn,2479,1.0975
stgcn,2480,1.0093
stgcn,2481,1.0260
stgcn,2482,1.0013
stgcn,2483,1.1595
stgcn,2484,1.4304
stgcn,2485,0.9945
stgcn,2486,1.1369
stgcn,2487,1.1178
stgcn,2488,1.0672
stgcn,2489,1.1070
stgcn,2490,1.4092
stgcn,2491,1.0380
stgcn,2492,1.0127
stgcn,2493,0.9868
stgcn,2494,1.0966
stgcn,2495,1.0202
stgcn,2496,1.5103
stgcn,2497,1.0682
stgcn,2498,0.9948
stgcn,2499,1.0104
stgcn,2500,0.9917
stgcn,2501,1.4722
stgcn,2502,1.5174
stgcn,2503,1.2955
stgcn,2504,1.2512
stgcn,2505,0.9789
stgcn,2506,1.0865
stgcn,2507,1.1085
stgcn,2508,1.1100
stgcn,2509,1.1487
stgcn,2510,1.0167
stgcn,2511,1.0264
stgcn,2512,0.9898
stgcn,2513,0.9935
stgcn,2514,1.0107
stgcn,2515,2.7807
stgcn,2516,1.1140
stgcn,2517,1.1008
stgcn,2518,1.0885
stgcn,2519,1.1535
stgcn,2520,1.4935
stgcn,2521,1.2133
stgcn,2522,1.1462
stgcn,2523,1.0889
stgcn,2524,1.1326
stgcn,2525,1.5466
stgcn,2526,1.4129
stgcn,2527,2.2402
stgcn,2528,1.1449
stgcn,2529,1.0480
stgcn,2530,1.5154
stgcn,2531,1.1529
stgcn,2532,1.3967
stgcn,2533,1.1272
stgcn,2534,1.0688
stgcn,2535,1.0890
stgcn,2536,1.5377
stgcn,2537,2.3274
stgcn,2538,1.4708
stgcn,2539,1.1108
stgcn,2540,1.5511
stgcn,2541,1.3641
stgcn,2542,1.0901
stgcn,2543,1.0819
stgcn,2544,1.2228
stgcn,2545,1.1818
stgcn,2546,1.4850
stgcn,2547,2.5223
stgcn,2548,1.0628
stgcn,2549,1.2348
stgcn,2550,1.1911
stgcn,2551,1.1747
stgcn,2552,1.1462
stgcn,2553,1.1021
stgcn,2554,1.0809
stgcn,2555,1.2539
stgcn,2556,1.1376
stgcn,2557,1.5333
stgcn,2558,1.2743
stgcn,2559,1.4754
stgcn,2560,1.1708
stgcn,2561,1.1457
stgcn,2562,1.4749
stgcn,2563,1.1690
stgcn,2564,1.1022
stgcn,2565,1.2322
stgcn,2566,1.1280
stgcn,2567,1.2477
stgcn,2568,1.1271
stgcn,2569,1.1502
stgcn,2570,1.2144
stgcn,2571,1.4259
stgcn,2572,1.1265
stgcn,2573,3.4260
stgcn,2574,1.3832
stgcn,2575,1.0224
stgcn,2576,1.3199
stgcn,2577,1.2658
stgcn,2578,1.0538
stgcn,2579,3.5422
stgcn,2580,1.1457
stgcn,2581,1.1807
stgcn,2582,1.1242
stgcn,2583,1.3054
stgcn,2584,1.0885
stgcn,2585,1.0223
stgcn,2586,1.1614
stgcn,2587,1.1080
stgcn,2588,1.1442
stgcn,2589,2.6816
stgcn,2590,1.1866
stgcn,2591,1.0613
stgcn,2592,1.1361
stgcn,2593,1.1269
stgcn,2594,1.3047
stgcn,2595,1.0589
stgcn,2596,1.1428
stgcn,2597,1.0899
stgcn,2598,1.0806
stgcn,2599,1.4619
stgcn,2600,2.8504
stgcn,2601,1.0691
stgcn,2602,1.0688
stgcn,2603,1.0408
stgcn,2604,1.5587
stgcn,2605,1.2279
stgcn,2606,1.0997
stgcn,2607,1.1967
stgcn,2608,1.1812
stgcn,2609,1.1157
stgcn,2610,1.0639
stgcn,2611,1.2297
stgcn,2612,1.3615
stgcn,2613,1.1044
stgcn,2614,1.1257
stgcn,2615,1.0656
stgcn,2616,1.0077
stgcn,2617,1.1367
stgcn,2618,1.0695
stgcn,2619,1.0331
stgcn,2620,1.0810
stgcn,2621,1.2083
stgcn,2622,1.3558
stgcn,2623,2.7373
stgcn,2624,1.0677
stgcn,2625,1.1574
stgcn,2626,1.6290
stgcn,2627,1.0503
stgcn,2628,1.0955
stgcn,2629,1.0513
stgcn,2630,1.1116
stgcn,2631,1.0344
stgcn,2632,1.1153
stgcn,2633,1.6475
stgcn,2634,1.1062
stgcn,2635,1.4330
stgcn,2636,1.2586
stgcn,2637,1.1510
stgcn,2638,1.5203
stgcn,2639,1.0499
stgcn,2640,1.4623
stgcn,2641,1.0490
stgcn,2642,1.0176
stgcn,2643,1.0912
stgcn,2644,1.4526
stgcn,2645,2.9583
stgcn,2646,1.1998
stgcn,2647,1.0080
stgcn,2648,1.5655
stgcn,2649,1.1602
stgcn,2650,1.0331
stgcn,2651,1.0586
stgcn,2652,1.0675
stgcn,2653,1.0535
stgcn,2654,1.4948
stgcn,2655,4.6652
stgcn,2656,1.1853
stgcn,2657,1.1327
stgcn,2658,1.0989
stgcn,2659,1.1415
stgcn,2660,1.1735
stgcn,2661,1.1447
stgcn,2662,1.1059
stgcn,2663,1.1504
stgcn,2664,1.0999
stgcn,2665,1.2034
stgcn,2666,1.2903
stgcn,2667,1.4855
stgcn,2668,1.2493
stgcn,2669,1.0771
stgcn,2670,1.1320
stgcn,2671,1.2321
stgcn,2672,1.0866
stgcn,2673,1.0982
stgcn,2674,1.2235
stgcn,2675,1.4889
stgcn,2676,1.1348
stgcn,2677,1.1135
stgcn,2678,1.2778
stgcn,2679,1.2766
stgcn,2680,1.1745
stgcn,2681,1.9133
stgcn,2682,1.0397
stgcn,2683,1.1357
stgcn,2684,1.0487
stgcn,2685,1.0672
stgcn,2686,1.0887
stgcn,2687,1.5642
stgcn,2688,2.4923
stgcn,2689,1.2049
stgcn,2690,1.1796
stgcn,2691,1.0534
stgcn,2692,1.1724
stgcn,2693,1.0875
stgcn,2694,1.1294
stgcn,2695,1.1573
stgcn,2696,1.1143
stgcn,2697,1.0644
stgcn,2698,1.0238
stgcn,2699,1.1441
stgcn,2700,1.0390
stgcn,2701,1.2108
stgcn,2702,1.0724
stgcn,2703,1.0429
stgcn,2704,1.1289
stgcn,2705,1.0307
stgcn,2706,1.1140
stgcn,2707,1.1145
stgcn,2708,1.0505
stgcn,2709,1.0266
stgcn,2710,1.1376
stgcn,2711,0.9999
stgcn,2712,1.0981
stgcn,2713,2.5270
stgcn,2714,1.0221
stgcn,2715,1.1559
stgcn,2716,1.1092
stgcn,2717,1.1846
stgcn,2718,1.0367
stgcn,2719,0.9923
stgcn,2720,1.0877
stgcn,2721,1.2247
stgcn,2722,1.1021
stgcn,2723,1.0413
stgcn,2724,1.0509
stgcn,2725,2.3791
stgcn,2726,1.1368
stgcn,2727,1.5869
stgcn,2728,1.1855
stgcn,2729,1.0553
stgcn,2730,1.0340
stgcn,2731,1.0906
stgcn,2732,1.2385
stgcn,2733,1.1334
stgcn,2734,1.2199
stgcn,2735,1.1841
stgcn,2736,1.0837
stgcn,2737,1.6032
stgcn,2738,1.0673
stgcn,2739,1.5713
stgcn,2740,1.0724
stgcn,2741,1.0662
stgcn,2742,1.0656
stgcn,2743,1.0472
stgcn,2744,1.0969
stgcn,2745,1.5722
stgcn,2746,1.0989
stgcn,2747,1.1634
stgcn,2748,2.0762
stgcn,2749,1.0817
stgcn,2750,1.0501
stgcn,2751,1.0469
stgcn,2752,1.1711
stgcn,2753,1.0940
stgcn,2754,1.0599
stgcn,2755,1.0478
stgcn,2756,1.1779
stgcn,2757,1.5436
stgcn,2758,1.3501
stgcn,2759,2.4684
stgcn,2760,1.1962
stgcn,2761,1.1167
stgcn,2762,1.1808
stgcn,2763,1.0775
stgcn,2764,1.8017
stgcn,2765,1.0326
stgcn,2766,1.2496
stgcn,2767,1.0388
stgcn,2768,1.0867
stgcn,2769,1.0711
stgcn,2770,1.1457
stgcn,2771,1.1545
stgcn,2772,1.1097
stgcn,2773,1.6021
stgcn,2774,1.1189
stgcn,2775,1.1080
stgcn,2776,1.1144
stgcn,2777,1.2061
stgcn,2778,1.0326
stgcn,2779,1.4782
stgcn,2780,1.1674
stgcn,2781,1.1335
stgcn,2782,2.4288
stgcn,2783,1.0905
stgcn,2784,1.5151
stgcn,2785,1.0602
stgcn,2786,1.1550
stgcn,2787,1.0959
stgcn,2788,1.0192
stgcn,2789,1.0752
stgcn,2790,1.4124
stgcn,2791,1.1038
stgcn,2792,1.0852
stgcn,2793,2.3817
stgcn,2794,1.1498
stgcn,2795,1.1299
stgcn,2796,1.1661
stgcn,2797,1.0546
stgcn,2798,1.1646
stgcn,2799,1.0678
stgcn,2800,1.1166
stgcn,2801,1.0988
stgcn,2802,1.1320
stgcn,2803,1.1017
stgcn,2804,1.0876
stgcn,2805,2.0062
stgcn,2806,1.1352
stgcn,2807,1.5660
stgcn,2808,1.1056
stgcn,2809,1.0334
stgcn,2810,1.0593
stgcn,2811,1.1133
stgcn,2812,1.0700
stgcn,2813,1.0713
stgcn,2814,1.1230
stgcn,2815,1.1011
stgcn,2816,2.3535
stgcn,2817,1.1340
stgcn,2818,1.1840
stgcn,2819,1.2107
stgcn,2820,1.0426
stgcn,2821,1.1215
stgcn,2822,1.0511
stgcn,2823,1.1617
stgcn,2824,1.4996
stgcn,2825,1.1373
stgcn,2826,1.0659
stgcn,2827,1.0264
stgcn,2828,2.1079
stgcn,2829,1.5415
stgcn,2830,1.1473
stgcn,2831,1.0177
stgcn,2832,1.0193
stgcn,2833,1.0630
stgcn,2834,1.2678
stgcn,2835,1.0291
stgcn,2836,1.0421
stgcn,2837,1.1003
stgcn,2838,1.0854
stgcn,2839,2.4826
stgcn,2840,1.0359
stgcn,2841,1.1105
stgcn,2842,1.1593
stgcn,2843,1.0315
stgcn,2844,1.1300
stgcn,2845,1.0932
stgcn,2846,1.0889
stgcn,2847,1.2543
stgcn,2848,1.0110
stgcn,2849,1.1084
stgcn,2850,1.1033
stgcn,2851,2.7870
stgcn,2852,1.1873
stgcn,2853,1.1589
stgcn,2854,1.0776
stgcn,2855,1.1165
stgcn,2856,1.0958
stgcn,2857,1.1537
stgcn,2858,1.4364
stgcn,2859,1.1879
stgcn,2860,1.0718
stgcn,2861,1.0145
stgcn,2862,2.3694
stgcn,2863,1.0473
stgcn,2864,1.1875
stgcn,2865,1.0507
stgcn,2866,1.0217
stgcn,2867,1.0889
stgcn,2868,1.0260
stgcn,2869,1.1498
stgcn,2870,1.4719
stgcn,2871,1.1406
stgcn,2872,1.1712
stgcn,2873,1.1351
stgcn,2874,1.1348
stgcn,2875,1.2242
stgcn,2876,1.1895
stgcn,2877,1.1959
stgcn,2878,1.1276
stgcn,2879,1.0685
stgcn,2880,1.1355
stgcn,2881,1.0652
stgcn,2882,1.1180
stgcn,2883,1.2571
stgcn,2884,1.0473
stgcn,2885,1.1391
stgcn,2886,2.6572
stgcn,2887,1.5726
stgcn,2888,1.1668
stgcn,2889,1.1409
stgcn,2890,1.0437
stgcn,2891,1.1070
stgcn,2892,1.0286
stgcn,2893,1.0343
stgcn,2894,1.1153
stgcn,2895,1.0883
stgcn,2896,1.0816
stgcn,2897,1.2452
stgcn,2898,1.2263
stgcn,2899,1.7470
stgcn,2900,1.1757
stgcn,2901,1.2236
stgcn,2902,1.1092
stgcn,2903,1.1637
stgcn,2904,1.0966
stgcn,2905,1.1135
stgcn,2906,1.1610
stgcn,2907,1.1756
stgcn,2908,1.0686
stgcn,2909,2.3378
stgcn,2910,1.2001
stgcn,2911,1.2298
stgcn,2912,1.0485
stgcn,2913,1.1630
stgcn,2914,1.0812
stgcn,2915,1.1328
stgcn,2916,1.0349
stgcn,2917,1.1525
stgcn,2918,1.0326
stgcn,2919,1.0041
stgcn,2920,1.1744
stgcn,2921,1.0764
stgcn,2922,1.3139
stgcn,2923,1.3160
stgcn,2924,1.1843
stgcn,2925,1.0431
stgcn,2926,1.1183
stgcn,2927,2.1360
stgcn,2928,1.0877
stgcn,2929,1.2189
stgcn,2930,1.0631
stgcn,2931,1.1036
stgcn,2932,2.3280
stgcn,2933,1.0941
stgcn,2934,1.1625
stgcn,2935,1.2183
stgcn,2936,1.0958
stgcn,2937,1.0597
stgcn,2938,1.0857
stgcn,2939,1.4707
stgcn,2940,1.1284
stgcn,2941,1.0293
stgcn,2942,1.0051
stgcn,2943,2.5583
stgcn,2944,1.5504
stgcn,2945,1.3019
stgcn,2946,1.1695
stgcn,2947,1.2632
stgcn,2948,1.0732
stgcn,2949,1.4770
stgcn,2950,1.1272
stgcn,2951,1.1048
stgcn,2952,1.1063
stgcn,2953,1.0850
stgcn,2954,3.1555
stgcn,2955,1.1743
stgcn,2956,1.1084
stgcn,2957,1.1636
stgcn,2958,1.2025
stgcn,2959,1.2046
stgcn,2960,1.1593
stgcn,2961,1.1004
stgcn,2962,1.0804
stgcn,2963,1.0836
stgcn,2964,1.1209
stgcn,2965,2.4917
stgcn,2966,1.1203
stgcn,2967,1.1370
stgcn,2968,1.0770
stgcn,2969,1.0924
stgcn,2970,1.0969
stgcn,2971,1.6791
stgcn,2972,1.0849
stgcn,2973,1.0725
stgcn,2974,1.0288
stgcn,2975,1.1198
stgcn,2976,2.9113
stgcn,2977,1.1468
stgcn,2978,1.1349
stgcn,2979,1.0746
stgcn,2980,1.0949
stgcn,2981,1.0236
stgcn,2982,1.4923
stgcn,2983,1.1846
stgcn,2984,1.0942
stgcn,2985,1.1644
stgcn,2986,1.0890
stgcn,2987,2.9354
stgcn,2988,1.1253
stgcn,2989,1.0664
stgcn,2990,1.0730
stgcn,2991,1.1520
stgcn,2992,1.1580
stgcn,2993,1.0613
stgcn,2994,1.3055
stgcn,2995,1.2167
stgcn,2996,1.0193
stgcn,2997,1.2648
stgcn,2998,1.1352
stgcn,2999,1.1290
stgcn,3000,1.1800
stgcn,3001,1.1252
stgcn,3002,1.1873
stgcn,3003,1.0685
stgcn,3004,0.9948
stgcn,3005,1.3224
stgcn,3006,1.0591
stgcn,3007,1.1011
stgcn,3008,1.1002
stgcn,3009,1.1429
stgcn,3010,1.0259
stgcn,3011,2.1891
stgcn,3012,1.1373
stgcn,3013,1.0827
stgcn,3014,1.0947
stgcn,3015,1.0098
stgcn,3016,1.0849
stgcn,3017,1.0372
stgcn,3018,1.1436
stgcn,3019,1.0413
stgcn,3020,1.0393
stgcn,3021,1.1806
stgcn,3022,2.7587
stgcn,3023,1.1126
stgcn,3024,1.1360
stgcn,3025,1.0490
stgcn,3026,1.0417
stgcn,3027,1.0221
stgcn,3028,1.5995
stgcn,3029,1.1881
stgcn,3030,1.0552
stgcn,3031,1.0313
stgcn,3032,1.0902
stgcn,3033,2.2949
stgcn,3034,1.2170
stgcn,3035,1.0344
stgcn,3036,1.1701
stgcn,3037,1.0950
stgcn,3038,1.0155
stgcn,3039,1.1473
stgcn,3040,1.0606
stgcn,3041,1.1210
stgcn,3042,1.1124
stgcn,3043,1.0907
stgcn,3044,1.0808
stgcn,3045,2.3044
stgcn,3046,1.2162
stgcn,3047,1.1567
stgcn,3048,1.1322
stgcn,3049,1.0331
stgcn,3050,1.0440
stgcn,3051,1.0083
stgcn,3052,1.1052
stgcn,3053,1.0382
stgcn,3054,1.1119
stgcn,3055,1.1145
stgcn,3056,1.0717
stgcn,3057,2.1627
stgcn,3058,1.1480
stgcn,3059,1.0355
stgcn,3060,1.0242
stgcn,3061,1.1811
stgcn,3062,1.0681
stgcn,3063,1.1417
stgcn,3064,1.0203
stgcn,3065,1.0062
stgcn,3066,1.0359
stgcn,3067,1.0664
stgcn,3068,1.0911
stgcn,3069,1.0649
stgcn,3070,1.7053
stgcn,3071,1.0909
stgcn,3072,1.1335
stgcn,3073,1.0858
stgcn,3074,1.0529
stgcn,3075,1.2458
stgcn,3076,1.3344
stgcn,3077,1.0632
stgcn,3078,1.1104
stgcn,3079,1.1380
stgcn,3080,1.0513
stgcn,3081,1.9640
stgcn,3082,1.1860
stgcn,3083,1.1650
stgcn,3084,1.1446
stgcn,3085,1.0342
stgcn,3086,1.1084
stgcn,3087,1.5159
stgcn,3088,1.2527
stgcn,3089,1.1595
stgcn,3090,1.1323
stgcn,3091,1.1253
stgcn,3092,1.0797
stgcn,3093,1.7135
stgcn,3094,1.1115
stgcn,3095,1.1386
stgcn,3096,1.1239
stgcn,3097,1.1238
stgcn,3098,1.0466
stgcn,3099,1.0524
stgcn,3100,1.1494
stgcn,3101,1.1631
stgcn,3102,1.1089
stgcn,3103,1.0789
stgcn,3104,1.1503
stgcn,3105,2.7905
stgcn,3106,1.0898
stgcn,3107,1.0432
stgcn,3108,1.0521
stgcn,3109,1.1291
stgcn,3110,1.5922
stgcn,3111,1.0915
stgcn,3112,1.0540
stgcn,3113,1.2117
stgcn,3114,1.0458
stgcn,3115,1.1278
stgcn,3116,2.7618
stgcn,3117,1.1048
stgcn,3118,1.0319
stgcn,3119,1.0676
stgcn,3120,1.0177
stgcn,3121,1.4844
stgcn,3122,1.1081
stgcn,3123,1.0540
stgcn,3124,1.0518
stgcn,3125,1.2320
stgcn,3126,1.1090
stgcn,3127,1.5204
stgcn,3128,1.1821
stgcn,3129,1.3395
stgcn,3130,1.0812
stgcn,3131,1.1201
stgcn,3132,1.1199
stgcn,3133,1.4914
stgcn,3134,1.1068
stgcn,3135,1.1332
stgcn,3136,1.0726
stgcn,3137,1.1319
stgcn,3138,1.0359
stgcn,3139,1.2172
stgcn,3140,1.2293
stgcn,3141,1.1458
stgcn,3142,1.0926
stgcn,3143,1.1225
stgcn,3144,1.0576
stgcn,3145,1.1280
stgcn,3146,1.1586
stgcn,3147,1.0954
stgcn,3148,0.9958
stgcn,3149,1.1112
stgcn,3150,1.0423
stgcn,3151,1.0969
stgcn,3152,3.0439
stgcn,3153,1.1940
stgcn,3154,1.1364
stgcn,3155,1.0077
stgcn,3156,1.5231
stgcn,3157,1.1572
stgcn,3158,1.1926
stgcn,3159,1.1464
stgcn,3160,1.0852
stgcn,3161,1.1047
stgcn,3162,1.5400
stgcn,3163,1.1108
stgcn,3164,1.4908
stgcn,3165,1.1662
stgcn,3166,1.0737
stgcn,3167,1.0584
stgcn,3168,1.4960
stgcn,3169,1.1454
stgcn,3170,1.0162
stgcn,3171,1.1505
stgcn,3172,1.0036
stgcn,3173,2.0545
stgcn,3174,1.2000
stgcn,3175,1.1635
stgcn,3176,1.0427
stgcn,3177,1.2693
stgcn,3178,1.1300
stgcn,3179,1.0671
stgcn,3180,1.0710
stgcn,3181,1.1151
stgcn,3182,1.0971
stgcn,3183,1.0101
stgcn,3184,0.9970
stgcn,3185,1.1099
stgcn,3186,1.1030
stgcn,3187,2.2696
stgcn,3188,1.1228
stgcn,3189,1.0729
stgcn,3190,1.1936
stgcn,3191,1.1172
stgcn,3192,1.0375
stgcn,3193,1.1043
stgcn,3194,1.0590
stgcn,3195,1.1290
stgcn,3196,1.1641
stgcn,3197,1.0624
stgcn,3198,1.0047
stgcn,3199,1.1801
stgcn,3200,1.0854
stgcn,3201,1.1158
stgcn,3202,1.1817
stgcn,3203,1.1565
stgcn,3204,1.0740
stgcn,3205,1.1322
stgcn,3206,1.0436
stgcn,3207,1.0584
stgcn,3208,1.0542
stgcn,3209,1.1298
stgcn,3210,1.1467
stgcn,3211,1.0167
stgcn,3212,1.2198
stgcn,3213,1.2082
stgcn,3214,1.0784
stgcn,3215,1.0373
stgcn,3216,1.0321
stgcn,3217,1.2023
stgcn,3218,1.0582
stgcn,3219,1.2670
stgcn,3220,1.2410
stgcn,3221,1.3010
stgcn,3222,1.4116
stgcn,3223,2.7872
stgcn,3224,1.2243
stgcn,3225,1.1811
stgcn,3226,1.4403
stgcn,3227,1.1631
stgcn,3228,1.3296
stgcn,3229,1.1086
stgcn,3230,1.2551
stgcn,3231,1.2621
stgcn,3232,1.1150
stgcn,3233,1.1482
stgcn,3234,2.7796
stgcn,3235,1.3897
stgcn,3236,1.3288
stgcn,3237,1.4212
stgcn,3238,1.5114
stgcn,3239,1.3261
stgcn,3240,1.4225
stgcn,3241,1.4242
stgcn,3242,1.2541
stgcn,3243,3.2458
stgcn,3244,1.5437
stgcn,3245,1.2791
stgcn,3246,1.3673
stgcn,3247,1.3412
stgcn,3248,1.3981
stgcn,3249,1.3324
stgcn,3250,1.1385
stgcn,3251,1.1590
stgcn,3252,1.6373
stgcn,3253,1.3474
stgcn,3254,1.3641
stgcn,3255,1.0809
stgcn,3256,1.1434
stgcn,3257,1.0977
stgcn,3258,1.1095
stgcn,3259,1.0570
stgcn,3260,1.0679
stgcn,3261,1.1745
stgcn,3262,1.1153
stgcn,3263,1.0484
stgcn,3264,2.9862
stgcn,3265,1.1419
stgcn,3266,1.1284
stgcn,3267,1.0765
stgcn,3268,0.9986
stgcn,3269,1.0771
stgcn,3270,1.0358
stgcn,3271,1.0252
stgcn,3272,1.0367
stgcn,3273,1.1152
stgcn,3274,1.0969
stgcn,3275,1.1021
stgcn,3276,1.2426
stgcn,3277,1.3479
stgcn,3278,1.2957
stgcn,3279,1.1667
stgcn,3280,1.0170
stgcn,3281,1.0765
stgcn,3282,1.2341
stgcn,3283,1.0462
stgcn,3284,1.0598
stgcn,3285,1.1684
stgcn,3286,1.1644
stgcn,3287,1.1453
stgcn,3288,2.9004
stgcn,3289,1.2012
stgcn,3290,1.1301
stgcn,3291,1.0536
stgcn,3292,1.0620
stgcn,3293,1.1009
stgcn,3294,1.0899
stgcn,3295,1.0925
stgcn,3296,1.0861
stgcn,3297,1.1051
stgcn,3298,1.0872
stgcn,3299,2.8536
stgcn,3300,1.1050
stgcn,3301,1.1515
stgcn,3302,1.0510
stgcn,3303,1.0990
stgcn,3304,1.0821
stgcn,3305,1.0614
stgcn,3306,1.0219
stgcn,3307,1.0555
stgcn,3308,1.0474
stgcn,3309,1.1558
stgcn,3310,1.1262
stgcn,3311,2.5243
stgcn,3312,1.1204
stgcn,3313,1.1188
stgcn,3314,1.2072
stgcn,3315,1.1946
stgcn,3316,1.0180
stgcn,3317,1.0622
stgcn,3318,1.1163
stgcn,3319,1.1107
stgcn,3320,1.0680
stgcn,3321,1.2282
stgcn,3322,1.0932
stgcn,3323,1.2162
stgcn,3324,1.1861
stgcn,3325,1.1157
stgcn,3326,1.1061
stgcn,3327,1.1830
stgcn,3328,1.0659
stgcn,3329,1.1588
stgcn,3330,1.0339
stgcn,3331,1.0333
stgcn,3332,1.0986
stgcn,3333,1.0339
stgcn,3334,1.1734
stgcn,3335,2.3057
stgcn,3336,1.1081
stgcn,3337,1.0656
stgcn,3338,1.0866
stgcn,3339,0.9917
stgcn,3340,1.1217
stgcn,3341,1.0943
stgcn,3342,1.1861
stgcn,3343,1.2254
stgcn,3344,1.1058
stgcn,3345,1.1761
stgcn,3346,1.0482
stgcn,3347,1.0971
stgcn,3348,1.1936
stgcn,3349,1.2440
stgcn,3350,1.1560
stgcn,3351,1.1807
stgcn,3352,1.1244
stgcn,3353,1.1142
stgcn,3354,1.0700
stgcn,3355,1.0607
stgcn,3356,1.1733
stgcn,3357,1.1409
stgcn,3358,1.0932
stgcn,3359,1.1586
stgcn,3360,1.1657
stgcn,3361,1.1511
stgcn,3362,1.2116
stgcn,3363,1.1144
stgcn,3364,1.0803
stgcn,3365,1.0671
stgcn,3366,1.0570
stgcn,3367,1.0499
stgcn,3368,1.1491
stgcn,3369,1.1499
stgcn,3370,1.2695
stgcn,3371,1.0427
stgcn,3372,2.1714
stgcn,3373,1.0707
stgcn,3374,1.0619
stgcn,3375,1.0973
stgcn,3376,1.1400
stgcn,3377,1.0648
stgcn,3378,1.0721
stgcn,3379,1.1647
stgcn,3380,1.0368
stgcn,3381,1.0036
stgcn,3382,1.0316
stgcn,3383,1.1019
stgcn,3384,1.3918
stgcn,3385,1.6402
stgcn,3386,1.1639
stgcn,3387,1.1187
stgcn,3388,0.9788
stgcn,3389,1.0916
stgcn,3390,1.1081
stgcn,3391,1.0570
stgcn,3392,0.9962
stgcn,3393,1.2724
stgcn,3394,1.1181
stgcn,3395,1.0854
stgcn,3396,1.0552
stgcn,3397,2.5845
stgcn,3398,1.1312
stgcn,3399,1.0329
stgcn,3400,1.1348
stgcn,3401,1.1373
stgcn,3402,1.1532
stgcn,3403,1.1402
stgcn,3404,1.1662
stgcn,3405,1.0102
stgcn,3406,1.1045
stgcn,3407,1.2075
stgcn,3408,2.0274
stgcn,3409,1.5359
stgcn,3410,1.5449
stgcn,3411,1.0390
stgcn,3412,1.2414
stgcn,3413,1.1200
stgcn,3414,1.0085
stgcn,3415,1.0795
stgcn,3416,1.5319
stgcn,3417,1.0885
stgcn,3418,1.0941
stgcn,3419,2.5632
stgcn,3420,1.2907
stgcn,3421,1.2707
stgcn,3422,1.1175
stgcn,3423,1.1293
stgcn,3424,1.1043
stgcn,3425,1.1447
stgcn,3426,1.1160
stgcn,3427,1.1870
stgcn,3428,1.1970
stgcn,3429,1.1725
stgcn,3430,2.4198
stgcn,3431,1.1606
stgcn,3432,1.3503
stgcn,3433,1.1419
stgcn,3434,1.1260
stgcn,3435,1.1256
stgcn,3436,1.1769
stgcn,3437,1.1360
stgcn,3438,1.0645
stgcn,3439,1.0962
stgcn,3440,1.0808
stgcn,3441,1.1734
stgcn,3442,1.2097
stgcn,3443,1.1150
stgcn,3444,1.1077
stgcn,3445,1.1657
stgcn,3446,1.3522
stgcn,3447,1.1378
stgcn,3448,1.1312
stgcn,3449,1.0599
stgcn,3450,1.0135
stgcn,3451,1.0668
stgcn,3452,1.1047
stgcn,3453,1.0237
stgcn,3454,2.2591
stgcn,3455,1.1215
stgcn,3456,1.4775
stgcn,3457,1.1096
stgcn,3458,1.4464
stgcn,3459,1.0849
stgcn,3460,1.1082
stgcn,3461,1.5230
stgcn,3462,1.1043
stgcn,3463,1.1728
stgcn,3464,1.0335
stgcn,3465,1.1105
stgcn,3466,1.1034
stgcn,3467,1.5281
stgcn,3468,1.1530
stgcn,3469,1.1294
stgcn,3470,1.1099
stgcn,3471,1.2632
stgcn,3472,1.0964
stgcn,3473,1.5312
stgcn,3474,1.0787
stgcn,3475,1.1116
stgcn,3476,2.3381
stgcn,3477,1.0627
stgcn,3478,1.6007
stgcn,3479,1.1040
stgcn,3480,1.0221
stgcn,3481,1.1578
stgcn,3482,1.0392
stgcn,3483,1.1524
stgcn,3484,1.2373
stgcn,3485,1.1319
stgcn,3486,1.2503
stgcn,3487,0.9934
stgcn,3488,3.3396
stgcn,3489,1.1498
stgcn,3490,1.0511
stgcn,3491,1.0422
stgcn,3492,1.0471
stgcn,3493,1.4789
stgcn,3494,1.2049
stgcn,3495,1.4172
stgcn,3496,1.1382
stgcn,3497,1.0757
stgcn,3498,2.2351
stgcn,3499,1.1361
stgcn,3500,1.1392
stgcn,3501,1.0753
stgcn,3502,1.0515
stgcn,3503,1.0818
stgcn,3504,1.0205
stgcn,3505,1.0727
stgcn,3506,1.1578
stgcn,3507,1.1583
stgcn,3508,1.2057
stgcn,3509,1.1192
stgcn,3510,1.1937
stgcn,3511,1.0608
stgcn,3512,1.5535
stgcn,3513,1.0645
stgcn,3514,1.0458
stgcn,3515,1.1809
stgcn,3516,1.0969
stgcn,3517,1.0520
stgcn,3518,1.5813
stgcn,3519,1.1457
stgcn,3520,1.0717
stgcn,3521,1.2304
stgcn,3522,1.1297
stgcn,3523,1.0930
stgcn,3524,1.5396
stgcn,3525,1.1406
stgcn,3526,1.1210
stgcn,3527,1.1272
stgcn,3528,1.1347
stgcn,3529,1.0817
stgcn,3530,1.4654
stgcn,3531,1.0704
stgcn,3532,1.1021
stgcn,3533,1.1247
stgcn,3534,1.1348
stgcn,3535,1.8083
stgcn,3536,1.0300
stgcn,3537,1.1137
stgcn,3538,1.1862
stgcn,3539,1.0067
stgcn,3540,1.1003
stgcn,3541,1.0716
stgcn,3542,1.5036
stgcn,3543,1.0334
stgcn,3544,1.0390
stgcn,3545,1.0572
stgcn,3546,1.1458
stgcn,3547,1.2348
stgcn,3548,1.8027
stgcn,3549,1.0929
stgcn,3550,1.1302
stgcn,3551,1.0313
stgcn,3552,1.0692
stgcn,3553,1.5239
stgcn,3554,1.2318
stgcn,3555,1.0493
stgcn,3556,1.0495
stgcn,3557,1.0277
stgcn,3558,2.3663
stgcn,3559,1.3165
stgcn,3560,1.0909
stgcn,3561,1.3100
stgcn,3562,1.1436
stgcn,3563,1.0618
stgcn,3564,1.0489
stgcn,3565,1.1209
stgcn,3566,1.1003
stgcn,3567,1.1312
stgcn,3568,1.0045
stgcn,3569,3.3006
stgcn,3570,1.3608
stgcn,3571,1.0266
stgcn,3572,1.2004
stgcn,3573,1.6598
stgcn,3574,1.1569
stgcn,3575,1.4105
stgcn,3576,1.2012
stgcn,3577,1.7859
stgcn,3578,1.9760
stgcn,3579,1.6165
stgcn,3580,1.1453
stgcn,3581,1.1046
stgcn,3582,1.2128
stgcn,3583,1.0794
stgcn,3584,1.1746
stgcn,3585,1.1014
stgcn,3586,1.1784
stgcn,3587,1.1801
stgcn,3588,1.2724
stgcn,3589,3.3103
stgcn,3590,1.4736
stgcn,3591,1.6009
stgcn,3592,2.2053
stgcn,3593,2.3003
stgcn,3594,1.1627
stgcn,3595,1.1939
stgcn,3596,1.0920
stgcn,3597,1.1330
stgcn,3598,1.0741
stgcn,3599,2.5288
stgcn,3600,1.1786
stgcn,3601,1.1365
stgcn,3602,1.1078
stgcn,3603,1.0546
stgcn,3604,1.6781
stgcn,3605,1.1895
stgcn,3606,1.1660
stgcn,3607,1.1482
stgcn,3608,1.1292
stgcn,3609,1.0120
stgcn,3610,1.1853
stgcn,3611,1.1403
stgcn,3612,1.0339
stgcn,3613,1.1604
stgcn,3614,1.1930
stgcn,3615,1.0629
stgcn,3616,1.1626
stgcn,3617,1.0932
stgcn,3618,1.1865
stgcn,3619,1.0987
stgcn,3620,1.2023
stgcn,3621,1.0850
stgcn,3622,1.1638
stgcn,3623,1.0734
stgcn,3624,1.0528
stgcn,3625,1.0182
stgcn,3626,1.0569
stgcn,3627,1.1319
stgcn,3628,1.1414
stgcn,3629,1.1438
stgcn,3630,1.0337
stgcn,3631,1.1339
stgcn,3632,1.2734
stgcn,3633,1.0623
stgcn,3634,1.1422
stgcn,3635,1.4107
stgcn,3636,1.0977
stgcn,3637,1.0982
stgcn,3638,1.0820
stgcn,3639,1.1304
stgcn,3640,1.0295
stgcn,3641,1.1655
stgcn,3642,1.0133
stgcn,3643,1.1390
stgcn,3644,1.0528
stgcn,3645,1.2197
stgcn,3646,1.3408
stgcn,3647,1.7401
stgcn,3648,1.0364
stgcn,3649,1.1498
stgcn,3650,1.1236
stgcn,3651,1.1941
stgcn,3652,1.1175
stgcn,3653,1.0953
stgcn,3654,1.1921
stgcn,3655,1.0291
stgcn,3656,1.1682
stgcn,3657,1.1005
stgcn,3658,2.5426
stgcn,3659,1.2830
stgcn,3660,1.0437
stgcn,3661,1.1069
stgcn,3662,1.0765
stgcn,3663,1.1120
stgcn,3664,1.0926
stgcn,3665,1.1462
stgcn,3666,1.0075
stgcn,3667,1.0843
stgcn,3668,1.1695
stgcn,3669,1.1791
stgcn,3670,2.4342
stgcn,3671,1.1590
stgcn,3672,1.1089
stgcn,3673,1.1017
stgcn,3674,1.1908
stgcn,3675,1.1517
stgcn,3676,1.1491
stgcn,3677,1.1066
stgcn,3678,1.0849
stgcn,3679,1.1137
stgcn,3680,1.0044
stgcn,3681,2.9002
stgcn,3682,1.1810
stgcn,3683,1.1091
stgcn,3684,0.9911
stgcn,3685,1.0178
stgcn,3686,1.0003
stgcn,3687,1.1727
stgcn,3688,1.0421
stgcn,3689,1.1751
stgcn,3690,1.0458
stgcn,3691,1.0959
stgcn,3692,1.0155
stgcn,3693,2.8424
stgcn,3694,1.2225
stgcn,3695,1.1883
stgcn,3696,1.0943
stgcn,3697,1.0731
stgcn,3698,1.1101
stgcn,3699,1.1312
stgcn,3700,1.1368
stgcn,3701,1.0125
stgcn,3702,1.1150
stgcn,3703,1.1598
stgcn,3704,1.0583
stgcn,3705,1.9068
stgcn,3706,1.1564
stgcn,3707,1.0204
stgcn,3708,1.0328
stgcn,3709,1.1354
stgcn,3710,1.0046
stgcn,3711,1.1523
stgcn,3712,1.0371
stgcn,3713,1.0781
stgcn,3714,1.0101
stgcn,3715,1.1911
stgcn,3716,1.0698
stgcn,3717,2.0336
stgcn,3718,1.1314
stgcn,3719,1.0930
stgcn,3720,1.1276
stgcn,3721,1.1186
stgcn,3722,1.0347
stgcn,3723,1.0217
stgcn,3724,1.2202
stgcn,3725,1.0701
stgcn,3726,1.2267
stgcn,3727,1.0214
stgcn,3728,2.7073
stgcn,3729,1.2183
stgcn,3730,1.1895
stgcn,3731,1.0988
stgcn,3732,1.1063
stgcn,3733,1.2090
stgcn,3734,1.0576
stgcn,3735,1.1681
stgcn,3736,1.0517
stgcn,3737,1.0669
stgcn,3738,2.0926
stgcn,3739,2.5107
stgcn,3740,1.0708
stgcn,3741,1.0635
stgcn,3742,1.1459
stgcn,3743,1.0836
stgcn,3744,1.0357
stgcn,3745,1.0800
stgcn,3746,1.1580
stgcn,3747,1.2240
stgcn,3748,1.0678
stgcn,3749,1.1199
stgcn,3750,2.2343
stgcn,3751,1.0618
stgcn,3752,1.0614
stgcn,3753,1.0076
stgcn,3754,1.0112
stgcn,3755,0.9877
stgcn,3756,1.0713
stgcn,3757,1.0726
stgcn,3758,1.0257
stgcn,3759,1.0728
stgcn,3760,1.6778
stgcn,3761,1.1704
stgcn,3762,1.1814
stgcn,3763,1.2302
stgcn,3764,1.0463
stgcn,3765,1.0463
stgcn,3766,1.0083
stgcn,3767,1.1445
stgcn,3768,1.0911
stgcn,3769,0.9982
stgcn,3770,1.1275
stgcn,3771,1.1163
stgcn,3772,1.0109
stgcn,3773,1.1557
stgcn,3774,1.4302
stgcn,3775,3.3454
stgcn,3776,1.3990
stgcn,3777,1.2205
stgcn,3778,1.1375
stgcn,3779,1.1210
stgcn,3780,1.0389
stgcn,3781,1.0709
stgcn,3782,1.0612
stgcn,3783,1.0594
stgcn,3784,1.1611
stgcn,3785,1.2309
stgcn,3786,1.2843
stgcn,3787,1.3527
stgcn,3788,1.0608
stgcn,3789,1.0382
stgcn,3790,1.0456
stgcn,3791,1.2344
stgcn,3792,1.2245
stgcn,3793,1.0954
stgcn,3794,1.1213
stgcn,3795,1.1215
stgcn,3796,1.0817
stgcn,3797,1.0814
stgcn,3798,1.0532
stgcn,3799,1.7902
stgcn,3800,1.0475
stgcn,3801,1.1080
stgcn,3802,1.0609
stgcn,3803,1.0787
stgcn,3804,1.1079
stgcn,3805,1.2937
stgcn,3806,1.1088
stgcn,3807,1.0420
stgcn,3808,1.2509
stgcn,3809,1.2641
stgcn,3810,3.1905
stgcn,3811,1.1664
stgcn,3812,1.0755
stgcn,3813,1.2730
stgcn,3814,1.1169
stgcn,3815,1.1572
stgcn,3816,1.1380
stgcn,3817,1.2099
stgcn,3818,1.0881
stgcn,3819,1.0446
stgcn,3820,2.7094
stgcn,3821,1.2359
stgcn,3822,1.3426
stgcn,3823,1.1347
stgcn,3824,1.0377
stgcn,3825,1.0471
stgcn,3826,1.1260
stgcn,3827,1.0632
stgcn,3828,1.1844
stgcn,3829,1.0476
stgcn,3830,1.2424
stgcn,3831,1.1970
stgcn,3832,1.3691
stgcn,3833,1.2005
stgcn,3834,1.2161
stgcn,3835,1.1905
stgcn,3836,1.1735
stgcn,3837,1.1327
stgcn,3838,1.1427
stgcn,3839,1.1367
stgcn,3840,1.0843
stgcn,3841,1.0227
stgcn,3842,1.0029
stgcn,3843,1.1421
stgcn,3844,1.1327
stgcn,3845,1.7490
stgcn,3846,1.6149
stgcn,3847,1.2219
stgcn,3848,1.7197
stgcn,3849,2.2058
stgcn,3850,1.3431
stgcn,3851,1.7753
stgcn,3852,4.9284
stgcn,3853,1.2463
stgcn,3854,2.5988
stgcn,3855,1.2437
stgcn,3856,1.0574
stgcn,3857,1.0706
stgcn,3858,1.1955
stgcn,3859,1.0742
stgcn,3860,1.1193
stgcn,3861,1.0736
stgcn,3862,1.1304
stgcn,3863,1.8691
stgcn,3864,1.1617
stgcn,3865,1.2222
stgcn,3866,1.1415
stgcn,3867,1.1310
stgcn,3868,1.1984
stgcn,3869,1.0753
stgcn,3870,1.1398
stgcn,3871,1.0635
stgcn,3872,1.0225
stgcn,3873,1.0921
stgcn,3874,2.6649
stgcn,3875,1.0695
stgcn,3876,1.0400
stgcn,3877,1.0462
stgcn,3878,1.0438
stgcn,3879,1.0475
stgcn,3880,1.0999
stgcn,3881,1.0447
stgcn,3882,1.2588
stgcn,3883,1.1861
stgcn,3884,1.1235
stgcn,3885,3.1718
stgcn,3886,1.0968
stgcn,3887,1.0459
stgcn,3888,1.1690
stgcn,3889,1.9718
stgcn,3890,1.0955
stgcn,3891,1.0456
stgcn,3892,1.0290
stgcn,3893,1.4680
stgcn,3894,1.1408
stgcn,3895,1.0508
stgcn,3896,1.0624
stgcn,3897,1.1501
stgcn,3898,1.0322
stgcn,3899,1.0353
stgcn,3900,0.9899
stgcn,3901,1.1263
stgcn,3902,1.0779
stgcn,3903,1.1172
stgcn,3904,1.1424
stgcn,3905,1.0609
stgcn,3906,1.0782
stgcn,3907,2.8413
stgcn,3908,1.1573
stgcn,3909,1.0642
stgcn,3910,1.1527
stgcn,3911,1.1529
stgcn,3912,1.1076
stgcn,3913,1.0519
stgcn,3914,1.0608
stgcn,3915,1.0343
stgcn,3916,1.1279
stgcn,3917,1.1360
stgcn,3918,1.5762
stgcn,3919,1.7100
stgcn,3920,1.0948
stgcn,3921,1.0767
stgcn,3922,1.0430
stgcn,3923,1.0627
stgcn,3924,1.0297
stgcn,3925,1.0726
stgcn,3926,1.0463
stgcn,3927,1.0948
stgcn,3928,1.0940
stgcn,3929,1.0590
stgcn,3930,1.0348
stgcn,3931,2.6683
stgcn,3932,1.2449
stgcn,3933,1.0576
stgcn,3934,1.0216
stgcn,3935,1.2743
stgcn,3936,1.1423
stgcn,3937,1.0506
stgcn,3938,1.1332
stgcn,3939,1.1046
stgcn,3940,1.0993
stgcn,3941,1.0241
stgcn,3942,2.8391
stgcn,3943,1.2055
stgcn,3944,1.1843
stgcn,3945,1.1466
stgcn,3946,1.1161
stgcn,3947,1.1531
stgcn,3948,1.1387
stgcn,3949,1.0896
stgcn,3950,1.0946
stgcn,3951,1.0047
stgcn,3952,1.1245
stgcn,3953,0.9968
stgcn,3954,2.7429
stgcn,3955,1.0935
stgcn,3956,1.1313
stgcn,3957,1.3820
stgcn,3958,1.2033
stgcn,3959,2.6610
stgcn,3960,1.0502
stgcn,3961,1.0360
stgcn,3962,1.0511
stgcn,3963,1.0333
stgcn,3964,3.4388
stgcn,3965,3.4366
stgcn,3966,1.4454
stgcn,3967,1.2359
stgcn,3968,1.7263
stgcn,3969,1.0454
stgcn,3970,1.0308
stgcn,3971,1.0030
stgcn,3972,1.0994
stgcn,3973,1.6224
stgcn,3974,1.3273
stgcn,3975,1.0692
stgcn,3976,1.0652
stgcn,3977,1.2324
stgcn,3978,1.1826
stgcn,3979,1.0541
stgcn,3980,1.0770
stgcn,3981,1.1587
stgcn,3982,1.2979
stgcn,3983,2.6294
stgcn,3984,1.1815
stgcn,3985,1.2406
stgcn,3986,1.1005
stgcn,3987,1.1129
stgcn,3988,1.2673
stgcn,3989,1.1193
stgcn,3990,1.2097
stgcn,3991,1.1236
stgcn,3992,1.1733
stgcn,3993,1.0609
stgcn,3994,1.0517
stgcn,3995,1.1277
stgcn,3996,1.0077
stgcn,3997,1.0465
stgcn,3998,1.2103
stgcn,3999,1.1305
stgcn,4000,1.0782
stgcn,4001,1.0110
stgcn,4002,2.7211
stgcn,4003,1.4188
stgcn,4004,1.1192
stgcn,4005,1.0074
stgcn,4006,3.0718
stgcn,4007,1.0874
stgcn,4008,1.4732
stgcn,4009,1.1250
stgcn,4010,1.1429
stgcn,4011,1.1548
stgcn,4012,1.4421
stgcn,4013,1.3218
stgcn,4014,1.1560
stgcn,4015,1.0519
stgcn,4016,2.6043
stgcn,4017,1.1528
stgcn,4018,1.0494
stgcn,4019,0.9931
stgcn,4020,1.0437
stgcn,4021,1.0308
stgcn,4022,1.1970
stgcn,4023,1.0169
stgcn,4024,1.1397
stgcn,4025,1.0465
stgcn,4026,1.1649
stgcn,4027,1.3533
stgcn,4028,2.1298
stgcn,4029,1.1629
stgcn,4030,1.1137
stgcn,4031,1.0427
stgcn,4032,1.0902
stgcn,4033,1.0652
stgcn,4034,1.0462
stgcn,4035,1.1355
stgcn,4036,0.9964
stgcn,4037,1.0627
stgcn,4038,1.1867
stgcn,4039,1.0604
stgcn,4040,2.0134
stgcn,4041,1.0570
stgcn,4042,1.0326
stgcn,4043,1.0328
stgcn,4044,1.0994
stgcn,4045,1.0418
stgcn,4046,1.0638
stgcn,4047,1.0759
stgcn,4048,1.1060
stgcn,4049,1.1691
stgcn,4050,1.0049
stgcn,4051,0.9847
stgcn,4052,1.0067
stgcn,4053,1.1235
stgcn,4054,1.2058
stgcn,4055,1.2139
stgcn,4056,1.1109
stgcn,4057,1.1097
stgcn,4058,1.0975
stgcn,4059,1.0945
stgcn,4060,1.1798
stgcn,4061,1.0823
stgcn,4062,1.1968
stgcn,4063,1.0953
stgcn,4064,1.0822
stgcn,4065,1.0729
stgcn,4066,1.0645
stgcn,4067,1.1611
stgcn,4068,1.1629
stgcn,4069,1.1013
stgcn,4070,1.1583
stgcn,4071,1.0472
stgcn,4072,1.0936
stgcn,4073,1.2854
stgcn,4074,1.2137
stgcn,4075,1.3949
stgcn,4076,1.0531
stgcn,4077,1.0819
stgcn,4078,1.1411
stgcn,4079,1.0410
stgcn,4080,1.1906
stgcn,4081,1.0965
stgcn,4082,1.4471
stgcn,4083,1.3739
stgcn,4084,1.0801
stgcn,4085,1.0942
stgcn,4086,1.1501
stgcn,4087,1.0645
stgcn,4088,1.0815
stgcn,4089,1.0371
stgcn,4090,1.1613
stgcn,4091,1.2457
stgcn,4092,1.1076
stgcn,4093,1.0446
stgcn,4094,1.0379
stgcn,4095,1.2759
stgcn,4096,1.2167
stgcn,4097,1.0566
stgcn,4098,1.0787
stgcn,4099,1.2186
stgcn,4100,1.1422
stgcn,4101,1.0366
stgcn,4102,2.5119
stgcn,4103,1.1278
stgcn,4104,1.0567
stgcn,4105,1.0410
stgcn,4106,1.0316
stgcn,4107,1.1108
stgcn,4108,1.1299
stgcn,4109,1.0333
stgcn,4110,1.0300
stgcn,4111,1.0152
stgcn,4112,0.9869
stgcn,4113,1.0645
stgcn,4114,2.2548
stgcn,4115,0.9963
stgcn,4116,1.0022
stgcn,4117,1.0471
stgcn,4118,1.0130
stgcn,4119,1.0520
stgcn,4120,1.0027
stgcn,4121,1.0233
stgcn,4122,1.2823
stgcn,4123,1.2456
stgcn,4124,1.1087
stgcn,4125,1.0726
stgcn,4126,1.0001
stgcn,4127,1.1425
stgcn,4128,1.3130
stgcn,4129,1.0528
stgcn,4130,1.0640
stgcn,4131,1.0649
stgcn,4132,1.0981
stgcn,4133,1.1697
stgcn,4134,1.1575
stgcn,4135,1.0896
stgcn,4136,1.1761
stgcn,4137,1.1207
stgcn,4138,1.0715
stgcn,4139,1.0338
stgcn,4140,1.1745
stgcn,4141,1.3994
stgcn,4142,0.9754
stgcn,4143,1.1768
stgcn,4144,1.0213
stgcn,4145,1.1582
stgcn,4146,1.1097
stgcn,4147,1.1432
stgcn,4148,1.1975
stgcn,4149,1.1575
stgcn,4150,1.0321
stgcn,4151,1.0033
stgcn,4152,2.5034
stgcn,4153,1.3282
stgcn,4154,1.0186
stgcn,4155,1.0569
stgcn,4156,1.0447
stgcn,4157,1.0549
stgcn,4158,1.0069
stgcn,4159,1.4327
stgcn,4160,1.0741
stgcn,4161,1.0767
stgcn,4162,1.1171
stgcn,4163,2.4515
stgcn,4164,1.1429
stgcn,4165,1.0511
stgcn,4166,1.0859
stgcn,4167,1.0356
stgcn,4168,1.0233
stgcn,4169,1.0049
stgcn,4170,1.0922
stgcn,4171,1.0298
stgcn,4172,1.1555
stgcn,4173,1.0969
stgcn,4174,1.0194
stgcn,4175,1.0202
stgcn,4176,1.1995
stgcn,4177,1.4797
stgcn,4178,1.0063
stgcn,4179,1.0330
stgcn,4180,1.0337
stgcn,4181,1.1149
stgcn,4182,1.0337
stgcn,4183,1.0141
stgcn,4184,1.6301
stgcn,4185,1.1227
stgcn,4186,1.0211
stgcn,4187,1.0191
stgcn,4188,2.2730
stgcn,4189,1.1886
stgcn,4190,1.0544
stgcn,4191,1.0223
stgcn,4192,1.0274
stgcn,4193,1.0121
stgcn,4194,1.0329
stgcn,4195,1.0145
stgcn,4196,1.5931
stgcn,4197,1.0820
stgcn,4198,1.0118
stgcn,4199,1.1224
stgcn,4200,1.0166
stgcn,4201,1.1685
stgcn,4202,1.4633
stgcn,4203,1.1794
stgcn,4204,1.0736
stgcn,4205,1.0464
stgcn,4206,1.0551
stgcn,4207,1.0871
stgcn,4208,1.0420
stgcn,4209,1.2050
stgcn,4210,1.1573
stgcn,4211,1.0701
stgcn,4212,1.0015
stgcn,4213,2.2265
stgcn,4214,1.0011
stgcn,4215,1.0049
stgcn,4216,1.0961
stgcn,4217,1.1769
stgcn,4218,1.1424
stgcn,4219,1.1322
stgcn,4220,1.0141
stgcn,4221,1.0964
stgcn,4222,1.0367
stgcn,4223,0.9924
stgcn,4224,1.0761
stgcn,4225,1.0281
stgcn,4226,1.1044
stgcn,4227,1.1559
stgcn,4228,1.2217
stgcn,4229,1.2931
stgcn,4230,1.1687
stgcn,4231,1.0005
stgcn,4232,1.4274
stgcn,4233,1.1709
stgcn,4234,1.0130
stgcn,4235,1.0140
stgcn,4236,1.0110
stgcn,4237,1.0119
stgcn,4238,1.1503
stgcn,4239,1.4307
stgcn,4240,1.0027
stgcn,4241,1.1723
stgcn,4242,1.1667
stgcn,4243,1.1653
stgcn,4244,1.1483
stgcn,4245,1.5578
stgcn,4246,1.2172
stgcn,4247,1.0488
stgcn,4248,1.0337
stgcn,4249,2.3518
stgcn,4250,1.1349
stgcn,4251,1.2407
stgcn,4252,1.0346
stgcn,4253,1.2638
stgcn,4254,1.0546
stgcn,4255,1.1220
stgcn,4256,1.7501
stgcn,4257,1.2769
stgcn,4258,1.3194
stgcn,4259,1.1734
stgcn,4260,2.7321
stgcn,4261,1.3376
stgcn,4262,1.2363
stgcn,4263,1.0425
stgcn,4264,1.1694
stgcn,4265,1.1182
stgcn,4266,1.5028
stgcn,4267,1.3736
stgcn,4268,1.1036
stgcn,4269,1.1494
stgcn,4270,2.7015
stgcn,4271,1.0029
stgcn,4272,1.1195
stgcn,4273,0.9943
stgcn,4274,1.0237
stgcn,4275,1.0121
stgcn,4276,1.0221
stgcn,4277,1.0364
stgcn,4278,1.1642
stgcn,4279,1.0957
stgcn,4280,1.1876
stgcn,4281,1.0087
stgcn,4282,0.9995
stgcn,4283,1.5089
stgcn,4284,1.5386
stgcn,4285,1.1514
stgcn,4286,1.1204
stgcn,4287,1.0767
stgcn,4288,1.0565
stgcn,4289,1.4850
stgcn,4290,1.0470
stgcn,4291,1.1094
stgcn,4292,1.1710
stgcn,4293,1.2071
stgcn,4294,2.9043
stgcn,4295,1.2642
stgcn,4296,1.1489
stgcn,4297,1.2594
stgcn,4298,1.3267
stgcn,4299,1.5000
stgcn,4300,2.2170
stgcn,4301,1.0697
stgcn,4302,1.0973
stgcn,4303,1.3191
stgcn,4304,2.0887
stgcn,4305,1.1782
stgcn,4306,1.1278
stgcn,4307,1.1266
stgcn,4308,0.9934
stgcn,4309,1.4966
stgcn,4310,1.0142
stgcn,4311,1.3014
stgcn,4312,0.9913
stgcn,4313,1.0067
stgcn,4314,1.1362
stgcn,4315,2.9274
stgcn,4316,0.9974
stgcn,4317,1.1693
stgcn,4318,1.0132
stgcn,4319,1.1304
stgcn,4320,1.1266
stgcn,4321,1.1607
stgcn,4322,1.0921
stgcn,4323,1.1026
stgcn,4324,1.0097
stgcn,4325,1.1306
stgcn,4326,2.4412
stgcn,4327,1.0742
stgcn,4328,1.2582
stgcn,4329,1.1772
stgcn,4330,1.1458
stgcn,4331,1.0617
stgcn,4332,1.1715
stgcn,4333,1.0966
stgcn,4334,1.0996
stgcn,4335,1.1243
stgcn,4336,1.1280
stgcn,4337,2.6777
stgcn,4338,1.3301
stgcn,4339,1.1171
stgcn,4340,1.2437
stgcn,4341,1.1491
stgcn,4342,1.0365
stgcn,4343,1.0880
stgcn,4344,1.1095
stgcn,4345,1.1359
stgcn,4346,1.0726
stgcn,4347,1.0805
stgcn,4348,1.0964
stgcn,4349,1.5139
stgcn,4350,1.0632
stgcn,4351,1.1648
stgcn,4352,1.0436
stgcn,4353,1.0377
stgcn,4354,1.2513
stgcn,4355,1.5506
stgcn,4356,1.1732
stgcn,4357,1.0633
stgcn,4358,1.2353
stgcn,4359,1.0905
stgcn,4360,1.0968
stgcn,4361,2.7465
stgcn,4362,1.2578
stgcn,4363,1.3877
stgcn,4364,1.6442
stgcn,4365,1.8303
stgcn,4366,1.1251
stgcn,4367,1.0317
stgcn,4368,1.1016
stgcn,4369,1.0471
stgcn,4370,1.0656
stgcn,4371,3.0062
stgcn,4372,1.2478
stgcn,4373,1.1227
stgcn,4374,1.1308
stgcn,4375,1.5467
stgcn,4376,1.1649
stgcn,4377,1.3283
stgcn,4378,1.0477
stgcn,4379,1.0099
stgcn,4380,1.2306
stgcn,4381,1.4780
stgcn,4382,1.3244
stgcn,4383,1.1569
stgcn,4384,1.9293
stgcn,4385,1.6931
stgcn,4386,1.1252
stgcn,4387,1.1929
stgcn,4388,1.1390
stgcn,4389,1.2866
stgcn,4390,1.0326
stgcn,4391,1.0535
stgcn,4392,1.0442
stgcn,4393,1.1912
stgcn,4394,1.3395
stgcn,4395,1.1305
stgcn,4396,1.1873
stgcn,4397,1.1345
stgcn,4398,1.5517
stgcn,4399,1.2200
stgcn,4400,1.0783
stgcn,4401,1.2151
stgcn,4402,1.1937
stgcn,4403,1.0380
stgcn,4404,1.5594
stgcn,4405,1.2778
stgcn,4406,1.2724
stgcn,4407,1.1463
stgcn,4408,1.0829
stgcn,4409,1.5148
stgcn,4410,1.1263
stgcn,4411,1.1096
stgcn,4412,1.0272
stgcn,4413,1.0091
stgcn,4414,1.1838
stgcn,4415,1.7496
stgcn,4416,1.3275
stgcn,4417,1.2650
stgcn,4418,1.2247
stgcn,4419,1.0814
stgcn,4420,1.1029
stgcn,4421,1.0909
stgcn,4422,1.0999
stgcn,4423,1.1307
stgcn,4424,1.1905
stgcn,4425,1.0738
stgcn,4426,1.2323
stgcn,4427,1.8391
stgcn,4428,1.8881
stgcn,4429,1.3608
stgcn,4430,1.2454
stgcn,4431,1.0880
stgcn,4432,1.1019
stgcn,4433,1.0750
stgcn,4434,1.2303
stgcn,4435,1.1222
stgcn,4436,1.0336
stgcn,4437,1.2027
stgcn,4438,3.5212
stgcn,4439,1.2038
stgcn,4440,1.0690
stgcn,4441,1.0829
stgcn,4442,1.0247
stgcn,4443,1.0759
stgcn,4444,1.0208
stgcn,4445,1.0311
stgcn,4446,1.1877
stgcn,4447,1.0552
stgcn,4448,0.9992
stgcn,4449,3.1183
stgcn,4450,1.1441
stgcn,4451,1.2894
stgcn,4452,1.1064
stgcn,4453,1.4609
stgcn,4454,1.1499
stgcn,4455,1.0844
stgcn,4456,1.0163
stgcn,4457,1.1078
stgcn,4458,1.0474
stgcn,4459,1.1023
stgcn,4460,1.0640
stgcn,4461,1.1329
stgcn,4462,1.1187
stgcn,4463,1.1731
stgcn,4464,1.1526
stgcn,4465,1.0885
stgcn,4466,1.1922
stgcn,4467,1.1238
stgcn,4468,1.0569
stgcn,4469,1.0912
stgcn,4470,1.1294
stgcn,4471,1.2292
stgcn,4472,1.0609
stgcn,4473,1.0263
stgcn,4474,1.1400
stgcn,4475,1.3396
stgcn,4476,1.1789
stgcn,4477,1.1030
stgcn,4478,1.1481
stgcn,4479,1.1666
stgcn,4480,1.1101
stgcn,4481,1.3171
stgcn,4482,1.2556
stgcn,4483,1.0724
stgcn,4484,1.1097
stgcn,4485,1.0250
stgcn,4486,1.0335
stgcn,4487,1.0674
stgcn,4488,1.1648
stgcn,4489,1.0276
stgcn,4490,1.0838
stgcn,4491,1.0482
stgcn,4492,1.1822
stgcn,4493,1.0836
stgcn,4494,1.0370
stgcn,4495,1.0827
stgcn,4496,1.1108
stgcn,4497,1.2040
stgcn,4498,2.1515
stgcn,4499,1.1513
stgcn,4500,1.2103
stgcn,4501,1.0960
stgcn,4502,1.0933
stgcn,4503,1.0949
stgcn,4504,1.0498
stgcn,4505,1.0823
stgcn,4506,1.2226
stgcn,4507,1.1103
stgcn,4508,1.1576
stgcn,4509,1.0584
stgcn,4510,2.0944
stgcn,4511,1.0481
stgcn,4512,1.0716
stgcn,4513,1.1009
stgcn,4514,1.0840
stgcn,4515,1.1064
stgcn,4516,1.1978
stgcn,4517,1.0630
stgcn,4518,1.0803
stgcn,4519,1.0836
stgcn,4520,1.1919
stgcn,4521,1.1490
stgcn,4522,1.0567
stgcn,4523,1.2074
stgcn,4524,1.2171
stgcn,4525,1.2039
stgcn,4526,1.3110
stgcn,4527,1.1828
stgcn,4528,1.1415
stgcn,4529,1.0406
stgcn,4530,1.1459
stgcn,4531,1.1066
stgcn,4532,1.1125
stgcn,4533,1.3049
stgcn,4534,1.1425
stgcn,4535,1.1787
stgcn,4536,1.3329
stgcn,4537,1.1817
stgcn,4538,1.1025
stgcn,4539,1.1643
stgcn,4540,1.1470
stgcn,4541,1.1011
stgcn,4542,1.1177
stgcn,4543,1.1164
stgcn,4544,1.1687
stgcn,4545,1.1665
stgcn,4546,1.1035
stgcn,4547,1.4008
stgcn,4548,1.1350
stgcn,4549,1.2331
stgcn,4550,1.0915
stgcn,4551,1.1740
stgcn,4552,1.3226
stgcn,4553,1.1580
stgcn,4554,1.1550
stgcn,4555,1.1023
stgcn,4556,1.0875
stgcn,4557,1.0027
stgcn,4558,2.3984
stgcn,4559,1.4241
stgcn,4560,1.1938
stgcn,4561,1.0333
stgcn,4562,1.0303
stgcn,4563,0.9960
stgcn,4564,1.0899
stgcn,4565,1.1258
stgcn,4566,1.0466
stgcn,4567,1.0607
stgcn,4568,1.0220
stgcn,4569,1.1591
stgcn,4570,2.5295
stgcn,4571,1.0286
stgcn,4572,1.0028
stgcn,4573,1.2574
stgcn,4574,1.1459
stgcn,4575,1.2125
stgcn,4576,1.1479
stgcn,4577,1.0498
stgcn,4578,1.0812
stgcn,4579,1.0741
stgcn,4580,1.0283
stgcn,4581,1.0403
stgcn,4582,2.6400
stgcn,4583,1.1534
stgcn,4584,1.1759
stgcn,4585,1.1886
stgcn,4586,1.2950
stgcn,4587,1.1184
stgcn,4588,1.0167
stgcn,4589,1.2066
stgcn,4590,1.0911
stgcn,4591,1.0954
stgcn,4592,1.1530
stgcn,4593,2.1545
stgcn,4594,1.1977
stgcn,4595,1.1218
stgcn,4596,1.0928
stgcn,4597,1.0881
stgcn,4598,1.1572
stgcn,4599,1.1836
stgcn,4600,1.1042
stgcn,4601,1.0242
stgcn,4602,1.1265
stgcn,4603,1.0727
stgcn,4604,1.1073
stgcn,4605,1.3074
stgcn,4606,1.2014
stgcn,4607,1.1384
stgcn,4608,1.0314
stgcn,4609,1.0640
stgcn,4610,1.0592
stgcn,4611,0.9936
stgcn,4612,1.0268
stgcn,4613,1.4069
stgcn,4614,1.1072
stgcn,4615,1.1522
stgcn,4616,1.0363
stgcn,4617,2.4907
stgcn,4618,1.1134
stgcn,4619,1.1612
stgcn,4620,1.0948
stgcn,4621,1.1406
stgcn,4622,1.0834
stgcn,4623,1.1585
stgcn,4624,1.0607
stgcn,4625,1.5424
stgcn,4626,1.1398
stgcn,4627,1.1436
stgcn,4628,1.1457
stgcn,4629,1.1024
stgcn,4630,1.3128
stgcn,4631,1.1360
stgcn,4632,1.1499
stgcn,4633,1.2414
stgcn,4634,1.0540
stgcn,4635,1.0400
stgcn,4636,1.0664
stgcn,4637,1.1239
stgcn,4638,1.1092
stgcn,4639,1.3382
stgcn,4640,1.1797
stgcn,4641,1.1404
stgcn,4642,1.2205
stgcn,4643,1.1511
stgcn,4644,1.2041
stgcn,4645,1.1231
stgcn,4646,1.1118
stgcn,4647,1.1195
stgcn,4648,1.0501
stgcn,4649,1.0859
stgcn,4650,1.1232
stgcn,4651,1.1931
stgcn,4652,1.0526
stgcn,4653,1.3059
stgcn,4654,1.3130
stgcn,4655,1.4028
stgcn,4656,1.2106
stgcn,4657,1.0217
stgcn,4658,1.0911
stgcn,4659,1.1256
stgcn,4660,1.1084
stgcn,4661,1.0601
stgcn,4662,1.0215
stgcn,4663,1.1638
stgcn,4664,1.0021
stgcn,4665,1.0977
stgcn,4666,1.0420
stgcn,4667,1.3424
stgcn,4668,1.0801
stgcn,4669,1.0408
stgcn,4670,1.0904
stgcn,4671,1.0997
stgcn,4672,1.0620
stgcn,4673,1.1301
stgcn,4674,1.0583
stgcn,4675,1.0511
stgcn,4676,1.0732
stgcn,4677,1.0224
stgcn,4678,1.1960
stgcn,4679,1.1554
stgcn,4680,1.1327
stgcn,4681,1.1755
stgcn,4682,1.0147
stgcn,4683,1.1630
stgcn,4684,1.1756
stgcn,4685,1.0565
stgcn,4686,1.1391
stgcn,4687,1.0180
stgcn,4688,1.2095
stgcn,4689,1.1246
stgcn,4690,1.0625
stgcn,4691,1.1143
stgcn,4692,1.3468
stgcn,4693,1.1844
stgcn,4694,1.2695
stgcn,4695,1.1643
stgcn,4696,1.1534
stgcn,4697,1.1299
stgcn,4698,1.1523
stgcn,4699,1.1807
stgcn,4700,1.1030
stgcn,4701,1.0912
stgcn,4702,1.0595
stgcn,4703,1.1568
stgcn,4704,1.0987
stgcn,4705,1.2175
stgcn,4706,1.1630
stgcn,4707,1.2898
stgcn,4708,1.0761
stgcn,4709,1.0189
stgcn,4710,1.1007
stgcn,4711,1.0506
stgcn,4712,1.1037
stgcn,4713,1.0787
stgcn,4714,1.0154
stgcn,4715,1.0867
stgcn,4716,2.2556
stgcn,4717,1.0364
stgcn,4718,1.1448
stgcn,4719,1.0852
stgcn,4720,1.1499
stgcn,4721,1.1147
stgcn,4722,1.2881
stgcn,4723,1.1140
stgcn,4724,1.1422
stgcn,4725,1.2196
stgcn,4726,1.1563
stgcn,4727,1.0626
stgcn,4728,2.5168
stgcn,4729,1.1475
stgcn,4730,1.1956
stgcn,4731,1.0547
stgcn,4732,1.0676
stgcn,4733,1.0784
stgcn,4734,1.1247
stgcn,4735,1.3841
stgcn,4736,1.1204
stgcn,4737,1.1721
stgcn,4738,1.1795
stgcn,4739,2.5801
stgcn,4740,1.0200
stgcn,4741,1.1849
stgcn,4742,1.1196
stgcn,4743,1.1707
stgcn,4744,1.1094
stgcn,4745,1.0536
stgcn,4746,1.1136
stgcn,4747,1.2283
stgcn,4748,0.9886
stgcn,4749,1.1946
stgcn,4750,2.6747
stgcn,4751,1.1320
stgcn,4752,1.0234
stgcn,4753,1.0277
stgcn,4754,1.0404
stgcn,4755,1.2369
stgcn,4756,1.1077
stgcn,4757,1.0613
stgcn,4758,1.1677
stgcn,4759,1.0343
stgcn,4760,1.2908
stgcn,4761,1.0170
stgcn,4762,2.5038
stgcn,4763,1.1378
stgcn,4764,1.1593
stgcn,4765,1.2215
stgcn,4766,1.0829
stgcn,4767,1.1280
stgcn,4768,1.1728
stgcn,4769,1.0186
stgcn,4770,1.1209
stgcn,4771,1.0386
stgcn,4772,1.1650
stgcn,4773,1.2166
stgcn,4774,1.3652
stgcn,4775,1.1740
stgcn,4776,1.1144
stgcn,4777,1.1598
stgcn,4778,1.2034
stgcn,4779,1.1370
stgcn,4780,1.2024
stgcn,4781,1.1004
stgcn,4782,1.0933
stgcn,4783,1.0856
stgcn,4784,1.0895
stgcn,4785,1.0746
stgcn,4786,2.3292
stgcn,4787,1.0628
stgcn,4788,1.0685
stgcn,4789,1.0930
stgcn,4790,1.1196
stgcn,4791,1.0371
stgcn,4792,1.1268
stgcn,4793,1.0079
stgcn,4794,1.0573
stgcn,4795,0.9907
stgcn,4796,1.0021
stgcn,4797,1.1214
stgcn,4798,1.0416
stgcn,4799,1.5945
stgcn,4800,1.3786
stgcn,4801,1.1022
stgcn,4802,0.9940
stgcn,4803,1.8949
stgcn,4804,1.1867
stgcn,4805,1.0497
stgcn,4806,1.0661
stgcn,4807,0.9881
stgcn,4808,0.9830
stgcn,4809,1.0809
stgcn,4810,1.3004
stgcn,4811,1.2248
stgcn,4812,1.3311
stgcn,4813,1.0283
stgcn,4814,1.0823
stgcn,4815,1.0523
stgcn,4816,1.0545
stgcn,4817,1.0177
stgcn,4818,1.2591
stgcn,4819,1.1434
stgcn,4820,1.1906
stgcn,4821,1.1146
stgcn,4822,1.0387
stgcn,4823,0.9944
stgcn,4824,1.2363
stgcn,4825,1.1962
stgcn,4826,1.1081
stgcn,4827,1.2320
stgcn,4828,1.0271
stgcn,4829,1.1581
stgcn,4830,1.1466
stgcn,4831,1.0205
stgcn,4832,1.1288
stgcn,4833,1.0795
stgcn,4834,1.0557
stgcn,4835,1.0524
stgcn,4836,1.2412
stgcn,4837,1.0796
stgcn,4838,1.0313
stgcn,4839,1.1870
stgcn,4840,1.1052
stgcn,4841,1.1599
stgcn,4842,1.1136
stgcn,4843,1.1891
stgcn,4844,1.1402
stgcn,4845,1.0787
stgcn,4846,1.0334
stgcn,4847,1.1052
stgcn,4848,1.0316
stgcn,4849,1.1904
stgcn,4850,1.0151
stgcn,4851,1.0724
stgcn,4852,1.0613
stgcn,4853,1.0819
stgcn,4854,1.2104
stgcn,4855,1.0031
stgcn,4856,1.0385
stgcn,4857,1.1493
stgcn,4858,1.0034
stgcn,4859,1.1556
stgcn,4860,1.0685
stgcn,4861,2.4284
stgcn,4862,1.1769
stgcn,4863,1.0918
stgcn,4864,1.1133
stgcn,4865,1.0973
stgcn,4866,1.1926
stgcn,4867,1.1444
stgcn,4868,1.1858
stgcn,4869,1.1210
stgcn,4870,1.0327
stgcn,4871,1.1132
stgcn,4872,1.1170
stgcn,4873,1.2897
stgcn,4874,1.1172
stgcn,4875,1.1192
stgcn,4876,1.0995
stgcn,4877,1.0036
stgcn,4878,0.9810
stgcn,4879,0.9873
stgcn,4880,1.1293
stgcn,4881,1.0835
stgcn,4882,1.2926
stgcn,4883,1.0592
stgcn,4884,1.0746
stgcn,4885,2.5737
stgcn,4886,1.0504
stgcn,4887,1.0574
stgcn,4888,1.1349
stgcn,4889,1.0964
stgcn,4890,1.0466
stgcn,4891,1.0955
stgcn,4892,0.9756
stgcn,4893,1.1164
stgcn,4894,1.0826
stgcn,4895,0.9958
stgcn,4896,1.1707
stgcn,4897,1.1250
stgcn,4898,1.6879
stgcn,4899,1.1839
stgcn,4900,1.1133
stgcn,4901,1.1559
stgcn,4902,1.0591
stgcn,4903,1.1498
stgcn,4904,1.1136
stgcn,4905,1.0868
stgcn,4906,1.1636
stgcn,4907,1.1560
stgcn,4908,1.0441
stgcn,4909,1.2240
stgcn,4910,1.1727
stgcn,4911,1.2531
stgcn,4912,1.1538
stgcn,4913,1.0805
stgcn,4914,1.2752
stgcn,4915,1.1091
stgcn,4916,1.0511
stgcn,4917,1.0674
stgcn,4918,1.0556
stgcn,4919,1.0938
stgcn,4920,1.1161
stgcn,4921,1.1493
stgcn,4922,2.4983
stgcn,4923,1.1568
stgcn,4924,1.0816
stgcn,4925,1.1922
stgcn,4926,1.0553
stgcn,4927,1.0014
stgcn,4928,0.9850
stgcn,4929,1.0145
stgcn,4930,1.0681
stgcn,4931,1.0347
stgcn,4932,1.1289
stgcn,4933,1.0724
stgcn,4934,2.4180
stgcn,4935,1.0662
stgcn,4936,1.1152
stgcn,4937,1.0417
stgcn,4938,1.0894
stgcn,4939,1.0816
stgcn,4940,1.1300
stgcn,4941,1.1108
stgcn,4942,1.1377
stgcn,4943,1.0824
stgcn,4944,1.1019
stgcn,4945,1.0220
stgcn,4946,1.2073
stgcn,4947,1.2742
stgcn,4948,1.0852
stgcn,4949,1.2405
stgcn,4950,1.1494
stgcn,4951,1.0753
stgcn,4952,1.0885
stgcn,4953,1.0610
stgcn,4954,1.0852
stgcn,4955,1.0898
stgcn,4956,1.1164
stgcn,4957,1.0290
stgcn,4958,1.0796
stgcn,4959,1.3182
stgcn,4960,1.2765
stgcn,4961,1.1903
stgcn,4962,1.0973
stgcn,4963,1.4011
stgcn,4964,1.1900
stgcn,4965,1.0858
stgcn,4966,1.0193
stgcn,4967,1.1767
stgcn,4968,1.0848
stgcn,4969,1.0197
stgcn,4970,1.0031
stgcn,4971,1.2234
stgcn,4972,1.1884
stgcn,4973,1.1189
stgcn,4974,1.0261
stgcn,4975,1.0243
stgcn,4976,1.0645
stgcn,4977,1.1626
stgcn,4978,1.1287
stgcn,4979,1.1087
stgcn,4980,1.1601
stgcn,4981,1.0677
stgcn,4982,1.1799
stgcn,4983,2.5386
stgcn,4984,1.1750
stgcn,4985,1.1586
stgcn,4986,1.1159
stgcn,4987,1.0998
stgcn,4988,1.0748
stgcn,4989,0.9805
stgcn,4990,1.3251
stgcn,4991,1.0589
stgcn,4992,1.0144
stgcn,4993,0.9817
stgcn,4994,0.9864
stgcn,4995,2.6582
stgcn,4996,1.1248
stgcn,4997,1.1008
stgcn,4998,1.1620
stgcn,4999,1.0859
fno,0,0.6675
fno,1,0.6647
fno,2,0.6789
fno,3,0.6713
fno,4,0.6896
fno,5,0.6369
fno,6,0.7630
fno,7,0.6402
fno,8,0.6702
fno,9,0.6573
fno,10,0.6711
fno,11,0.6440
fno,12,0.9214
fno,13,0.6435
fno,14,0.6463
fno,15,0.6391
fno,16,2.2209
fno,17,0.6472
fno,18,0.6480
fno,19,0.6294
fno,20,0.6488
fno,21,0.6371
fno,22,0.7131
fno,23,0.6885
fno,24,0.6657
fno,25,0.6694
fno,26,0.6573
fno,27,0.6771
fno,28,0.6748
fno,29,0.6180
fno,30,0.6998
fno,31,0.9718
fno,32,0.6580
fno,33,0.7042
fno,34,1.6079
fno,35,0.9218
fno,36,0.6660
fno,37,0.6526
fno,38,0.6351
fno,39,0.6283
fno,40,0.6841
fno,41,0.6551
fno,42,0.6311
fno,43,0.6370
fno,44,0.6814
fno,45,0.6311
fno,46,0.7228
fno,47,0.6302
fno,48,0.6411
fno,49,0.6874
fno,50,1.0362
fno,51,0.6351
fno,52,0.7081
fno,53,0.6715
fno,54,0.6434
fno,55,0.8880
fno,56,0.7106
fno,57,0.9827
fno,58,0.8891
fno,59,0.9281
fno,60,0.6398
fno,61,0.7654
fno,62,0.6381
fno,63,0.7856
fno,64,0.6428
fno,65,0.6594
fno,66,0.6408
fno,67,0.6714
fno,68,0.6347
fno,69,0.6474
fno,70,0.6714
fno,71,0.6899
fno,72,0.6435
fno,73,2.2702
fno,74,0.7864
fno,75,0.6793
fno,76,0.6780
fno,77,0.9605
fno,78,0.7527
fno,79,0.8941
fno,80,0.6622
fno,81,0.6322
fno,82,0.6686
fno,83,0.6427
fno,84,0.6455
fno,85,0.6895
fno,86,0.6220
fno,87,1.1725
fno,88,0.6537
fno,89,0.6680
fno,90,0.6398
fno,91,1.9416
fno,92,0.7142
fno,93,0.7068
fno,94,0.6486
fno,95,1.1082
fno,96,0.8176
fno,97,0.6529
fno,98,0.6902
fno,99,0.6568
fno,100,0.6500
fno,101,0.7034
fno,102,0.6432
fno,103,0.6985
fno,104,0.6810
fno,105,0.6763
fno,106,0.7224
fno,107,0.6504
fno,108,0.6858
fno,109,2.3142
fno,110,0.7074
fno,111,0.6828
fno,112,1.0747
fno,113,0.6513
fno,114,0.6385
fno,115,0.9595
fno,116,0.6791
fno,117,0.6741
fno,118,0.6416
fno,119,0.6678
fno,120,0.6527
fno,121,0.6662
fno,122,0.8357
fno,123,0.7040
fno,124,0.7485
fno,125,0.6387
fno,126,2.2781
fno,127,0.7433
fno,128,0.6801
fno,129,0.6275
fno,130,1.1328
fno,131,0.6358
fno,132,0.6577
fno,133,0.6524
fno,134,0.6767
fno,135,0.9599
fno,136,0.7351
fno,137,0.9466
fno,138,0.7335
fno,139,0.6546
fno,140,0.7270
fno,141,0.6307
fno,142,0.7172
fno,143,2.3191
fno,144,0.7602
fno,145,0.6790
fno,146,1.1361
fno,147,0.6610
fno,148,0.6572
fno,149,0.7285
fno,150,0.7815
fno,151,0.6912
fno,152,0.6560
fno,153,0.6388
fno,154,0.6282
fno,155,1.3076
fno,156,1.5543
fno,157,0.8689
fno,158,2.7099
fno,159,1.3204
fno,160,0.7436
fno,161,0.6918
fno,162,0.7241
fno,163,0.6350
fno,164,0.6586
fno,165,0.7725
fno,166,0.6949
fno,167,0.6779
fno,168,0.6674
fno,169,0.6392
fno,170,1.1730
fno,171,0.8503
fno,172,0.6429
fno,173,0.6469
fno,174,2.4780
fno,175,0.7719
fno,176,0.7165
fno,177,1.1476
fno,178,0.6332
fno,179,0.6426
fno,180,0.6404
fno,181,0.6396
fno,182,0.6295
fno,183,0.6420
fno,184,0.6256
fno,185,0.6741
fno,186,0.6299
fno,187,0.6243
fno,188,0.6328
fno,189,2.3933
fno,190,2.3039
fno,191,0.7647
fno,192,1.0081
fno,193,0.6618
fno,194,0.6542
fno,195,0.6246
fno,196,0.6328
fno,197,0.6517
fno,198,0.6243
fno,199,0.6272
fno,200,0.6688
fno,201,0.6261
fno,202,0.6842
fno,203,0.6192
fno,204,0.6677
fno,205,0.6177
fno,206,0.7820
fno,207,0.6828
fno,208,0.6561
fno,209,2.3039
fno,210,0.6369
fno,211,0.9083
fno,212,0.6168
fno,213,0.6272
fno,214,0.7384
fno,215,0.6262
fno,216,0.6312
fno,217,0.6816
fno,218,0.6226
fno,219,0.6691
fno,220,0.6138
fno,221,0.6480
fno,222,1.0142
fno,223,0.6151
fno,224,0.6682
fno,225,0.6620
fno,226,0.6772
fno,227,0.6803
fno,228,0.6541
fno,229,0.9070
fno,230,0.6767
fno,231,1.0717
fno,232,0.6464
fno,233,0.6740
fno,234,0.6349
fno,235,0.6391
fno,236,0.6349
fno,237,0.6313
fno,238,0.6516
fno,239,0.6326
fno,240,0.6289
fno,241,0.6456
fno,242,0.6288
fno,243,0.6282
fno,244,0.7190
fno,245,0.6369
fno,246,0.6245
fno,247,0.6537
fno,248,2.0071
fno,249,0.6770
fno,250,0.6454
fno,251,0.6239
fno,252,0.7040
fno,253,0.6650
fno,254,0.6523
fno,255,0.6466
fno,256,0.6475
fno,257,0.6319
fno,258,0.6859
fno,259,0.6461
fno,260,0.6233
fno,261,0.9715
fno,262,0.6763
fno,263,0.6249
fno,264,0.6380
fno,265,0.6702
fno,266,0.6379
fno,267,0.6745
fno,268,0.6870
fno,269,0.6743
fno,270,0.6435
fno,271,0.8322
fno,272,0.6393
fno,273,0.6672
fno,274,0.7459
fno,275,0.6402
fno,276,0.6478
fno,277,0.6388
fno,278,0.6334
fno,279,0.6429
fno,280,0.6350
fno,281,0.6295
fno,282,0.6334
fno,283,0.6306
fno,284,0.6454
fno,285,0.6225
fno,286,0.6311
fno,287,0.6369
fno,288,0.6340
fno,289,0.6333
fno,290,0.6348
fno,291,0.6773
fno,292,0.6340
fno,293,0.6623
fno,294,0.6314
fno,295,1.3446
fno,296,0.6927
fno,297,0.6359
fno,298,0.6627
fno,299,0.6625
fno,300,0.6231
fno,301,0.6344
fno,302,0.6800
fno,303,1.0528
fno,304,0.6225
fno,305,0.6316
fno,306,0.6699
fno,307,0.6258
fno,308,0.6276
fno,309,0.6796
fno,310,1.2406
fno,311,0.6409
fno,312,0.9717
fno,313,0.6476
fno,314,0.7327
fno,315,0.6322
fno,316,0.6317
fno,317,0.8261
fno,318,0.6881
fno,319,0.7069
fno,320,0.6768
fno,321,0.6695
fno,322,0.6708
fno,323,0.6586
fno,324,0.7353
fno,325,0.6901
fno,326,0.7305
fno,327,0.6632
fno,328,1.8003
fno,329,0.6671
fno,330,0.6423
fno,331,0.9842
fno,332,0.7068
fno,333,0.6408
fno,334,0.6330
fno,335,0.6467
fno,336,0.6299
fno,337,0.7883
fno,338,0.6721
fno,339,0.6766
fno,340,0.6790
fno,341,0.6669
fno,342,0.6220
fno,343,0.6673
fno,344,0.6250
fno,345,0.6674
fno,346,0.6398
fno,347,0.6569
fno,348,0.6173
fno,349,1.6372
fno,350,0.8573
fno,351,0.6403
fno,352,0.6488
fno,353,0.6514
fno,354,0.6435
fno,355,0.6450
fno,356,0.6860
fno,357,0.6332
fno,358,0.7696
fno,359,0.7520
fno,360,0.9714
fno,361,0.6330
fno,362,0.6321
fno,363,0.6308
fno,364,0.6674
fno,365,0.6222
fno,366,0.6215
fno,367,2.3386
fno,368,0.9006
fno,369,0.7343
fno,370,0.6227
fno,371,0.6212
fno,372,0.6360
fno,373,0.6229
fno,374,0.6218
fno,375,0.6604
fno,376,0.6266
fno,377,0.6238
fno,378,0.6203
fno,379,0.6290
fno,380,0.7210
fno,381,0.9322
fno,382,0.6286
fno,383,0.6398
fno,384,0.6539
fno,385,0.6645
fno,386,2.7661
fno,387,0.7301
fno,388,0.7556
fno,389,0.7557
fno,390,0.6593
fno,391,0.6544
fno,392,0.6414
fno,393,0.6397
fno,394,0.6506
fno,395,0.6361
fno,396,0.6653
fno,397,0.6412
fno,398,0.6705
fno,399,0.6360
fno,400,0.6345
fno,401,0.7940
fno,402,0.6721
fno,403,0.6570
fno,404,0.6801
fno,405,0.6430
fno,406,0.8317
fno,407,0.6789
fno,408,0.6637
fno,409,0.6476
fno,410,0.6401
fno,411,0.6460
fno,412,0.6336
fno,413,0.6244
fno,414,0.6328
fno,415,0.6371
fno,416,0.6304
fno,417,0.7722
fno,418,0.6334
fno,419,0.6296
fno,420,0.6308
fno,421,0.6409
fno,422,0.6408
fno,423,0.7552
fno,424,0.6336
fno,425,2.2780
fno,426,0.8157
fno,427,0.7036
fno,428,0.6292
fno,429,0.6213
fno,430,0.6228
fno,431,0.6316
fno,432,0.6269
fno,433,0.6191
fno,434,0.6310
fno,435,0.6246
fno,436,1.0304
fno,437,0.6104
fno,438,0.7377
fno,439,0.6361
fno,440,0.6450
fno,441,0.6283
fno,442,0.6204
fno,443,0.6113
fno,444,0.8473
fno,445,0.6491
fno,446,0.8379
fno,447,1.0129
fno,448,0.6573
fno,449,0.6326
fno,450,0.6548
fno,451,0.6620
fno,452,0.6356
fno,453,0.6286
fno,454,0.6315
fno,455,0.6249
fno,456,0.6338
fno,457,0.6326
fno,458,0.6213
fno,459,0.6463
fno,460,0.6640
fno,461,0.6332
fno,462,0.6587
fno,463,0.6626
fno,464,0.6294
fno,465,2.2187
fno,466,0.6648
fno,467,0.6342
fno,468,0.6341
fno,469,0.7116
fno,470,0.6598
fno,471,0.6219
fno,472,0.6308
fno,473,0.6260
fno,474,0.6133
fno,475,0.6268
fno,476,0.8637
fno,477,0.6118
fno,478,0.7093
fno,479,0.6464
fno,480,0.6408
fno,481,0.7357
fno,482,0.6896
fno,483,0.6138
fno,484,0.6752
fno,485,0.6366
fno,486,1.3262
fno,487,0.7216
fno,488,0.6745
fno,489,0.6356
fno,490,0.6386
fno,491,0.6216
fno,492,0.6202
fno,493,0.6244
fno,494,0.6148
fno,495,0.6268
fno,496,1.0358
fno,497,0.6103
fno,498,0.6260
fno,499,0.6200
fno,500,0.6307
fno,501,0.6312
fno,502,0.6278
fno,503,0.6167
fno,504,0.6292
fno,505,2.2456
fno,506,0.6757
fno,507,0.6276
fno,508,0.8702
fno,509,0.6712
fno,510,0.6391
fno,511,0.6389
fno,512,0.6253
fno,513,0.6198
fno,514,0.6429
fno,515,0.8587
fno,516,0.6290
fno,517,0.6409
fno,518,0.6749
fno,519,0.6355
fno,520,0.6385
fno,521,0.6371
fno,522,0.6247
fno,523,0.6496
fno,524,0.6589
fno,525,0.6257
fno,526,1.2916
fno,527,0.7386
fno,528,0.6360
fno,529,0.6332
fno,530,0.6121
fno,531,0.7196
fno,532,0.6375
fno,533,0.6246
fno,534,0.6155
fno,535,1.0363
fno,536,0.6177
fno,537,0.6229
fno,538,0.6417
fno,539,0.6177
fno,540,0.6177
fno,541,0.6238
fno,542,0.6125
fno,543,0.6098
fno,544,0.6243
fno,545,1.9526
fno,546,0.6933
fno,547,0.6548
fno,548,0.6311
fno,549,0.6250
fno,550,0.6278
fno,551,0.6237
fno,552,0.6272
fno,553,0.7955
fno,554,0.6209
fno,555,0.6339
fno,556,0.6174
fno,557,0.6137
fno,558,0.6312
fno,559,0.6186
fno,560,0.6209
fno,561,0.6167
fno,562,0.6174
fno,563,0.6235
fno,564,0.6210
fno,565,2.1195
fno,566,0.7448
fno,567,0.6774
fno,568,0.6416
fno,569,0.6282
fno,570,0.6651
fno,571,0.6253
fno,572,0.6316
fno,573,0.6577
fno,574,0.6288
fno,575,0.6329
fno,576,0.9321
fno,577,0.7870
fno,578,0.6755
fno,579,0.6299
fno,580,0.6496
fno,581,0.6485
fno,582,0.9408
fno,583,1.0244
fno,584,0.7357
fno,585,0.8319
fno,586,0.8481
fno,587,0.7885
fno,588,0.7169
fno,589,0.6420
fno,590,0.6464
fno,591,0.6694
fno,592,0.6450
fno,593,0.6374
fno,594,1.0435
fno,595,0.7580
fno,596,0.6402
fno,597,0.9097
fno,598,0.6571
fno,599,0.6427
fno,600,0.6454
fno,601,0.6271
fno,602,2.7916
fno,603,0.8869
fno,604,0.6564
fno,605,0.6401
fno,606,0.6192
fno,607,0.6159
fno,608,0.6641
fno,609,0.6169
fno,610,0.6188
fno,611,0.6245
fno,612,0.6197
fno,613,0.6388
fno,614,0.6467
fno,615,0.6261
fno,616,0.7718
fno,617,0.6446
fno,618,0.6493
fno,619,0.6158
fno,620,0.6275
fno,621,2.1186
fno,622,0.7090
fno,623,0.6506
fno,624,0.6255
fno,625,0.6195
fno,626,0.6125
fno,627,0.6174
fno,628,0.6079
fno,629,0.6183
fno,630,0.6709
fno,631,0.6076
fno,632,0.7072
fno,633,0.6452
fno,634,0.6204
fno,635,0.6178
fno,636,0.6164
fno,637,0.6283
fno,638,0.6077
fno,639,0.7820
fno,640,0.6751
fno,641,1.9705
fno,642,0.7383
fno,643,0.6241
fno,644,0.6700
fno,645,0.6265
fno,646,0.6276
fno,647,0.6444
fno,648,0.6296
fno,649,0.6235
fno,650,1.0418
fno,651,0.6507
fno,652,0.6290
fno,653,0.7194
fno,654,0.6802
fno,655,0.6415
fno,656,0.6181
fno,657,0.6171
fno,658,0.6803
fno,659,0.6173
fno,660,2.8434
fno,661,0.7066
fno,662,0.6408
fno,663,0.6560
fno,664,0.6430
fno,665,0.6329
fno,666,0.6514
fno,667,0.6368
fno,668,1.0983
fno,669,0.6836
fno,670,0.6680
fno,671,0.6799
fno,672,0.6280
fno,673,0.6438
fno,674,0.6230
fno,675,0.6183
fno,676,0.6228
fno,677,0.6102
fno,678,1.9884
fno,679,0.7567
fno,680,0.6440
fno,681,0.6216
fno,682,0.6239
fno,683,0.6623
fno,684,0.6317
fno,685,0.6360
fno,686,0.6356
fno,687,0.6228
fno,688,0.6290
fno,689,0.6244
fno,690,0.6355
fno,691,0.6453
fno,692,0.6114
fno,693,0.6163
fno,694,0.6218
fno,695,0.6163
fno,696,0.6220
fno,697,0.6158
fno,698,0.9723
fno,699,1.1870
fno,700,0.6218
fno,701,0.9138
fno,702,0.6843
fno,703,0.6913
fno,704,0.6408
fno,705,0.6227
fno,706,0.6269
fno,707,1.0370
fno,708,0.6189
fno,709,0.6133
fno,710,0.7070
fno,711,0.7231
fno,712,0.6431
fno,713,0.6513
fno,714,0.6412
fno,715,0.6230
fno,716,0.6460
fno,717,0.6335
fno,718,1.0036
fno,719,0.8946
fno,720,0.9537
fno,721,0.6746
fno,722,0.6330
fno,723,0.6716
fno,724,0.6320
fno,725,0.6277
fno,726,0.6857
fno,727,0.6195
fno,728,0.6434
fno,729,0.6975
fno,730,0.6887
fno,731,0.6650
fno,732,0.6501
fno,733,0.6519
fno,734,0.6250
fno,735,0.6255
fno,736,0.6177
fno,737,0.6241
fno,738,2.5356
fno,739,0.7259
fno,740,0.6410
fno,741,0.6273
fno,742,0.6193
fno,743,0.6350
fno,744,0.6163
fno,745,0.9024
fno,746,0.8151
fno,747,0.7607
fno,748,1.0134
fno,749,0.6971
fno,750,0.6544
fno,751,0.6362
fno,752,0.6260
fno,753,0.6389
fno,754,0.6225
fno,755,0.8600
fno,756,2.3510
fno,757,0.7967
fno,758,0.7290
fno,759,0.6453
fno,760,0.6437
fno,761,0.6294
fno,762,0.6993
fno,763,0.6690
fno,764,0.6134
fno,765,0.8561
fno,766,0.6751
fno,767,0.6271
fno,768,0.6353
fno,769,0.6370
fno,770,0.6128
fno,771,0.6106
fno,772,0.6262
fno,773,0.6190
fno,774,3.2052
fno,775,0.7189
fno,776,0.6402
fno,777,0.6551
fno,778,0.6152
fno,779,0.6205
fno,780,0.6291
fno,781,1.0250
fno,782,0.6974
fno,783,0.6870
fno,784,0.6996
fno,785,0.8183
fno,786,0.6544
fno,787,0.6254
fno,788,0.6323
fno,789,0.6147
fno,790,0.6153
fno,791,2.3676
fno,792,0.7004
fno,793,0.6305
fno,794,0.6221
fno,795,0.6404
fno,796,0.6171
fno,797,0.6209
fno,798,0.6091
fno,799,0.6175
fno,800,0.7917
fno,801,0.6136
fno,802,0.6198
fno,803,0.7236
fno,804,0.6293
fno,805,0.6182
fno,806,0.6237
fno,807,0.7259
fno,808,0.6295
fno,809,0.6306
fno,810,0.6253
fno,811,0.6232
fno,812,0.6630
fno,813,0.7983
fno,814,0.9759
fno,815,0.6566
fno,816,0.6688
fno,817,0.6278
fno,818,0.6269
fno,819,0.6431
fno,820,0.6324
fno,821,0.7015
fno,822,0.6375
fno,823,0.6453
fno,824,0.6275
fno,825,0.6364
fno,826,0.6197
fno,827,0.6234
fno,828,0.6346
fno,829,0.6197
fno,830,0.8682
fno,831,1.0623
fno,832,0.6590
fno,833,0.7259
fno,834,0.6917
fno,835,0.6370
fno,836,0.6414
fno,837,0.6174
fno,838,0.6161
fno,839,0.6295
fno,840,0.6095
fno,841,0.8485
fno,842,0.7457
fno,843,0.6919
fno,844,0.6610
fno,845,0.6046
fno,846,0.6146
fno,847,0.6212
fno,848,0.6212
fno,849,0.7176
fno,850,0.6252
fno,851,0.6129
fno,852,0.7406
fno,853,0.6537
fno,854,0.7936
fno,855,0.6495
fno,856,0.6857
fno,857,0.6292
fno,858,0.6374
fno,859,0.6284
fno,860,0.6399
fno,861,0.6295
fno,862,0.6175
fno,863,0.6275
fno,864,0.6403
fno,865,0.6082
fno,866,0.6180
fno,867,0.6347
fno,868,0.6123
fno,869,0.6182
fno,870,0.6328
fno,871,0.6151
fno,872,0.6216
fno,873,0.6096
fno,874,0.6197
fno,875,1.8695
fno,876,0.6639
fno,877,0.7375
fno,878,0.6448
fno,879,0.6287
fno,880,0.6471
fno,881,0.6618
fno,882,0.6537
fno,883,0.6594
fno,884,0.6297
fno,885,0.6297
fno,886,0.6878
fno,887,0.6353
fno,888,0.6282
fno,889,0.6660
fno,890,0.6320
fno,891,0.6335
fno,892,0.6546
fno,893,0.6241
fno,894,0.7048
fno,895,2.2385
fno,896,0.6960
fno,897,0.8037
fno,898,0.6627
fno,899,0.7279
fno,900,0.6508
fno,901,0.8255
fno,902,0.7160
fno,903,0.6359
fno,904,0.6378
fno,905,0.6246
fno,906,0.6229
fno,907,0.6404
fno,908,0.6255
fno,909,0.6314
fno,910,0.6431
fno,911,0.6262
fno,912,0.6203
fno,913,0.6374
fno,914,2.1923
fno,915,0.6355
fno,916,0.6445
fno,917,0.6389
fno,918,0.6217
fno,919,0.7245
fno,920,0.6378
fno,921,0.6120
fno,922,0.6330
fno,923,0.6187
fno,924,0.6211
fno,925,0.6293
fno,926,0.6106
fno,927,0.6273
fno,928,0.6243
fno,929,0.6138
fno,930,0.6309
fno,931,0.6078
fno,932,0.6277
fno,933,0.6214
fno,934,0.6186
fno,935,0.6695
fno,936,0.8158
fno,937,0.7475
fno,938,0.6835
fno,939,0.6370
fno,940,0.6383
fno,941,0.6151
fno,942,0.6141
fno,943,0.6321
fno,944,0.9044
fno,945,0.6509
fno,946,0.6412
fno,947,0.6343
fno,948,0.6362
fno,949,0.6505
fno,950,0.6230
fno,951,0.6201
fno,952,0.6423
fno,953,0.6363
fno,954,0.6306
fno,955,0.6277
fno,956,0.6270
fno,957,0.6931
fno,958,0.6598
fno,959,0.6683
fno,960,0.6150
fno,961,0.6170
fno,962,0.6623
fno,963,0.6146
fno,964,0.6199
fno,965,0.6131
fno,966,0.6091
fno,967,0.6294
fno,968,0.6196
fno,969,0.6103
fno,970,0.9029
fno,971,0.6462
fno,972,0.6648
fno,973,0.6415
fno,974,0.6442
fno,975,0.6472
fno,976,0.6481
fno,977,2.2416
fno,978,0.6400
fno,979,0.6410
fno,980,0.6305
fno,981,0.6693
fno,982,0.6396
fno,983,0.6159
fno,984,0.6210
fno,985,0.6431
fno,986,0.6200
fno,987,0.6507
fno,988,0.6206
fno,989,0.6511
fno,990,0.6203
fno,991,0.8344
fno,992,0.6404
fno,993,0.6428
fno,994,0.6109
fno,995,0.6114
fno,996,0.6152
fno,997,1.5214
fno,998,0.6300
fno,999,0.6980
fno,1000,0.6247
fno,1001,0.6206
fno,1002,0.6151
fno,1003,0.6095
fno,1004,0.6269
fno,1005,0.6138
fno,1006,0.6131
fno,1007,0.6274
fno,1008,0.6107
fno,1009,0.6162
fno,1010,0.6186
fno,1011,0.6165
fno,1012,0.6118
fno,1013,0.6156
fno,1014,0.6250
fno,1015,0.7254
fno,1016,0.6421
fno,1017,0.6096
fno,1018,1.7357
fno,1019,0.7272
fno,1020,0.6801
fno,1021,0.6711
fno,1022,0.6183
fno,1023,0.6458
fno,1024,0.6231
fno,1025,0.6124
fno,1026,0.6310
fno,1027,0.6296
fno,1028,0.6253
fno,1029,0.6308
fno,1030,0.6536
fno,1031,0.6222
fno,1032,0.6347
fno,1033,0.6435
fno,1034,0.6181
fno,1035,0.6266
fno,1036,0.6135
fno,1037,0.9009
fno,1038,2.1271
fno,1039,0.6740
fno,1040,0.6408
fno,1041,0.6320
fno,1042,0.6221
fno,1043,0.6094
fno,1044,0.6230
fno,1045,0.6205
fno,1046,0.6176
fno,1047,0.6238
fno,1048,0.6153
fno,1049,0.6112
fno,1050,0.6063
fno,1051,0.6234
fno,1052,0.6214
fno,1053,0.6218
fno,1054,0.6202
fno,1055,0.6106
fno,1056,0.6437
fno,1057,0.6528
fno,1058,0.7869
fno,1059,0.7278
fno,1060,0.7964
fno,1061,0.6953
fno,1062,0.6305
fno,1063,0.6221
fno,1064,0.6119
fno,1065,0.6292
fno,1066,0.6489
fno,1067,0.6238
fno,1068,0.6234
fno,1069,0.6254
fno,1070,0.6201
fno,1071,0.6136
fno,1072,0.6275
fno,1073,0.6154
fno,1074,0.6183
fno,1075,0.6221
fno,1076,0.6170
fno,1077,0.6197
fno,1078,0.6490
fno,1079,0.6250
fno,1080,0.6077
fno,1081,1.9029
fno,1082,0.8165
fno,1083,0.6531
fno,1084,0.6647
fno,1085,0.6271
fno,1086,0.6387
fno,1087,0.6359
fno,1088,0.6281
fno,1089,0.6278
fno,1090,0.6275
fno,1091,0.6359
fno,1092,0.6291
fno,1093,0.6275
fno,1094,0.6295
fno,1095,0.6298
fno,1096,0.6264
fno,1097,0.6421
fno,1098,0.6294
fno,1099,0.6277
fno,1100,0.6373
fno,1101,0.6326
fno,1102,1.1162
fno,1103,0.6817
fno,1104,0.7241
fno,1105,0.6588
fno,1106,0.8683
fno,1107,0.6621
fno,1108,0.6464
fno,1109,0.7592
fno,1110,0.6203
fno,1111,0.6293
fno,1112,0.6300
fno,1113,0.6129
fno,1114,0.6141
fno,1115,0.6153
fno,1116,0.6281
fno,1117,0.6202
fno,1118,0.6160
fno,1119,0.6361
fno,1120,0.6312
fno,1121,0.6179
fno,1122,1.8874
fno,1123,0.6636
fno,1124,0.6235
fno,1125,0.6260
fno,1126,0.6175
fno,1127,0.6088
fno,1128,0.6933
fno,1129,0.6999
fno,1130,0.6411
fno,1131,0.6255
fno,1132,0.6071
fno,1133,0.6191
fno,1134,0.6090
fno,1135,0.6196
fno,1136,0.6242
fno,1137,0.6131
fno,1138,0.6205
fno,1139,0.6108
fno,1140,0.6203
fno,1141,0.6167
fno,1142,0.6214
fno,1143,1.6925
fno,1144,0.6892
fno,1145,0.6421
fno,1146,0.6260
fno,1147,0.6187
fno,1148,0.6160
fno,1149,0.6286
fno,1150,0.6212
fno,1151,0.7305
fno,1152,0.6671
fno,1153,0.8863
fno,1154,0.6435
fno,1155,0.6261
fno,1156,0.6559
fno,1157,0.6630
fno,1158,0.6639
fno,1159,0.9266
fno,1160,0.6551
fno,1161,0.6616
fno,1162,0.6229
fno,1163,0.6129
fno,1164,0.8058
fno,1165,0.7662
fno,1166,0.7854
fno,1167,0.6643
fno,1168,0.6451
fno,1169,0.6345
fno,1170,0.6244
fno,1171,0.6633
fno,1172,0.6420
fno,1173,0.6329
fno,1174,0.7450
fno,1175,0.6260
fno,1176,0.6457
fno,1177,0.6658
fno,1178,0.6439
fno,1179,0.6842
fno,1180,0.6490
fno,1181,0.7062
fno,1182,0.6675
fno,1183,2.4649
fno,1184,0.8153
fno,1185,0.8024
fno,1186,0.6617
fno,1187,0.6589
fno,1188,0.6677
fno,1189,0.6300
fno,1190,0.6526
fno,1191,0.6854
fno,1192,0.7705
fno,1193,0.6333
fno,1194,0.6251
fno,1195,0.8090
fno,1196,0.6502
fno,1197,0.9845
fno,1198,0.6283
fno,1199,0.6152
fno,1200,0.6362
fno,1201,0.6228
fno,1202,0.6692
fno,1203,0.6267
fno,1204,0.6181
fno,1205,0.6329
fno,1206,0.6527
fno,1207,0.9822
fno,1208,0.6138
fno,1209,0.6957
fno,1210,0.6440
fno,1211,0.6357
fno,1212,0.6153
fno,1213,0.7810
fno,1214,1.1247
fno,1215,0.7705
fno,1216,0.8243
fno,1217,0.6385
fno,1218,0.7187
fno,1219,0.6342
fno,1220,0.6328
fno,1221,2.5129
fno,1222,0.7165
fno,1223,0.6434
fno,1224,0.6134
fno,1225,0.6292
fno,1226,0.6908
fno,1227,0.6200
fno,1228,0.6278
fno,1229,0.6140
fno,1230,0.6266
fno,1231,0.6229
fno,1232,0.6107
fno,1233,0.6536
fno,1234,0.6929
fno,1235,1.0277
fno,1236,0.6630
fno,1237,0.6773
fno,1238,0.6371
fno,1239,0.6196
fno,1240,2.4217
fno,1241,0.6785
fno,1242,0.6606
fno,1243,1.0900
fno,1244,0.7251
fno,1245,0.6536
fno,1246,0.6475
fno,1247,0.6382
fno,1248,0.6768
fno,1249,0.6336
fno,1250,0.6444
fno,1251,0.6598
fno,1252,0.9080
fno,1253,0.6928
fno,1254,0.6855
fno,1255,0.6673
fno,1256,0.7479
fno,1257,2.2906
fno,1258,0.7411
fno,1259,0.7668
fno,1260,0.7112
fno,1261,0.6659
fno,1262,0.6995
fno,1263,0.6509
fno,1264,0.6429
fno,1265,0.6343
fno,1266,0.6365
fno,1267,0.7097
fno,1268,0.6608
fno,1269,0.6598
fno,1270,0.6095
fno,1271,1.0064
fno,1272,0.6446
fno,1273,0.6462
fno,1274,0.6984
fno,1275,0.6310
fno,1276,0.6273
fno,1277,2.0127
fno,1278,0.9730
fno,1279,0.6580
fno,1280,0.8305
fno,1281,0.6747
fno,1282,0.6514
fno,1283,0.6552
fno,1284,0.6739
fno,1285,0.6640
fno,1286,0.6914
fno,1287,0.6552
fno,1288,0.6613
fno,1289,0.8953
fno,1290,0.6353
fno,1291,0.6331
fno,1292,1.2779
fno,1293,0.9126
fno,1294,0.7665
fno,1295,0.9996
fno,1296,1.0292
fno,1297,0.9279
fno,1298,0.7101
fno,1299,0.6738
fno,1300,0.7107
fno,1301,0.7165
fno,1302,0.6596
fno,1303,0.6517
fno,1304,0.6609
fno,1305,0.6460
fno,1306,0.6587
fno,1307,0.7346
fno,1308,0.8468
fno,1309,0.6332
fno,1310,0.6909
fno,1311,0.6577
fno,1312,0.6429
fno,1313,0.6303
fno,1314,0.7618
fno,1315,0.6705
fno,1316,0.7881
fno,1317,1.1130
fno,1318,0.6411
fno,1319,0.6293
fno,1320,0.6301
fno,1321,0.6683
fno,1322,0.6248
fno,1323,0.6335
fno,1324,0.6311
fno,1325,0.6243
fno,1326,0.6592
fno,1327,1.0861
fno,1328,0.6320
fno,1329,0.6453
fno,1330,0.6521
fno,1331,0.6377
fno,1332,2.2707
fno,1333,0.6659
fno,1334,0.6607
fno,1335,1.0509
fno,1336,0.6937
fno,1337,0.6748
fno,1338,0.6586
fno,1339,0.6201
fno,1340,0.7554
fno,1341,0.6821
fno,1342,0.6694
fno,1343,0.6232
fno,1344,0.6201
fno,1345,1.0016
fno,1346,0.7120
fno,1347,0.6238
fno,1348,0.6270
fno,1349,0.6093
fno,1350,0.6183
fno,1351,0.6113
fno,1352,0.6420
fno,1353,0.8071
fno,1354,0.6498
fno,1355,0.8133
fno,1356,0.8174
fno,1357,0.6759
fno,1358,0.6342
fno,1359,0.6539
fno,1360,0.8139
fno,1361,0.6719
fno,1362,0.6177
fno,1363,0.6136
fno,1364,0.6392
fno,1365,0.6310
fno,1366,0.6179
fno,1367,0.6353
fno,1368,0.6257
fno,1369,0.6194
fno,1370,0.6276
fno,1371,0.6352
fno,1372,0.6162
fno,1373,0.6222
fno,1374,0.6217
fno,1375,0.6170
fno,1376,1.0629
fno,1377,0.6171
fno,1378,0.6587
fno,1379,0.6298
fno,1380,0.6925
fno,1381,0.6324
fno,1382,0.6204
fno,1383,0.6298
fno,1384,0.6367
fno,1385,0.8867
fno,1386,0.7213
fno,1387,0.6427
fno,1388,0.6629
fno,1389,0.6872
fno,1390,0.6251
fno,1391,0.6234
fno,1392,0.6199
fno,1393,0.6628
fno,1394,0.6131
fno,1395,0.6391
fno,1396,0.6402
fno,1397,0.9184
fno,1398,0.6785
fno,1399,0.6910
fno,1400,0.6429
fno,1401,0.6615
fno,1402,0.6445
fno,1403,0.6323
fno,1404,0.6694
fno,1405,0.6279
fno,1406,0.6119
fno,1407,0.7741
fno,1408,0.6612
fno,1409,0.7652
fno,1410,0.6388
fno,1411,0.6730
fno,1412,0.6590
fno,1413,0.6287
fno,1414,2.0864
fno,1415,0.8066
fno,1416,0.8435
fno,1417,1.2887
fno,1418,1.0567
fno,1419,1.3100
fno,1420,0.8326
fno,1421,0.8598
fno,1422,1.4709
fno,1423,1.2653
fno,1424,0.6575
fno,1425,0.6521
fno,1426,0.6479
fno,1427,0.6361
fno,1428,0.6265
fno,1429,0.6493
fno,1430,0.7567
fno,1431,0.6878
fno,1432,0.7963
fno,1433,0.6722
fno,1434,0.7137
fno,1435,0.6229
fno,1436,0.6317
fno,1437,0.6206
fno,1438,0.6347
fno,1439,0.6888
fno,1440,0.6306
fno,1441,0.6228
fno,1442,0.6424
fno,1443,0.6171
fno,1444,0.6730
fno,1445,0.8386
fno,1446,0.6415
fno,1447,0.6325
fno,1448,0.6299
fno,1449,2.2799
fno,1450,0.6785
fno,1451,0.6834
fno,1452,0.7184
fno,1453,0.6286
fno,1454,0.6501
fno,1455,0.6138
fno,1456,0.6197
fno,1457,0.6183
fno,1458,0.6337
fno,1459,0.6231
fno,1460,0.6167
fno,1461,0.6219
fno,1462,0.6140
fno,1463,0.6350
fno,1464,0.6641
fno,1465,0.6771
fno,1466,0.6413
fno,1467,0.6127
fno,1468,2.2539
fno,1469,0.6347
fno,1470,1.0271
fno,1471,0.6320
fno,1472,0.6365
fno,1473,0.6288
fno,1474,0.6931
fno,1475,0.6112
fno,1476,0.6167
fno,1477,0.6184
fno,1478,0.6086
fno,1479,0.6107
fno,1480,0.9362
fno,1481,0.6170
fno,1482,0.6361
fno,1483,0.6555
fno,1484,0.6094
fno,1485,0.6158
fno,1486,0.6208
fno,1487,0.6086
fno,1488,1.8169
fno,1489,1.1257
fno,1490,0.7285
fno,1491,0.6659
fno,1492,0.6448
fno,1493,0.6550
fno,1494,0.6449
fno,1495,0.6485
fno,1496,0.6461
fno,1497,0.6373
fno,1498,0.6313
fno,1499,1.1045
fno,1500,0.6383
fno,1501,0.6408
fno,1502,0.6609
fno,1503,0.6377
fno,1504,0.6470
fno,1505,0.6358
fno,1506,2.6139
fno,1507,0.6597
fno,1508,0.7235
fno,1509,0.6363
fno,1510,0.6306
fno,1511,0.6786
fno,1512,0.6284
fno,1513,0.6437
fno,1514,0.7251
fno,1515,0.6136
fno,1516,0.6131
fno,1517,0.8821
fno,1518,0.6107
fno,1519,0.6911
fno,1520,0.6212
fno,1521,0.6176
fno,1522,0.6179
fno,1523,0.6149
fno,1524,0.6214
fno,1525,1.6074
fno,1526,0.6241
fno,1527,1.0157
fno,1528,0.6497
fno,1529,0.6479
fno,1530,0.6101
fno,1531,0.6335
fno,1532,0.6178
fno,1533,0.6130
fno,1534,0.6273
fno,1535,0.6117
fno,1536,0.6167
fno,1537,0.8253
fno,1538,0.6082
fno,1539,0.6845
fno,1540,0.7819
fno,1541,0.6392
fno,1542,0.6206
fno,1543,0.6350
fno,1544,0.6223
fno,1545,1.9559
fno,1546,0.6226
fno,1547,0.6111
fno,1548,0.7419
fno,1549,0.6466
fno,1550,0.7002
fno,1551,0.6521
fno,1552,0.6927
fno,1553,0.6547
fno,1554,0.6775
fno,1555,0.6789
fno,1556,0.6598
fno,1557,0.7283
fno,1558,0.6488
fno,1559,0.7222
fno,1560,0.6500
fno,1561,0.7142
fno,1562,0.6421
fno,1563,0.8822
fno,1564,2.8247
fno,1565,0.7475
fno,1566,0.8547
fno,1567,1.2384
fno,1568,0.9470
fno,1569,1.3060
fno,1570,0.6416
fno,1571,0.6562
fno,1572,0.6625
fno,1573,0.7251
fno,1574,0.6521
fno,1575,0.6156
fno,1576,0.6682
fno,1577,0.7389
fno,1578,3.0147
fno,1579,0.7800
fno,1580,0.6768
fno,1581,0.6863
fno,1582,0.6422
fno,1583,0.7843
fno,1584,0.6728
fno,1585,0.6727
fno,1586,0.6416
fno,1587,0.6491
fno,1588,0.9288
fno,1589,0.6369
fno,1590,0.6281
fno,1591,0.6672
fno,1592,0.6595
fno,1593,0.6416
fno,1594,0.6727
fno,1595,0.6428
fno,1596,0.6378
fno,1597,2.5170
fno,1598,0.8069
fno,1599,0.6403
fno,1600,0.6444
fno,1601,0.6836
fno,1602,0.7054
fno,1603,0.8064
fno,1604,0.6592
fno,1605,0.6377
fno,1606,0.8117
fno,1607,0.6806
fno,1608,0.6898
fno,1609,0.6619
fno,1610,0.6428
fno,1611,0.6215
fno,1612,0.6215
fno,1613,0.6128
fno,1614,0.6201
fno,1615,2.5852
fno,1616,0.7844
fno,1617,0.6417
fno,1618,0.6890
fno,1619,0.6350
fno,1620,0.6919
fno,1621,0.6964
fno,1622,0.6426
fno,1623,0.6147
fno,1624,1.0163
fno,1625,0.6626
fno,1626,0.7314
fno,1627,0.7318
fno,1628,0.7039
fno,1629,0.7413
fno,1630,0.6724
fno,1631,0.6162
fno,1632,2.3148
fno,1633,0.8129
fno,1634,0.6917
fno,1635,0.7328
fno,1636,0.6354
fno,1637,0.6255
fno,1638,0.6492
fno,1639,0.6400
fno,1640,0.6867
fno,1641,0.7225
fno,1642,1.1071
fno,1643,0.8554
fno,1644,0.7323
fno,1645,0.6391
fno,1646,0.6719
fno,1647,0.6412
fno,1648,0.6394
fno,1649,0.6526
fno,1650,0.6358
fno,1651,0.6686
fno,1652,0.8799
fno,1653,0.7874
fno,1654,0.6972
fno,1655,0.6652
fno,1656,0.6739
fno,1657,0.6536
fno,1658,0.7213
fno,1659,0.6475
fno,1660,0.6899
fno,1661,1.1619
fno,1662,0.6418
fno,1663,0.7202
fno,1664,0.6657
fno,1665,0.6481
fno,1666,0.7521
fno,1667,0.6841
fno,1668,0.7067
fno,1669,0.6887
fno,1670,2.5545
fno,1671,0.6720
fno,1672,0.6333
fno,1673,0.6548
fno,1674,0.6972
fno,1675,0.6305
fno,1676,0.6496
fno,1677,0.6107
fno,1678,0.6176
fno,1679,0.8396
fno,1680,0.6231
fno,1681,0.6961
fno,1682,0.6304
fno,1683,0.6387
fno,1684,0.6234
fno,1685,0.6183
fno,1686,0.6104
fno,1687,0.6876
fno,1688,0.6683
fno,1689,2.5123
fno,1690,0.6816
fno,1691,0.6400
fno,1692,0.6336
fno,1693,0.6401
fno,1694,0.6203
fno,1695,0.6701
fno,1696,0.6356
fno,1697,0.6296
fno,1698,0.6795
fno,1699,0.6199
fno,1700,0.7265
fno,1701,0.6451
fno,1702,0.6564
fno,1703,0.6675
fno,1704,0.6485
fno,1705,0.6719
fno,1706,0.8225
fno,1707,2.5890
fno,1708,0.8466
fno,1709,0.6573
fno,1710,0.6386
fno,1711,0.6230
fno,1712,0.6224
fno,1713,0.6462
fno,1714,0.6225
fno,1715,0.6162
fno,1716,0.6347
fno,1717,0.6181
fno,1718,0.6226
fno,1719,0.8834
fno,1720,0.6789
fno,1721,0.6290
fno,1722,0.6758
fno,1723,0.6203
fno,1724,0.6214
fno,1725,0.6307
fno,1726,0.6504
fno,1727,0.6389
fno,1728,0.8067
fno,1729,0.8555
fno,1730,0.7235
fno,1731,0.6683
fno,1732,0.6328
fno,1733,0.6304
fno,1734,0.6535
fno,1735,0.6350
fno,1736,0.6183
fno,1737,0.6229
fno,1738,0.6091
fno,1739,0.6951
fno,1740,0.6447
fno,1741,0.6086
fno,1742,0.6508
fno,1743,0.6265
fno,1744,0.6188
fno,1745,0.6182
fno,1746,0.6851
fno,1747,2.7055
fno,1748,2.2752
fno,1749,0.9296
fno,1750,0.8917
fno,1751,0.8484
fno,1752,0.8244
fno,1753,0.8047
fno,1754,0.8040
fno,1755,1.0285
fno,1756,1.1034
fno,1757,0.8729
fno,1758,0.8223
fno,1759,0.8356
fno,1760,4.0295
fno,1761,1.8563
fno,1762,1.0758
fno,1763,1.4759
fno,1764,1.0318
fno,1765,0.9384
fno,1766,0.9359
fno,1767,0.9491
fno,1768,0.9762
fno,1769,0.9645
fno,1770,1.0423
fno,1771,0.8540
fno,1772,1.3611
fno,1773,0.9582
fno,1774,1.0270
fno,1775,0.9393
fno,1776,0.7874
fno,1777,1.0157
fno,1778,0.8149
fno,1779,0.8276
fno,1780,0.6751
fno,1781,0.6516
fno,1782,0.7897
fno,1783,0.8161
fno,1784,0.8064
fno,1785,0.7614
fno,1786,0.8894
fno,1787,0.7204
fno,1788,0.7176
fno,1789,0.7805
fno,1790,0.7316
fno,1791,0.6421
fno,1792,0.6346
fno,1793,0.6246
fno,1794,0.6303
fno,1795,0.6591
fno,1796,0.6384
fno,1797,0.7877
fno,1798,0.6619
fno,1799,0.8149
fno,1800,0.7882
fno,1801,0.8777
fno,1802,2.1111
fno,1803,2.8860
fno,1804,0.8153
fno,1805,0.6853
fno,1806,0.6565
fno,1807,0.6752
fno,1808,0.6478
fno,1809,0.6405
fno,1810,0.6425
fno,1811,0.7497
fno,1812,0.6518
fno,1813,0.8271
fno,1814,0.6907
fno,1815,0.6551
fno,1816,0.6564
fno,1817,0.6663
fno,1818,0.6508
fno,1819,0.6316
fno,1820,0.6390
fno,1821,2.3181
fno,1822,0.6724
fno,1823,0.6395
fno,1824,0.6498
fno,1825,0.6590
fno,1826,0.6964
fno,1827,0.6380
fno,1828,0.6825
fno,1829,0.6848
fno,1830,0.6404
fno,1831,0.6799
fno,1832,0.6468
fno,1833,0.7244
fno,1834,0.6793
fno,1835,0.6417
fno,1836,0.6276
fno,1837,0.6697
fno,1838,0.6302
fno,1839,0.6480
fno,1840,2.1297
fno,1841,0.6484
fno,1842,0.6321
fno,1843,0.6365
fno,1844,0.6615
fno,1845,0.6621
fno,1846,0.6471
fno,1847,0.6336
fno,1848,0.6974
fno,1849,0.6494
fno,1850,0.6281
fno,1851,0.6384
fno,1852,0.6339
fno,1853,0.6406
fno,1854,0.6507
fno,1855,0.6314
fno,1856,0.8610
fno,1857,0.6809
fno,1858,0.6706
fno,1859,1.9854
fno,1860,0.6897
fno,1861,0.6812
fno,1862,0.6771
fno,1863,0.6479
fno,1864,0.6473
fno,1865,0.6377
fno,1866,0.6296
fno,1867,0.6254
fno,1868,0.6552
fno,1869,0.6282
fno,1870,0.6250
fno,1871,0.6235
fno,1872,0.6435
fno,1873,0.6295
fno,1874,0.6448
fno,1875,0.6353
fno,1876,0.6310
fno,1877,0.6366
fno,1878,0.6254
fno,1879,0.6376
fno,1880,1.3112
fno,1881,0.6360
fno,1882,0.6575
fno,1883,0.6340
fno,1884,0.6432
fno,1885,0.6317
fno,1886,0.6363
fno,1887,0.6247
fno,1888,0.6296
fno,1889,0.6376
fno,1890,0.6305
fno,1891,0.8399
fno,1892,0.6641
fno,1893,0.6589
fno,1894,0.6746
fno,1895,0.6525
fno,1896,0.6331
fno,1897,0.6598
fno,1898,0.6373
fno,1899,0.6327
fno,1900,1.7114
fno,1901,0.8213
fno,1902,0.6411
fno,1903,0.6346
fno,1904,0.6936
fno,1905,0.6169
fno,1906,0.6315
fno,1907,0.7212
fno,1908,0.8023
fno,1909,0.7304
fno,1910,0.7225
fno,1911,0.7733
fno,1912,0.7343
fno,1913,0.7107
fno,1914,0.6911
fno,1915,0.6419
fno,1916,0.6701
fno,1917,0.6545
fno,1918,0.6631
fno,1919,0.6419
fno,1920,0.6933
fno,1921,0.6651
fno,1922,0.8683
fno,1923,0.6528
fno,1924,0.8154
fno,1925,0.6167
fno,1926,0.6224
fno,1927,0.7549
fno,1928,0.6138
fno,1929,0.6098
fno,1930,0.6155
fno,1931,0.6385
fno,1932,0.6308
fno,1933,0.6181
fno,1934,0.7303
fno,1935,0.6368
fno,1936,0.6233
fno,1937,0.6146
fno,1938,0.6103
fno,1939,0.6220
fno,1940,0.6116
fno,1941,1.8319
fno,1942,0.7081
fno,1943,0.6539
fno,1944,0.6301
fno,1945,0.9300
fno,1946,0.6511
fno,1947,0.6523
fno,1948,0.6205
fno,1949,0.6302
fno,1950,0.6282
fno,1951,0.7126
fno,1952,0.6481
fno,1953,0.6386
fno,1954,0.6208
fno,1955,0.6266
fno,1956,0.6298
fno,1957,0.6274
fno,1958,0.6310
fno,1959,0.6498
fno,1960,0.6304
fno,1961,0.6250
fno,1962,1.4810
fno,1963,0.7388
fno,1964,2.5836
fno,1965,0.6493
fno,1966,0.6412
fno,1967,0.6060
fno,1968,0.6191
fno,1969,0.6651
fno,1970,0.6257
fno,1971,0.6205
fno,1972,0.6451
fno,1973,0.6235
fno,1974,0.6362
fno,1975,0.6326
fno,1976,0.6233
fno,1977,0.6407
fno,1978,0.6172
fno,1979,0.6621
fno,1980,0.6204
fno,1981,0.8071
fno,1982,0.7292
fno,1983,0.6381
fno,1984,0.6594
fno,1985,0.6395
fno,1986,0.6285
fno,1987,0.6460
fno,1988,0.7216
fno,1989,0.6765
fno,1990,0.7100
fno,1991,0.6573
fno,1992,0.6512
fno,1993,0.6157
fno,1994,0.6121
fno,1995,0.6306
fno,1996,0.6166
fno,1997,0.6164
fno,1998,0.6154
fno,1999,0.6434
fno,2000,0.6533
fno,2001,0.6229
fno,2002,0.9318
fno,2003,0.9336
fno,2004,0.7234
fno,2005,0.6828
fno,2006,0.6413
fno,2007,0.6203
fno,2008,0.6141
fno,2009,0.6247
fno,2010,0.6103
fno,2011,0.8029
fno,2012,0.6165
fno,2013,0.6379
fno,2014,0.6109
fno,2015,0.6111
fno,2016,0.6289
fno,2017,0.6170
fno,2018,0.6290
fno,2019,0.6228
fno,2020,0.6740
fno,2021,2.0131
fno,2022,0.7001
fno,2023,0.6186
fno,2024,0.6152
fno,2025,0.6305
fno,2026,0.6134
fno,2027,0.6222
fno,2028,0.6279
fno,2029,0.6254
fno,2030,0.6257
fno,2031,0.6130
fno,2032,0.8657
fno,2033,0.7507
fno,2034,2.2025
fno,2035,0.6472
fno,2036,1.0910
fno,2037,0.6536
fno,2038,0.6480
fno,2039,0.9191
fno,2040,0.8554
fno,2041,0.6452
fno,2042,0.7133
fno,2043,0.6325
fno,2044,0.6442
fno,2045,0.7253
fno,2046,0.6209
fno,2047,0.6989
fno,2048,0.6085
fno,2049,0.6148
fno,2050,0.6131
fno,2051,0.7889
fno,2052,0.8277
fno,2053,0.6667
fno,2054,0.6647
fno,2055,0.6284
fno,2056,0.6447
fno,2057,0.6236
fno,2058,0.6233
fno,2059,0.6835
fno,2060,0.6189
fno,2061,0.7865
fno,2062,0.7539
fno,2063,0.6373
fno,2064,0.7069
fno,2065,0.6256
fno,2066,0.6179
fno,2067,0.6162
fno,2068,0.6126
fno,2069,0.6106
fno,2070,0.6359
fno,2071,0.6043
fno,2072,0.6163
fno,2073,0.6349
fno,2074,0.6069
fno,2075,0.7094
fno,2076,0.6294
fno,2077,0.6258
fno,2078,0.6183
fno,2079,0.6145
fno,2080,0.6170
fno,2081,1.8115
fno,2082,0.6873
fno,2083,0.6292
fno,2084,0.6457
fno,2085,0.6349
fno,2086,0.6185
fno,2087,0.7275
fno,2088,0.6641
fno,2089,0.6417
fno,2090,0.6435
fno,2091,0.6294
fno,2092,0.6308
fno,2093,0.6470
fno,2094,0.6374
fno,2095,0.6377
fno,2096,0.6977
fno,2097,0.6345
fno,2098,0.8593
fno,2099,0.6846
fno,2100,0.6133
fno,2101,1.6128
fno,2102,0.7012
fno,2103,0.6147
fno,2104,0.6365
fno,2105,0.6131
fno,2106,0.6094
fno,2107,0.6143
fno,2108,0.6117
fno,2109,0.6199
fno,2110,0.6110
fno,2111,0.6265
fno,2112,0.6165
fno,2113,0.6189
fno,2114,0.6150
fno,2115,0.6130
fno,2116,0.6360
fno,2117,0.6171
fno,2118,0.6101
fno,2119,0.6116
fno,2120,0.6157
fno,2121,0.6011
fno,2122,0.7389
fno,2123,0.8814
fno,2124,0.6676
fno,2125,0.6172
fno,2126,0.6194
fno,2127,0.6030
fno,2128,0.6042
fno,2129,0.6090
fno,2130,0.6121
fno,2131,0.6097
fno,2132,0.6048
fno,2133,0.6150
fno,2134,0.6131
fno,2135,0.6038
fno,2136,0.6321
fno,2137,0.6087
fno,2138,0.6097
fno,2139,0.6688
fno,2140,0.6089
fno,2141,0.6108
fno,2142,0.6026
fno,2143,0.6078
fno,2144,1.6339
fno,2145,0.8079
fno,2146,0.6307
fno,2147,0.6155
fno,2148,0.6309
fno,2149,0.6148
fno,2150,0.6220
fno,2151,0.6072
fno,2152,0.6085
fno,2153,0.6090
fno,2154,0.6207
fno,2155,0.6112
fno,2156,0.6045
fno,2157,0.6144
fno,2158,0.6168
fno,2159,0.6073
fno,2160,0.6116
fno,2161,0.6152
fno,2162,0.6099
fno,2163,0.6073
fno,2164,0.6509
fno,2165,1.5947
fno,2166,0.7011
fno,2167,0.6334
fno,2168,0.6093
fno,2169,0.7880
fno,2170,0.7253
fno,2171,0.6222
fno,2172,0.6265
fno,2173,0.6169
fno,2174,0.6091
fno,2175,0.6212
fno,2176,0.6114
fno,2177,0.6207
fno,2178,0.6246
fno,2179,0.6251
fno,2180,0.6217
fno,2181,0.6057
fno,2182,0.6135
fno,2183,0.6197
fno,2184,0.6044
fno,2185,0.6157
fno,2186,1.8292
fno,2187,0.6699
fno,2188,0.6186
fno,2189,0.6291
fno,2190,0.6081
fno,2191,0.6212
fno,2192,0.9620
fno,2193,0.6183
fno,2194,0.6139
fno,2195,0.7006
fno,2196,0.6137
fno,2197,0.6130
fno,2198,0.6138
fno,2199,0.6765
fno,2200,0.6220
fno,2201,0.6237
fno,2202,0.6080
fno,2203,0.6187
fno,2204,0.6967
fno,2205,0.6120
fno,2206,0.6181
fno,2207,1.3927
fno,2208,0.7180
fno,2209,0.6559
fno,2210,0.6380
fno,2211,0.6243
fno,2212,0.8276
fno,2213,0.6265
fno,2214,0.6439
fno,2215,0.6240
fno,2216,0.9448
fno,2217,0.6285
fno,2218,0.6217
fno,2219,0.6022
fno,2220,0.6105
fno,2221,0.6207
fno,2222,0.6033
fno,2223,0.6177
fno,2224,0.7582
fno,2225,0.6095
fno,2226,0.6119
fno,2227,0.6215
fno,2228,1.2120
fno,2229,0.6552
fno,2230,0.6467
fno,2231,0.6336
fno,2232,0.6279
fno,2233,0.6478
fno,2234,0.6222
fno,2235,0.6464
fno,2236,0.6354
fno,2237,0.6191
fno,2238,0.8469
fno,2239,0.6671
fno,2240,0.6206
fno,2241,0.6220
fno,2242,0.6065
fno,2243,0.6170
fno,2244,0.6218
fno,2245,0.6123
fno,2246,0.6288
fno,2247,0.6208
fno,2248,0.6050
fno,2249,1.2118
fno,2250,0.6987
fno,2251,0.6372
fno,2252,0.6495
fno,2253,0.6207
fno,2254,0.6333
fno,2255,0.6640
fno,2256,0.6201
fno,2257,0.6410
fno,2258,0.6299
fno,2259,0.6177
fno,2260,0.6289
fno,2261,0.6472
fno,2262,0.9027
fno,2263,0.6497
fno,2264,0.6632
fno,2265,0.6559
fno,2266,0.7777
fno,2267,0.6454
fno,2268,0.6231
fno,2269,1.8641
fno,2270,0.6379
fno,2271,0.6438
fno,2272,0.6362
fno,2273,0.9523
fno,2274,0.6270
fno,2275,0.6302
fno,2276,0.6352
fno,2277,0.6407
fno,2278,0.6984
fno,2279,0.6234
fno,2280,0.6454
fno,2281,0.6171
fno,2282,0.6201
fno,2283,0.6240
fno,2284,0.8453
fno,2285,0.6519
fno,2286,0.6387
fno,2287,0.6521
fno,2288,0.6154
fno,2289,1.4576
fno,2290,0.7405
fno,2291,0.6554
fno,2292,0.6566
fno,2293,0.6154
fno,2294,0.6292
fno,2295,0.6256
fno,2296,0.6202
fno,2297,0.6363
fno,2298,0.6219
fno,2299,0.6244
fno,2300,0.6295
fno,2301,0.6174
fno,2302,0.6191
fno,2303,0.6431
fno,2304,0.9825
fno,2305,0.6125
fno,2306,0.6423
fno,2307,0.8669
fno,2308,0.6537
fno,2309,1.6135
fno,2310,0.6366
fno,2311,0.6263
fno,2312,0.6056
fno,2313,1.0541
fno,2314,0.6052
fno,2315,0.6084
fno,2316,0.6128
fno,2317,0.6037
fno,2318,0.6128
fno,2319,0.6122
fno,2320,0.6025
fno,2321,0.6727
fno,2322,0.6175
fno,2323,0.6084
fno,2324,0.9895
fno,2325,0.6928
fno,2326,0.6094
fno,2327,0.6074
fno,2328,0.6136
fno,2329,1.4817
fno,2330,0.7054
fno,2331,0.6287
fno,2332,0.6074
fno,2333,0.6329
fno,2334,0.7163
fno,2335,0.6070
fno,2336,0.6209
fno,2337,0.6071
fno,2338,0.6127
fno,2339,0.6156
fno,2340,0.6195
fno,2341,0.6249
fno,2342,0.6259
fno,2343,0.6028
fno,2344,0.6149
fno,2345,0.8269
fno,2346,0.6147
fno,2347,0.6223
fno,2348,0.6124
fno,2349,0.6168
fno,2350,1.6410
fno,2351,0.6342
fno,2352,0.8481
fno,2353,0.9554
fno,2354,0.6126
fno,2355,0.6039
fno,2356,0.6081
fno,2357,0.6228
fno,2358,0.6104
fno,2359,0.6098
fno,2360,0.6133
fno,2361,0.6056
fno,2362,0.6034
fno,2363,0.6213
fno,2364,0.9114
fno,2365,0.6191
fno,2366,0.6228
fno,2367,0.6250
fno,2368,0.6140
fno,2369,0.6115
fno,2370,1.7621
fno,2371,0.6431
fno,2372,0.6349
fno,2373,0.9416
fno,2374,0.6330
fno,2375,0.6444
fno,2376,0.6306
fno,2377,0.6213
fno,2378,0.6430
fno,2379,0.6338
fno,2380,0.6226
fno,2381,0.6327
fno,2382,0.6239
fno,2383,0.6352
fno,2384,0.6432
fno,2385,0.6305
fno,2386,0.6172
fno,2387,0.6208
fno,2388,0.6319
fno,2389,0.6234
fno,2390,0.6279
fno,2391,0.6265
fno,2392,0.8067
fno,2393,0.6975
fno,2394,0.6313
fno,2395,1.0028
fno,2396,0.6761
fno,2397,0.9038
fno,2398,0.8296
fno,2399,0.6798
fno,2400,0.6364
fno,2401,0.6442
fno,2402,0.6235
fno,2403,0.6247
fno,2404,0.7104
fno,2405,0.6861
fno,2406,0.6413
fno,2407,0.9184
fno,2408,0.6955
fno,2409,0.6338
fno,2410,0.6368
fno,2411,0.8507
fno,2412,0.7460
fno,2413,0.6503
fno,2414,0.9374
fno,2415,0.6263
fno,2416,0.6250
fno,2417,0.6135
fno,2418,0.7096
fno,2419,0.9582
fno,2420,0.6511
fno,2421,0.6301
fno,2422,0.6461
fno,2423,0.6325
fno,2424,0.6194
fno,2425,0.6274
fno,2426,0.6239
fno,2427,0.6313
fno,2428,0.6439
fno,2429,0.6146
fno,2430,0.6405
fno,2431,0.6305
fno,2432,1.0039
fno,2433,0.6258
fno,2434,1.2461
fno,2435,0.6116
fno,2436,0.7271
fno,2437,0.7613
fno,2438,0.6591
fno,2439,0.6899
fno,2440,0.6449
fno,2441,0.6237
fno,2442,0.7916
fno,2443,0.7033
fno,2444,1.0787
fno,2445,0.6504
fno,2446,0.6461
fno,2447,0.7374
fno,2448,0.7246
fno,2449,0.6451
fno,2450,1.8482
fno,2451,0.6932
fno,2452,0.9670
fno,2453,0.6317
fno,2454,0.6918
fno,2455,0.7289
fno,2456,0.6439
fno,2457,0.6241
fno,2458,0.6278
fno,2459,0.6120
fno,2460,0.6194
fno,2461,0.6119
fno,2462,0.6101
fno,2463,1.1844
fno,2464,0.6427
fno,2465,0.7826
fno,2466,0.6700
fno,2467,0.6187
fno,2468,1.9710
fno,2469,0.7053
fno,2470,0.6765
fno,2471,0.6618
fno,2472,0.7241
fno,2473,0.6872
fno,2474,0.7190
fno,2475,0.6313
fno,2476,0.6493
fno,2477,0.6203
fno,2478,0.6269
fno,2479,0.6320
fno,2480,0.6099
fno,2481,0.6339
fno,2482,0.6104
fno,2483,0.6890
fno,2484,0.8791
fno,2485,0.8567
fno,2486,0.6389
fno,2487,1.9772
fno,2488,0.7199
fno,2489,0.9771
fno,2490,0.6207
fno,2491,0.6168
fno,2492,0.6545
fno,2493,0.6306
fno,2494,0.6192
fno,2495,0.6167
fno,2496,0.6164
fno,2497,0.6031
fno,2498,0.6167
fno,2499,0.6100
fno,2500,0.8357
fno,2501,0.6183
fno,2502,0.6127
fno,2503,0.6665
fno,2504,0.6292
fno,2505,0.6146
fno,2506,0.8399
fno,2507,2.3882
fno,2508,0.7141
fno,2509,0.6264
fno,2510,0.7039
fno,2511,0.6475
fno,2512,0.6230
fno,2513,0.6337
fno,2514,0.6185
fno,2515,0.6110
fno,2516,0.6199
fno,2517,0.6082
fno,2518,0.6113
fno,2519,1.0535
fno,2520,0.6831
fno,2521,0.6438
fno,2522,0.6462
fno,2523,0.6154
fno,2524,0.6170
fno,2525,0.6200
fno,2526,1.1020
fno,2527,0.8337
fno,2528,0.9795
fno,2529,0.7186
fno,2530,0.6328
fno,2531,0.6817
fno,2532,0.6204
fno,2533,0.6276
fno,2534,0.6139
fno,2535,0.6137
fno,2536,0.6141
fno,2537,0.6057
fno,2538,0.6472
fno,2539,0.6160
fno,2540,0.6091
fno,2541,0.6801
fno,2542,0.6760
fno,2543,0.6851
fno,2544,0.6338
fno,2545,0.6287
fno,2546,0.6384
fno,2547,0.6181
fno,2548,2.8710
fno,2549,0.7260
fno,2550,0.6712
fno,2551,0.6255
fno,2552,0.6173
fno,2553,0.6197
fno,2554,0.6195
fno,2555,0.6132
fno,2556,0.6158
fno,2557,0.6103
fno,2558,0.6128
fno,2559,0.6290
fno,2560,0.6720
fno,2561,0.6203
fno,2562,0.6159
fno,2563,0.6181
fno,2564,0.6106
fno,2565,1.8657
fno,2566,0.7356
fno,2567,0.8821
fno,2568,0.6626
fno,2569,0.6835
fno,2570,0.6332
fno,2571,0.6096
fno,2572,0.6194
fno,2573,0.6343
fno,2574,0.6351
fno,2575,0.6278
fno,2576,0.6107
fno,2577,0.8988
fno,2578,0.6300
fno,2579,0.6998
fno,2580,0.6566
fno,2581,0.6280
fno,2582,0.6201
fno,2583,0.6157
fno,2584,0.6190
fno,2585,1.7814
fno,2586,0.6944
fno,2587,0.6568
fno,2588,0.8457
fno,2589,0.6504
fno,2590,0.6241
fno,2591,0.6085
fno,2592,0.6052
fno,2593,0.6300
fno,2594,0.6140
fno,2595,0.6198
fno,2596,0.6659
fno,2597,0.9871
fno,2598,0.6194
fno,2599,0.6237
fno,2600,0.6157
fno,2601,0.6369
fno,2602,0.6428
fno,2603,0.6042
fno,2604,2.8745
fno,2605,0.7339
fno,2606,0.6815
fno,2607,0.6664
fno,2608,0.6760
fno,2609,0.6280
fno,2610,0.6347
fno,2611,0.6457
fno,2612,0.6255
fno,2613,0.6479
fno,2614,0.6458
fno,2615,0.6261
fno,2616,0.7170
fno,2617,0.6316
fno,2618,0.6374
fno,2619,0.6672
fno,2620,0.6263
fno,2621,0.6182
fno,2622,0.6174
fno,2623,0.6490
fno,2624,0.6272
fno,2625,0.8550
fno,2626,0.6920
fno,2627,0.6986
fno,2628,1.1563
fno,2629,0.6146
fno,2630,0.8009
fno,2631,0.8473
fno,2632,0.7247
fno,2633,0.6270
fno,2634,0.6322
fno,2635,1.0673
fno,2636,0.6766
fno,2637,0.6816
fno,2638,0.6870
fno,2639,0.6496
fno,2640,0.6409
fno,2641,0.6564
fno,2642,1.9304
fno,2643,1.1385
fno,2644,0.6653
fno,2645,0.6202
fno,2646,0.6245
fno,2647,0.6155
fno,2648,0.6290
fno,2649,0.6387
fno,2650,0.6235
fno,2651,0.6763
fno,2652,0.8803
fno,2653,0.6257
fno,2654,0.6852
fno,2655,0.6213
fno,2656,0.6055
fno,2657,0.6203
fno,2658,0.6311
fno,2659,0.6161
fno,2660,0.6080
fno,2661,0.6495
fno,2662,0.6189
fno,2663,0.7912
fno,2664,1.1459
fno,2665,0.7224
fno,2666,0.6518
fno,2667,0.6229
fno,2668,0.6508
fno,2669,0.6327
fno,2670,0.6372
fno,2671,0.6442
fno,2672,0.6737
fno,2673,0.6406
fno,2674,1.0038
fno,2675,0.8282
fno,2676,0.6394
fno,2677,0.6367
fno,2678,0.6509
fno,2679,0.6066
fno,2680,0.6255
fno,2681,0.6232
fno,2682,2.4630
fno,2683,0.6387
fno,2684,0.6197
fno,2685,0.6160
fno,2686,0.6140
fno,2687,0.6211
fno,2688,0.6261
fno,2689,0.6202
fno,2690,0.6106
fno,2691,0.6571
fno,2692,0.6103
fno,2693,0.7052
fno,2694,0.6246
fno,2695,0.6119
fno,2696,0.6864
fno,2697,0.6563
fno,2698,0.6479
fno,2699,0.6429
fno,2700,0.6665
fno,2701,0.7391
fno,2702,0.6474
fno,2703,0.8841
fno,2704,0.6796
fno,2705,0.6492
fno,2706,0.6285
fno,2707,0.6073
fno,2708,0.6118
fno,2709,0.6450
fno,2710,0.6023
fno,2711,0.6365
fno,2712,0.6181
fno,2713,0.6580
fno,2714,0.6570
fno,2715,0.6175
fno,2716,0.6490
fno,2717,0.6297
fno,2718,0.6119
fno,2719,0.6257
fno,2720,0.6159
fno,2721,0.6857
fno,2722,0.6444
fno,2723,2.1530
fno,2724,0.7370
fno,2725,0.6530
fno,2726,0.6515
fno,2727,0.6251
fno,2728,0.6234
fno,2729,0.6341
fno,2730,0.6092
fno,2731,0.6031
fno,2732,0.6091
fno,2733,0.6357
fno,2734,0.6274
fno,2735,0.6117
fno,2736,0.6309
fno,2737,0.7435
fno,2738,0.6068
fno,2739,0.6155
fno,2740,0.6038
fno,2741,0.6139
fno,2742,0.6139
fno,2743,2.0418
fno,2744,0.6806
fno,2745,0.6442
fno,2746,0.6361
fno,2747,1.0600
fno,2748,0.6241
fno,2749,0.6231
fno,2750,0.6398
fno,2751,0.6342
fno,2752,0.6255
fno,2753,0.6091
fno,2754,0.6170
fno,2755,0.6196
fno,2756,0.6058
fno,2757,0.6134
fno,2758,0.6232
fno,2759,0.6438
fno,2760,0.6122
fno,2761,0.6055
fno,2762,0.6114
fno,2763,3.9930
fno,2764,0.7458
fno,2765,0.6981
fno,2766,0.6563
fno,2767,0.7093
fno,2768,0.6906
fno,2769,0.6660
fno,2770,0.6718
fno,2771,0.6538
fno,2772,0.6569
fno,2773,0.6520
fno,2774,0.6641
fno,2775,0.7484
fno,2776,0.6666
fno,2777,0.7036
fno,2778,0.6254
fno,2779,0.6173
fno,2780,0.6621
fno,2781,0.7991
fno,2782,0.6800
fno,2783,0.6794
fno,2784,0.6369
fno,2785,0.6230
fno,2786,0.6326
fno,2787,0.6265
fno,2788,0.6136
fno,2789,0.6151
fno,2790,0.6168
fno,2791,0.6091
fno,2792,0.6126
fno,2793,0.6161
fno,2794,0.6063
fno,2795,0.6089
fno,2796,0.6205
fno,2797,0.6190
fno,2798,0.6090
fno,2799,0.6154
fno,2800,0.6544
fno,2801,1.8516
fno,2802,0.6112
fno,2803,0.6447
fno,2804,0.6121
fno,2805,1.9212
fno,2806,0.6875
fno,2807,0.6532
fno,2808,0.6417
fno,2809,0.6484
fno,2810,0.6304
fno,2811,0.6293
fno,2812,0.6344
fno,2813,0.6149
fno,2814,0.6561
fno,2815,0.6563
fno,2816,0.6234
fno,2817,0.6313
fno,2818,0.6501
fno,2819,0.9985
fno,2820,0.7283
fno,2821,0.6817
fno,2822,0.6196
fno,2823,0.6405
fno,2824,0.6201
fno,2825,0.6518
fno,2826,0.6796
fno,2827,0.6421
fno,2828,0.6249
fno,2829,0.6255
fno,2830,0.6093
fno,2831,0.6058
fno,2832,0.6285
fno,2833,0.6195
fno,2834,0.6069
fno,2835,0.6167
fno,2836,0.6061
fno,2837,0.6308
fno,2838,0.6152
fno,2839,0.6229
fno,2840,0.6100
fno,2841,0.6186
fno,2842,1.8982
fno,2843,0.6439
fno,2844,0.6726
fno,2845,0.6194
fno,2846,0.6503
fno,2847,0.6310
fno,2848,0.6220
fno,2849,0.6850
fno,2850,0.6150
fno,2851,0.6280
fno,2852,0.6129
fno,2853,0.6202
fno,2854,0.6270
fno,2855,0.6055
fno,2856,0.6151
fno,2857,0.6142
fno,2858,0.6288
fno,2859,0.6108
fno,2860,0.6053
fno,2861,0.6710
fno,2862,0.6097
fno,2863,0.6461
fno,2864,0.8225
fno,2865,0.7332
fno,2866,0.6521
fno,2867,0.6220
fno,2868,0.6179
fno,2869,0.6219
fno,2870,0.6388
fno,2871,0.6192
fno,2872,0.6192
fno,2873,0.6688
fno,2874,0.6528
fno,2875,0.6248
fno,2876,0.6299
fno,2877,0.6520
fno,2878,0.6325
fno,2879,0.6499
fno,2880,0.6175
fno,2881,0.6192
fno,2882,0.6310
fno,2883,0.6315
fno,2884,0.6319
fno,2885,0.7105
fno,2886,0.6581
fno,2887,0.6412
fno,2888,0.6406
fno,2889,0.6231
fno,2890,0.6167
fno,2891,0.6285
fno,2892,0.6176
fno,2893,0.6188
fno,2894,0.6297
fno,2895,0.6120
fno,2896,0.6180
fno,2897,0.6242
fno,2898,0.6188
fno,2899,0.8127
fno,2900,0.6935
fno,2901,0.6451
fno,2902,0.6320
fno,2903,0.6737
fno,2904,0.6472
fno,2905,0.6738
fno,2906,2.3358
fno,2907,0.6414
fno,2908,0.6621
fno,2909,0.6222
fno,2910,0.6244
fno,2911,0.6710
fno,2912,0.6552
fno,2913,0.6257
fno,2914,0.6423
fno,2915,0.6193
fno,2916,0.6309
fno,2917,0.6302
fno,2918,0.6305
fno,2919,0.6249
fno,2920,0.8765
fno,2921,0.6570
fno,2922,0.7534
fno,2923,0.8471
fno,2924,0.6578
fno,2925,1.9819
fno,2926,0.7228
fno,2927,0.6423
fno,2928,0.6961
fno,2929,0.6516
fno,2930,0.6285
fno,2931,0.6406
fno,2932,0.6720
fno,2933,0.6421
fno,2934,0.6378
fno,2935,0.6192
fno,2936,0.6247
fno,2937,0.6204
fno,2938,0.6260
fno,2939,0.6164
fno,2940,0.6182
fno,2941,0.6270
fno,2942,0.9904
fno,2943,0.6407
fno,2944,0.6421
fno,2945,0.6541
fno,2946,0.8134
fno,2947,0.6987
fno,2948,0.6552
fno,2949,0.6049
fno,2950,0.7013
fno,2951,0.6265
fno,2952,0.6068
fno,2953,0.6067
fno,2954,0.6133
fno,2955,0.9932
fno,2956,0.6083
fno,2957,0.6324
fno,2958,0.6108
fno,2959,0.6136
fno,2960,0.6153
fno,2961,0.6098
fno,2962,0.7336
fno,2963,0.6266
fno,2964,0.6980
fno,2965,2.4403
fno,2966,0.6787
fno,2967,0.6250
fno,2968,0.6332
fno,2969,0.6118
fno,2970,0.6045
fno,2971,0.6109
fno,2972,0.6090
fno,2973,0.6090
fno,2974,0.7891
fno,2975,0.6552
fno,2976,0.6146
fno,2977,0.6425
fno,2978,0.6237
fno,2979,0.6102
fno,2980,0.6085
fno,2981,0.6214
fno,2982,0.6174
fno,2983,0.6154
fno,2984,0.6128
fno,2985,0.6023
fno,2986,2.2192
fno,2987,0.7766
fno,2988,0.6627
fno,2989,0.6256
fno,2990,0.6230
fno,2991,0.6354
fno,2992,0.7345
fno,2993,1.0717
fno,2994,0.6199
fno,2995,0.6284
fno,2996,0.6348
fno,2997,0.6301
fno,2998,0.6256
fno,2999,0.6285
fno,3000,0.6306
fno,3001,0.6258
fno,3002,0.6219
fno,3003,1.0516
fno,3004,1.7259
fno,3005,0.6388
fno,3006,0.7064
fno,3007,0.6256
fno,3008,0.6235
fno,3009,0.6099
fno,3010,0.6099
fno,3011,0.6183
fno,3012,0.9688
fno,3013,0.6184
fno,3014,0.6343
fno,3015,0.6084
fno,3016,0.6060
fno,3017,0.6236
fno,3018,0.6067
fno,3019,0.6064
fno,3020,0.6169
fno,3021,0.6109
fno,3022,0.6147
fno,3023,0.6085
fno,3024,1.8201
fno,3025,0.6183
fno,3026,0.6155
fno,3027,0.6351
fno,3028,0.6216
fno,3029,0.7964
fno,3030,0.6690
fno,3031,0.6192
fno,3032,0.9641
fno,3033,0.8369
fno,3034,0.6325
fno,3035,0.6239
fno,3036,0.6147
fno,3037,0.6071
fno,3038,0.6248
fno,3039,0.6167
fno,3040,0.6091
fno,3041,0.6079
fno,3042,0.6133
fno,3043,1.0210
fno,3044,1.9123
fno,3045,0.6590
fno,3046,0.6118
fno,3047,0.6108
fno,3048,0.6169
fno,3049,0.6115
fno,3050,0.6090
fno,3051,0.7066
fno,3052,0.6560
fno,3053,0.6576
fno,3054,0.6178
fno,3055,0.7108
fno,3056,0.6366
fno,3057,0.6609
fno,3058,0.6097
fno,3059,0.6198
fno,3060,0.6177
fno,3061,0.6037
fno,3062,0.6116
fno,3063,0.6041
fno,3064,1.9329
fno,3065,0.9747
fno,3066,0.6844
fno,3067,0.6372
fno,3068,0.6198
fno,3069,0.6150
fno,3070,0.6214
fno,3071,1.0615
fno,3072,0.6135
fno,3073,0.7754
fno,3074,0.8022
fno,3075,0.6690
fno,3076,0.6282
fno,3077,0.6223
fno,3078,0.6082
fno,3079,0.6158
fno,3080,0.6221
fno,3081,0.7862
fno,3082,0.6200
fno,3083,0.6229
fno,3084,0.6033
fno,3085,0.9699
fno,3086,0.7466
fno,3087,0.6368
fno,3088,0.6163
fno,3089,0.6072
fno,3090,0.6152
fno,3091,1.0285
fno,3092,0.6093
fno,3093,0.6049
fno,3094,0.7601
fno,3095,0.6800
fno,3096,0.8234
fno,3097,0.6251
fno,3098,0.6312
fno,3099,0.6100
fno,3100,0.6023
fno,3101,0.6170
fno,3102,0.6786
fno,3103,1.3662
fno,3104,0.9212
fno,3105,0.6635
fno,3106,0.6342
fno,3107,0.6612
fno,3108,0.6291
fno,3109,0.6480
fno,3110,0.6496
fno,3111,0.6341
fno,3112,0.6330
fno,3113,0.6565
fno,3114,0.8613
fno,3115,0.6648
fno,3116,0.6437
fno,3117,0.7146
fno,3118,0.6034
fno,3119,0.8163
fno,3120,0.6260
fno,3121,0.8886
fno,3122,0.6173
fno,3123,2.1931
fno,3124,1.2276
fno,3125,0.6662
fno,3126,0.6938
fno,3127,0.7142
fno,3128,1.6852
fno,3129,0.9844
fno,3130,0.7123
fno,3131,0.8423
fno,3132,0.6352
fno,3133,0.6341
fno,3134,0.6376
fno,3135,0.6188
fno,3136,0.6213
fno,3137,0.8159
fno,3138,0.6531
fno,3139,0.6236
fno,3140,0.6409
fno,3141,0.6248
fno,3142,0.6783
fno,3143,0.8370
fno,3144,0.8163
fno,3145,0.7001
fno,3146,0.6584
fno,3147,0.6383
fno,3148,0.6309
fno,3149,0.7004
fno,3150,0.6809
fno,3151,0.6155
fno,3152,0.6279
fno,3153,0.6172
fno,3154,0.6567
fno,3155,0.6210
fno,3156,0.7262
fno,3157,1.0748
fno,3158,0.6214
fno,3159,0.6538
fno,3160,0.9347
fno,3161,1.1372
fno,3162,0.7150
fno,3163,0.6282
fno,3164,0.6429
fno,3165,0.6064
fno,3166,0.6047
fno,3167,0.9638
fno,3168,0.6951
fno,3169,0.6571
fno,3170,0.6237
fno,3171,0.6155
fno,3172,0.6170
fno,3173,0.6224
fno,3174,0.6080
fno,3175,0.6048
fno,3176,0.6225
fno,3177,0.9970
fno,3178,0.6057
fno,3179,0.6194
fno,3180,0.6109
fno,3181,1.2267
fno,3182,0.7223
fno,3183,0.6822
fno,3184,0.6474
fno,3185,0.6373
fno,3186,0.6205
fno,3187,0.6133
fno,3188,0.6121
fno,3189,0.6236
fno,3190,0.6226
fno,3191,0.6333
fno,3192,0.6218
fno,3193,0.6044
fno,3194,0.6309
fno,3195,0.6116
fno,3196,0.6159
fno,3197,0.6244
fno,3198,0.6279
fno,3199,0.6759
fno,3200,0.6275
fno,3201,0.6448
fno,3202,0.6341
fno,3203,0.9514
fno,3204,0.7198
fno,3205,0.6522
fno,3206,0.6827
fno,3207,0.6215
fno,3208,0.6361
fno,3209,0.9790
fno,3210,0.6225
fno,3211,0.6217
fno,3212,0.6289
fno,3213,0.6192
fno,3214,0.6266
fno,3215,0.6147
fno,3216,0.6191
fno,3217,0.6257
fno,3218,0.6123
fno,3219,0.9881
fno,3220,0.6223
fno,3221,0.6249
fno,3222,0.6397
fno,3223,0.6220
fno,3224,0.6877
fno,3225,0.8252
fno,3226,0.7200
fno,3227,0.6442
fno,3228,0.6411
fno,3229,0.8498
fno,3230,0.6337
fno,3231,0.6307
fno,3232,0.6551
fno,3233,0.6327
fno,3234,0.6267
fno,3235,0.6506
fno,3236,0.6303
fno,3237,0.6218
fno,3238,0.6598
fno,3239,0.6141
fno,3240,0.6515
fno,3241,0.6229
fno,3242,0.6475
fno,3243,0.6287
fno,3244,0.6827
fno,3245,0.6207
fno,3246,0.8274
fno,3247,0.7765
fno,3248,0.7015
fno,3249,0.6730
fno,3250,0.6575
fno,3251,0.6378
fno,3252,0.6237
fno,3253,0.8354
fno,3254,0.9410
fno,3255,0.7229
fno,3256,1.1097
fno,3257,0.6411
fno,3258,0.6270
fno,3259,0.8613
fno,3260,0.6194
fno,3261,0.6287
fno,3262,0.6566
fno,3263,0.6249
fno,3264,0.7185
fno,3265,1.6523
fno,3266,0.6634
fno,3267,1.0973
fno,3268,0.9364
fno,3269,0.6220
fno,3270,0.6212
fno,3271,0.6402
fno,3272,0.6388
fno,3273,0.7581
fno,3274,0.6904
fno,3275,0.7041
fno,3276,0.6217
fno,3277,0.6186
fno,3278,0.6215
fno,3279,0.6152
fno,3280,0.6369
fno,3281,0.6057
fno,3282,0.6151
fno,3283,1.2485
fno,3284,0.7390
fno,3285,0.6319
fno,3286,0.6075
fno,3287,0.6171
fno,3288,0.6285
fno,3289,0.9753
fno,3290,0.6173
fno,3291,0.6107
fno,3292,0.6219
fno,3293,0.6147
fno,3294,0.6105
fno,3295,0.6051
fno,3296,0.6146
fno,3297,0.7292
fno,3298,0.6349
fno,3299,1.0241
fno,3300,0.6111
fno,3301,0.6288
fno,3302,0.6181
fno,3303,0.6083
fno,3304,0.8998
fno,3305,0.6601
fno,3306,0.6696
fno,3307,0.6473
fno,3308,0.6338
fno,3309,1.0488
fno,3310,0.6178
fno,3311,0.6256
fno,3312,0.6397
fno,3313,0.6146
fno,3314,0.6335
fno,3315,0.6300
fno,3316,0.6137
fno,3317,0.6150
fno,3318,0.6281
fno,3319,0.6223
fno,3320,0.7286
fno,3321,0.6429
fno,3322,0.6720
fno,3323,0.6341
fno,3324,0.6350
fno,3325,0.6181
fno,3326,0.8510
fno,3327,0.7122
fno,3328,0.6450
fno,3329,0.6900
fno,3330,0.6119
fno,3331,0.6221
fno,3332,0.6246
fno,3333,0.6082
fno,3334,0.6306
fno,3335,0.6467
fno,3336,1.0941
fno,3337,0.6374
fno,3338,0.6180
fno,3339,0.6426
fno,3340,0.6280
fno,3341,0.6205
fno,3342,0.6436
fno,3343,0.6304
fno,3344,0.7635
fno,3345,0.6488
fno,3346,0.6710
fno,3347,0.7038
fno,3348,0.6561
fno,3349,0.6261
fno,3350,0.6261
fno,3351,0.6272
fno,3352,0.6096
fno,3353,0.6107
fno,3354,0.6181
fno,3355,0.6329
fno,3356,0.6202
fno,3357,0.6312
fno,3358,0.6302
fno,3359,0.6237
fno,3360,0.6152
fno,3361,0.6240
fno,3362,0.6177
fno,3363,0.6274
fno,3364,0.6184
fno,3365,0.6189
fno,3366,0.6229
fno,3367,0.6332
fno,3368,0.9213
fno,3369,0.8878
fno,3370,0.6517
fno,3371,0.6852
fno,3372,0.6221
fno,3373,0.6453
fno,3374,0.6317
fno,3375,0.7074
fno,3376,0.6223
fno,3377,0.6440
fno,3378,0.6412
fno,3379,0.6165
fno,3380,0.6156
fno,3381,0.6248
fno,3382,0.6150
fno,3383,0.6393
fno,3384,0.6266
fno,3385,0.6676
fno,3386,0.6211
fno,3387,0.6374
fno,3388,0.6129
fno,3389,0.6236
fno,3390,0.7411
fno,3391,0.9425
fno,3392,0.8905
fno,3393,0.6615
fno,3394,0.6614
fno,3395,0.6191
fno,3396,0.6318
fno,3397,0.7636
fno,3398,0.6059
fno,3399,0.6207
fno,3400,0.6156
fno,3401,0.6142
fno,3402,0.6202
fno,3403,0.6094
fno,3404,0.6240
fno,3405,0.6187
fno,3406,0.6176
fno,3407,0.6160
fno,3408,0.6153
fno,3409,0.6142
fno,3410,0.6225
fno,3411,1.5851
fno,3412,0.7549
fno,3413,0.6281
fno,3414,0.6070
fno,3415,0.9087
fno,3416,0.6247
fno,3417,0.6204
fno,3418,0.6168
fno,3419,0.6667
fno,3420,0.6134
fno,3421,0.7158
fno,3422,0.6039
fno,3423,0.6229
fno,3424,0.6091
fno,3425,0.6120
fno,3426,0.6104
fno,3427,0.6058
fno,3428,0.6072
fno,3429,0.6159
fno,3430,0.6146
fno,3431,1.7648
fno,3432,0.6421
fno,3433,0.6260
fno,3434,0.6199
fno,3435,0.6090
fno,3436,0.6041
fno,3437,0.6150
fno,3438,0.8452
fno,3439,0.6909
fno,3440,0.6310
fno,3441,0.6387
fno,3442,0.6311
fno,3443,0.6235
fno,3444,0.6265
fno,3445,0.6235
fno,3446,1.0023
fno,3447,0.6193
fno,3448,0.6159
fno,3449,0.6153
fno,3450,0.6376
fno,3451,0.6303
fno,3452,0.6218
fno,3453,0.7769
fno,3454,0.7550
fno,3455,0.6439
fno,3456,0.6505
fno,3457,0.8982
fno,3458,0.6224
fno,3459,0.6653
fno,3460,0.6254
fno,3461,0.6203
fno,3462,0.8977
fno,3463,0.7148
fno,3464,0.6270
fno,3465,0.6076
fno,3466,0.6336
fno,3467,0.6112
fno,3468,0.6305
fno,3469,0.6075
fno,3470,0.6281
fno,3471,0.6104
fno,3472,0.6091
fno,3473,1.4718
fno,3474,0.6180
fno,3475,0.6306
fno,3476,0.6051
fno,3477,0.6123
fno,3478,0.6334
fno,3479,0.6296
fno,3480,0.6021
fno,3481,0.6090
fno,3482,0.6240
fno,3483,0.6101
fno,3484,0.6142
fno,3485,0.6037
fno,3486,0.7468
fno,3487,0.6224
fno,3488,1.0321
fno,3489,0.6213
fno,3490,0.6077
fno,3491,0.6029
fno,3492,0.6084
fno,3493,0.6225
fno,3494,1.3939
fno,3495,0.7464
fno,3496,0.6406
fno,3497,0.6319
fno,3498,0.6643
fno,3499,0.6909
fno,3500,0.6479
fno,3501,0.7376
fno,3502,0.6281
fno,3503,0.6356
fno,3504,0.6262
fno,3505,0.6283
fno,3506,0.6276
fno,3507,0.6962
fno,3508,0.8497
fno,3509,0.6439
fno,3510,0.6333
fno,3511,0.6290
fno,3512,0.6064
fno,3513,0.6227
fno,3514,1.8286
fno,3515,0.6478
fno,3516,0.6361
fno,3517,1.0769
fno,3518,0.7130
fno,3519,0.6405
fno,3520,0.6595
fno,3521,0.6276
fno,3522,0.6609
fno,3523,0.6233
fno,3524,0.6460
fno,3525,0.6398
fno,3526,0.6237
fno,3527,0.6449
fno,3528,0.7116
fno,3529,0.7096
fno,3530,0.9930
fno,3531,0.6892
fno,3532,1.9176
fno,3533,0.8023
fno,3534,0.6527
fno,3535,0.7147
fno,3536,0.6258
fno,3537,0.6944
fno,3538,0.6939
fno,3539,0.6347
fno,3540,0.6296
fno,3541,0.6481
fno,3542,0.6252
fno,3543,0.6180
fno,3544,0.6312
fno,3545,0.6211
fno,3546,0.6297
fno,3547,0.6295
fno,3548,0.6926
fno,3549,0.6163
fno,3550,0.6201
fno,3551,0.7332
fno,3552,0.6556
fno,3553,0.6196
fno,3554,0.7147
fno,3555,0.6922
fno,3556,0.6229
fno,3557,0.6973
fno,3558,0.6641
fno,3559,0.6183
fno,3560,0.6198
fno,3561,0.6298
fno,3562,0.6116
fno,3563,0.6154
fno,3564,0.6087
fno,3565,0.6664
fno,3566,0.6228
fno,3567,0.6039
fno,3568,0.6263
fno,3569,0.6403
fno,3570,0.6327
fno,3571,0.6152
fno,3572,0.6205
fno,3573,0.6266
fno,3574,2.0276
fno,3575,0.6875
fno,3576,0.6238
fno,3577,0.6238
fno,3578,0.6175
fno,3579,0.6789
fno,3580,0.6171
fno,3581,0.6192
fno,3582,0.6034
fno,3583,0.6367
fno,3584,0.6046
fno,3585,0.6114
fno,3586,0.6123
fno,3587,0.6096
fno,3588,0.6234
fno,3589,0.6132
fno,3590,0.6210
fno,3591,0.7256
fno,3592,0.6058
fno,3593,0.6159
fno,3594,0.6091
fno,3595,1.9174
fno,3596,0.7782
fno,3597,0.7721
fno,3598,0.6302
fno,3599,0.6479
fno,3600,0.6137
fno,3601,0.6146
fno,3602,0.6195
fno,3603,0.6033
fno,3604,0.6068
fno,3605,0.6087
fno,3606,0.6205
fno,3607,0.7386
fno,3608,0.6215
fno,3609,0.6203
fno,3610,0.6033
fno,3611,0.6036
fno,3612,0.6208
fno,3613,0.6052
fno,3614,0.6051
fno,3615,1.5937
fno,3616,0.7345
fno,3617,0.6454
fno,3618,0.6392
fno,3619,0.6203
fno,3620,0.8941
fno,3621,0.6611
fno,3622,0.6292
fno,3623,0.6170
fno,3624,0.6182
fno,3625,0.6203
fno,3626,0.6108
fno,3627,0.6097
fno,3628,0.6231
fno,3629,0.6108
fno,3630,0.6116
fno,3631,0.6166
fno,3632,0.6147
fno,3633,0.6023
fno,3634,0.6117
fno,3635,0.6755
fno,3636,1.7799
fno,3637,0.6383
fno,3638,0.6245
fno,3639,0.6115
fno,3640,0.6062
fno,3641,0.6097
fno,3642,0.6237
fno,3643,0.6187
fno,3644,0.6828
fno,3645,0.6263
fno,3646,0.6072
fno,3647,0.6243
fno,3648,0.6201
fno,3649,0.6126
fno,3650,0.6069
fno,3651,0.6121
fno,3652,0.6027
fno,3653,0.6141
fno,3654,0.6093
fno,3655,0.6138
fno,3656,0.6078
fno,3657,1.5702
fno,3658,0.8239
fno,3659,0.6900
fno,3660,0.6622
fno,3661,0.6524
fno,3662,0.6599
fno,3663,0.6438
fno,3664,0.6331
fno,3665,0.6396
fno,3666,0.6424
fno,3667,0.8683
fno,3668,0.6358
fno,3669,0.6289
fno,3670,0.6313
fno,3671,0.6221
fno,3672,0.6319
fno,3673,0.6240
fno,3674,0.6083
fno,3675,0.6272
fno,3676,0.6115
fno,3677,0.6212
fno,3678,0.6557
fno,3679,0.6904
fno,3680,0.6740
fno,3681,0.6356
fno,3682,0.6125
fno,3683,0.6389
fno,3684,0.6177
fno,3685,0.6125
fno,3686,0.6133
fno,3687,0.6145
fno,3688,0.6041
fno,3689,0.7074
fno,3690,0.6563
fno,3691,0.6358
fno,3692,0.8051
fno,3693,0.6532
fno,3694,0.6240
fno,3695,0.6663
fno,3696,0.6166
fno,3697,0.6459
fno,3698,0.6192
fno,3699,0.6182
fno,3700,0.6385
fno,3701,1.0028
fno,3702,0.7193
fno,3703,0.6223
fno,3704,0.6451
fno,3705,0.6286
fno,3706,0.6198
fno,3707,0.6360
fno,3708,0.6352
fno,3709,0.6186
fno,3710,0.6369
fno,3711,0.6179
fno,3712,0.6308
fno,3713,0.6283
fno,3714,0.6240
fno,3715,0.6153
fno,3716,0.6159
fno,3717,1.0486
fno,3718,0.6388
fno,3719,0.6393
fno,3720,0.6418
fno,3721,0.6292
fno,3722,0.8781
fno,3723,0.7555
fno,3724,0.6494
fno,3725,0.6712
fno,3726,0.6378
fno,3727,0.6452
fno,3728,0.6301
fno,3729,0.6293
fno,3730,0.6271
fno,3731,0.6438
fno,3732,0.6315
fno,3733,0.6342
fno,3734,0.6375
fno,3735,0.6336
fno,3736,0.6318
fno,3737,0.6429
fno,3738,0.6383
fno,3739,0.6311
fno,3740,0.6434
fno,3741,0.7491
fno,3742,1.5776
fno,3743,0.6432
fno,3744,0.6434
fno,3745,0.6091
fno,3746,0.6173
fno,3747,0.6180
fno,3748,0.6096
fno,3749,0.6193
fno,3750,0.6102
fno,3751,0.6081
fno,3752,0.6218
fno,3753,0.6070
fno,3754,0.6067
fno,3755,0.6172
fno,3756,0.6089
fno,3757,0.6019
fno,3758,0.6207
fno,3759,0.6092
fno,3760,0.6051
fno,3761,0.6234
fno,3762,0.6035
fno,3763,0.6114
fno,3764,0.7166
fno,3765,0.7585
fno,3766,0.6308
fno,3767,0.6262
fno,3768,0.6430
fno,3769,0.6770
fno,3770,0.6246
fno,3771,0.6080
fno,3772,0.6030
fno,3773,0.6150
fno,3774,0.6139
fno,3775,0.6107
fno,3776,0.6050
fno,3777,0.6137
fno,3778,0.6081
fno,3779,0.6152
fno,3780,0.6249
fno,3781,0.6084
fno,3782,0.6021
fno,3783,0.6099
fno,3784,0.6133
fno,3785,0.6202
fno,3786,1.3780
fno,3787,0.8980
fno,3788,0.9086
fno,3789,0.9229
fno,3790,0.6441
fno,3791,0.6190
fno,3792,0.6470
fno,3793,0.6165
fno,3794,0.6103
fno,3795,0.6316
fno,3796,0.6129
fno,3797,0.6315
fno,3798,0.6044
fno,3799,0.6254
fno,3800,0.6436
fno,3801,0.6032
fno,3802,0.6437
fno,3803,0.6068
fno,3804,0.6101
fno,3805,0.6483
fno,3806,1.7493
fno,3807,0.8261
fno,3808,0.6503
fno,3809,0.6422
fno,3810,0.6270
fno,3811,0.7884
fno,3812,0.7036
fno,3813,0.6623
fno,3814,0.6851
fno,3815,0.6495
fno,3816,0.6489
fno,3817,0.6689
fno,3818,0.6521
fno,3819,0.6491
fno,3820,0.6590
fno,3821,0.6555
fno,3822,0.6490
fno,3823,0.6633
fno,3824,0.6500
fno,3825,0.6557
fno,3826,1.9011
fno,3827,0.6241
fno,3828,0.6195
fno,3829,0.6079
fno,3830,0.6467
fno,3831,0.6045
fno,3832,0.6391
fno,3833,0.9409
fno,3834,0.6273
fno,3835,0.7520
fno,3836,0.6335
fno,3837,0.6332
fno,3838,0.6359
fno,3839,0.6152
fno,3840,0.6204
fno,3841,0.6232
fno,3842,0.6174
fno,3843,0.6213
fno,3844,0.6265
fno,3845,0.6212
fno,3846,1.9193
fno,3847,0.6437
fno,3848,0.6199
fno,3849,0.6143
fno,3850,0.6318
fno,3851,0.6248
fno,3852,0.6108
fno,3853,0.6185
fno,3854,0.6070
fno,3855,0.7076
fno,3856,1.0063
fno,3857,0.9546
fno,3858,1.1127
fno,3859,0.9974
fno,3860,1.2231
fno,3861,0.7551
fno,3862,0.6885
fno,3863,2.1257
fno,3864,0.6642
fno,3865,0.6448
fno,3866,1.2465
fno,3867,0.6525
fno,3868,1.1071
fno,3869,1.0908
fno,3870,0.9046
fno,3871,1.7529
fno,3872,0.9390
fno,3873,1.1681
fno,3874,0.7416
fno,3875,0.6791
fno,3876,2.7189
fno,3877,0.8220
fno,3878,1.9003
fno,3879,0.7126
fno,3880,1.0317
fno,3881,0.7039
fno,3882,1.1414
fno,3883,0.8883
fno,3884,0.6826
fno,3885,0.8373
fno,3886,0.7959
fno,3887,0.6877
fno,3888,0.7087
fno,3889,4.2925
fno,3890,1.4583
fno,3891,0.7278
fno,3892,0.7050
fno,3893,0.8421
fno,3894,1.3164
fno,3895,0.6686
fno,3896,0.7367
fno,3897,0.6963
fno,3898,0.6695
fno,3899,0.7102
fno,3900,0.6672
fno,3901,0.7433
fno,3902,0.6386
fno,3903,2.2654
fno,3904,0.7315
fno,3905,0.6591
fno,3906,0.6156
fno,3907,0.6505
fno,3908,0.6171
fno,3909,0.6135
fno,3910,0.6145
fno,3911,0.6141
fno,3912,0.6520
fno,3913,0.8211
fno,3914,0.6153
fno,3915,0.7311
fno,3916,0.6370
fno,3917,0.6150
fno,3918,0.6152
fno,3919,0.6241
fno,3920,0.6646
fno,3921,0.6099
fno,3922,0.6247
fno,3923,2.1770
fno,3924,0.7771
fno,3925,0.6891
fno,3926,0.6712
fno,3927,0.6711
fno,3928,0.7143
fno,3929,0.9204
fno,3930,0.7418
fno,3931,0.7132
fno,3932,0.7287
fno,3933,0.7116
fno,3934,0.7278
fno,3935,0.6871
fno,3936,0.6853
fno,3937,1.0655
fno,3938,0.6915
fno,3939,0.6767
fno,3940,2.2529
fno,3941,1.2231
fno,3942,1.2131
fno,3943,0.7038
fno,3944,0.7965
fno,3945,0.9485
fno,3946,0.7041
fno,3947,0.6148
fno,3948,0.6502
fno,3949,0.6385
fno,3950,0.6447
fno,3951,0.7535
fno,3952,0.7905
fno,3953,0.8562
fno,3954,0.9813
fno,3955,0.6870
fno,3956,1.0609
fno,3957,0.6306
fno,3958,0.8505
fno,3959,0.6229
fno,3960,1.2170
fno,3961,0.7096
fno,3962,0.8011
fno,3963,0.6748
fno,3964,0.8237
fno,3965,2.0462
fno,3966,1.6259
fno,3967,2.0002
fno,3968,0.9468
fno,3969,1.7620
fno,3970,0.7754
fno,3971,0.8401
fno,3972,1.8155
fno,3973,0.9286
fno,3974,0.6570
fno,3975,1.4039
fno,3976,0.6312
fno,3977,0.6637
fno,3978,0.6743
fno,3979,0.7603
fno,3980,0.6475
fno,3981,0.6466
fno,3982,0.6073
fno,3983,0.6238
fno,3984,0.6399
fno,3985,1.0900
fno,3986,0.6527
fno,3987,0.6621
fno,3988,0.8826
fno,3989,0.6217
fno,3990,0.6218
fno,3991,0.7209
fno,3992,0.6712
fno,3993,0.6488
fno,3994,0.6492
fno,3995,0.9827
fno,3996,0.6943
fno,3997,0.6876
fno,3998,0.6501
fno,3999,0.6310
fno,4000,0.6246
fno,4001,0.6560
fno,4002,0.6262
fno,4003,0.6333
fno,4004,0.6215
fno,4005,0.6262
fno,4006,1.8669
fno,4007,0.6221
fno,4008,0.6340
fno,4009,0.6297
fno,4010,0.6519
fno,4011,0.6107
fno,4012,0.6309
fno,4013,0.6259
fno,4014,0.6174
fno,4015,0.6554
fno,4016,0.6557
fno,4017,1.4033
fno,4018,0.6487
fno,4019,0.8184
fno,4020,0.6140
fno,4021,0.6568
fno,4022,0.6103
fno,4023,0.6148
fno,4024,0.7412
fno,4025,1.1408
fno,4026,0.9603
fno,4027,0.8279
fno,4028,0.6498
fno,4029,0.6370
fno,4030,0.6300
fno,4031,0.6591
fno,4032,0.6245
fno,4033,0.6560
fno,4034,0.6384
fno,4035,0.6543
fno,4036,0.7103
fno,4037,0.6845
fno,4038,0.7620
fno,4039,0.7001
fno,4040,0.6465
fno,4041,0.6430
fno,4042,0.6579
fno,4043,0.6312
fno,4044,0.6357
fno,4045,2.2732
fno,4046,0.6562
fno,4047,0.6509
fno,4048,0.6393
fno,4049,0.6298
fno,4050,0.6217
fno,4051,0.6353
fno,4052,0.6288
fno,4053,0.6294
fno,4054,0.6346
fno,4055,0.6243
fno,4056,0.6254
fno,4057,0.6361
fno,4058,0.6407
fno,4059,0.6224
fno,4060,0.7650
fno,4061,0.6537
fno,4062,0.6319
fno,4063,0.6129
fno,4064,1.0388
fno,4065,0.9808
fno,4066,0.6278
fno,4067,0.6712
fno,4068,0.6396
fno,4069,0.6118
fno,4070,0.6136
fno,4071,0.6519
fno,4072,0.6206
fno,4073,0.6297
fno,4074,0.6352
fno,4075,0.6107
fno,4076,0.7446
fno,4077,0.6362
fno,4078,0.6144
fno,4079,0.6083
fno,4080,0.7998
fno,4081,0.6820
fno,4082,0.8104
fno,4083,0.6538
fno,4084,0.6250
fno,4085,1.9800
fno,4086,0.6284
fno,4087,0.6090
fno,4088,0.6172
fno,4089,0.6109
fno,4090,0.6383
fno,4091,0.6254
fno,4092,0.6495
fno,4093,0.9230
fno,4094,0.7424
fno,4095,0.6240
fno,4096,0.6214
fno,4097,0.6675
fno,4098,0.7954
fno,4099,0.6673
fno,4100,0.6766
fno,4101,0.6324
fno,4102,0.6640
fno,4103,0.6358
fno,4104,2.3169
fno,4105,0.6731
fno,4106,0.6319
fno,4107,0.6496
fno,4108,0.7450
fno,4109,0.6262
fno,4110,0.6367
fno,4111,1.0893
fno,4112,0.6499
fno,4113,0.7110
fno,4114,0.6364
fno,4115,0.6305
fno,4116,0.6392
fno,4117,0.6356
fno,4118,0.6410
fno,4119,0.6860
fno,4120,0.6251
fno,4121,0.6569
fno,4122,2.4134
fno,4123,0.6832
fno,4124,0.6624
fno,4125,0.6450
fno,4126,0.6343
fno,4127,0.6817
fno,4128,0.6362
fno,4129,0.7046
fno,4130,1.0186
fno,4131,0.7074
fno,4132,0.6307
fno,4133,0.6357
fno,4134,0.6271
fno,4135,0.7014
fno,4136,0.6452
fno,4137,0.6253
fno,4138,0.6566
fno,4139,0.6670
fno,4140,0.6247
fno,4141,2.0653
fno,4142,0.6249
fno,4143,0.6506
fno,4144,0.7809
fno,4145,0.6591
fno,4146,0.7029
fno,4147,0.6449
fno,4148,0.6458
fno,4149,0.6493
fno,4150,0.6392
fno,4151,0.6298
fno,4152,0.6465
fno,4153,0.6317
fno,4154,0.6393
fno,4155,0.6436
fno,4156,0.6797
fno,4157,0.6376
fno,4158,0.6389
fno,4159,0.6357
fno,4160,0.6363
fno,4161,0.6624
fno,4162,0.8235
fno,4163,0.8290
fno,4164,0.8191
fno,4165,0.7619
fno,4166,0.6815
fno,4167,0.7792
fno,4168,0.8389
fno,4169,0.7647
fno,4170,0.6452
fno,4171,0.9196
fno,4172,0.6278
fno,4173,1.5481
fno,4174,0.6421
fno,4175,1.0637
fno,4176,0.6555
fno,4177,0.6411
fno,4178,0.6308
fno,4179,0.6284
fno,4180,0.6567
fno,4181,0.8151
fno,4182,0.6320
fno,4183,0.6527
fno,4184,0.6258
fno,4185,0.6414
fno,4186,0.6181
fno,4187,0.6156
fno,4188,0.6173
fno,4189,0.7343
fno,4190,0.7072
fno,4191,0.6357
fno,4192,0.6236
fno,4193,0.6723
fno,4194,0.6807
fno,4195,0.6380
fno,4196,0.6136
fno,4197,0.6453
fno,4198,3.2851
fno,4199,0.7270
fno,4200,0.6610
fno,4201,0.6264
fno,4202,0.6144
fno,4203,0.6095
fno,4204,0.6184
fno,4205,1.0326
fno,4206,0.6105
fno,4207,0.7256
fno,4208,0.7902
fno,4209,0.6679
fno,4210,0.6688
fno,4211,0.6316
fno,4212,0.6512
fno,4213,0.6489
fno,4214,0.6648
fno,4215,0.6282
fno,4216,0.6306
fno,4217,0.6476
fno,4218,0.6167
fno,4219,0.6657
fno,4220,0.6118
fno,4221,0.6533
fno,4222,0.6404
fno,4223,0.6226
fno,4224,0.6297
fno,4225,0.6316
fno,4226,0.6211
fno,4227,0.6255
fno,4228,0.6271
fno,4229,0.6283
fno,4230,0.6753
fno,4231,0.6063
fno,4232,0.6243
fno,4233,0.7506
fno,4234,0.6455
fno,4235,0.6311
fno,4236,0.6131
fno,4237,0.6141
fno,4238,0.6320
fno,4239,0.6121
fno,4240,2.2950
fno,4241,0.6303
fno,4242,0.6523
fno,4243,0.6279
fno,4244,0.6202
fno,4245,0.6185
fno,4246,0.6056
fno,4247,0.6082
fno,4248,0.6669
fno,4249,0.6143
fno,4250,0.6100
fno,4251,0.6516
fno,4252,0.6151
fno,4253,0.6062
fno,4254,0.6228
fno,4255,0.7464
fno,4256,0.6392
fno,4257,0.6336
fno,4258,0.6239
fno,4259,0.6203
fno,4260,0.6224
fno,4261,0.6538
fno,4262,0.7057
fno,4263,0.6699
fno,4264,0.6325
fno,4265,0.6078
fno,4266,0.6484
fno,4267,0.6228
fno,4268,0.6119
fno,4269,0.6869
fno,4270,0.6779
fno,4271,0.6262
fno,4272,0.6116
fno,4273,0.6531
fno,4274,0.6359
fno,4275,0.6344
fno,4276,0.6330
fno,4277,0.7351
fno,4278,0.7523
fno,4279,0.6969
fno,4280,0.6349
fno,4281,2.7698
fno,4282,0.6887
fno,4283,0.6425
fno,4284,0.7661
fno,4285,0.6599
fno,4286,0.6554
fno,4287,0.6490
fno,4288,0.6434
fno,4289,0.6313
fno,4290,0.6521
fno,4291,0.6678
fno,4292,0.6401
fno,4293,0.6400
fno,4294,0.6371
fno,4295,0.6331
fno,4296,0.6547
fno,4297,0.6219
fno,4298,0.6918
fno,4299,0.6747
fno,4300,1.0983
fno,4301,0.6412
fno,4302,0.7722
fno,4303,0.6572
fno,4304,0.6427
fno,4305,0.6509
fno,4306,0.6653
fno,4307,0.7326
fno,4308,0.6273
fno,4309,0.6658
fno,4310,0.6331
fno,4311,0.6668
fno,4312,0.6281
fno,4313,0.7315
fno,4314,0.6170
fno,4315,0.6183
fno,4316,0.6212
fno,4317,0.6691
fno,4318,0.6325
fno,4319,0.6073
fno,4320,0.6420
fno,4321,0.6205
fno,4322,0.7624
fno,4323,0.8958
fno,4324,0.6441
fno,4325,0.6723
fno,4326,0.6365
fno,4327,0.7537
fno,4328,0.6473
fno,4329,0.6748
fno,4330,0.6314
fno,4331,0.6357
fno,4332,0.6908
fno,4333,0.6297
fno,4334,0.6405
fno,4335,0.6352
fno,4336,0.6584
fno,4337,0.6245
fno,4338,0.6287
fno,4339,0.6110
fno,4340,0.6211
fno,4341,0.6775
fno,4342,0.6213
fno,4343,0.6161
fno,4344,0.6187
fno,4345,0.6253
fno,4346,0.6848
fno,4347,0.6826
fno,4348,0.6843
fno,4349,0.6427
fno,4350,0.6661
fno,4351,0.6588
fno,4352,0.6288
fno,4353,0.6589
fno,4354,0.7328
fno,4355,0.6523
fno,4356,0.6715
fno,4357,0.6643
fno,4358,0.6323
fno,4359,0.6397
fno,4360,0.6683
fno,4361,0.6503
fno,4362,0.6470
fno,4363,0.7053
fno,4364,2.5545
fno,4365,0.6670
fno,4366,0.6550
fno,4367,0.7655
fno,4368,0.6676
fno,4369,0.6282
fno,4370,0.6703
fno,4371,0.6546
fno,4372,0.6725
fno,4373,0.6311
fno,4374,0.6528
fno,4375,0.6246
fno,4376,0.6996
fno,4377,0.6411
fno,4378,0.6210
fno,4379,0.6234
fno,4380,0.6595
fno,4381,0.6684
fno,4382,2.1721
fno,4383,0.6754
fno,4384,0.6374
fno,4385,0.6331
fno,4386,0.6284
fno,4387,0.6669
fno,4388,0.6904
fno,4389,0.6237
fno,4390,0.6263
fno,4391,0.6131
fno,4392,0.6225
fno,4393,0.6219
fno,4394,0.6076
fno,4395,0.6158
fno,4396,0.6208
fno,4397,0.6161
fno,4398,0.6247
fno,4399,0.6086
fno,4400,0.6209
fno,4401,0.6340
fno,4402,0.6095
fno,4403,2.3733
fno,4404,0.6215
fno,4405,0.6280
fno,4406,0.6462
fno,4407,0.6052
fno,4408,0.6341
fno,4409,0.6082
fno,4410,0.6138
fno,4411,0.7170
fno,4412,0.6411
fno,4413,0.6422
fno,4414,0.6203
fno,4415,0.6105
fno,4416,0.6427
fno,4417,0.6054
fno,4418,0.6165
fno,4419,0.6111
fno,4420,0.6173
fno,4421,0.6140
fno,4422,0.6163
fno,4423,1.9026
fno,4424,0.6260
fno,4425,0.6061
fno,4426,0.6078
fno,4427,0.6196
fno,4428,0.6228
fno,4429,0.6071
fno,4430,0.6231
fno,4431,0.6119
fno,4432,0.6084
fno,4433,0.6249
fno,4434,0.6073
fno,4435,0.6460
fno,4436,0.6408
fno,4437,0.6252
fno,4438,0.6138
fno,4439,0.6176
fno,4440,0.6124
fno,4441,0.6080
fno,4442,0.6229
fno,4443,0.6127
fno,4444,1.4967
fno,4445,0.8235
fno,4446,0.7131
fno,4447,0.6216
fno,4448,0.6374
fno,4449,0.6103
fno,4450,0.6159
fno,4451,0.6120
fno,4452,0.6162
fno,4453,0.6211
fno,4454,0.6128
fno,4455,0.6137
fno,4456,0.6174
fno,4457,0.7625
fno,4458,0.6689
fno,4459,0.6694
fno,4460,0.6716
fno,4461,0.6456
fno,4462,0.6598
fno,4463,0.6351
fno,4464,1.6835
fno,4465,0.6801
fno,4466,0.6338
fno,4467,0.6376
fno,4468,0.6260
fno,4469,0.6291
fno,4470,0.6294
fno,4471,0.6397
fno,4472,0.6228
fno,4473,0.6449
fno,4474,0.6385
fno,4475,0.6224
fno,4476,0.6217
fno,4477,0.6488
fno,4478,0.6251
fno,4479,0.6573
fno,4480,0.6432
fno,4481,0.6296
fno,4482,0.6568
fno,4483,0.6724
fno,4484,0.6400
fno,4485,0.6477
fno,4486,0.6712
fno,4487,0.6236
fno,4488,0.6394
fno,4489,0.6065
fno,4490,0.7274
fno,4491,0.6223
fno,4492,0.6089
fno,4493,0.6335
fno,4494,0.6960
fno,4495,0.6281
fno,4496,0.6832
fno,4497,1.4263
fno,4498,0.8809
fno,4499,0.9316
fno,4500,0.6494
fno,4501,0.6272
fno,4502,0.7966
fno,4503,0.6343
fno,4504,0.7036
fno,4505,0.6312
fno,4506,0.7444
fno,4507,0.9454
fno,4508,0.7510
fno,4509,0.6264
fno,4510,0.6570
fno,4511,0.6582
fno,4512,1.7296
fno,4513,0.6180
fno,4514,0.6092
fno,4515,0.6169
fno,4516,0.6079
fno,4517,0.6539
fno,4518,0.6204
fno,4519,0.6165
fno,4520,0.6071
fno,4521,0.6137
fno,4522,0.6261
fno,4523,0.8546
fno,4524,0.8095
fno,4525,0.6963
fno,4526,0.8604
fno,4527,0.8948
fno,4528,0.6539
fno,4529,0.6711
fno,4530,0.6636
fno,4531,0.6087
fno,4532,0.6328
fno,4533,0.6170
fno,4534,0.6165
fno,4535,0.6173
fno,4536,0.6457
fno,4537,0.6074
fno,4538,0.6269
fno,4539,0.6130
fno,4540,0.6116
fno,4541,0.6484
fno,4542,0.6174
fno,4543,0.6063
fno,4544,0.6054
fno,4545,1.9771
fno,4546,0.7642
fno,4547,0.7110
fno,4548,0.6512
fno,4549,0.6375
fno,4550,0.6593
fno,4551,0.6402
fno,4552,0.6633
fno,4553,0.6645
fno,4554,0.6447
fno,4555,0.6528
fno,4556,0.6621
fno,4557,0.6275
fno,4558,0.6190
fno,4559,0.6804
fno,4560,0.6191
fno,4561,0.6232
fno,4562,0.6682
fno,4563,0.6235
fno,4564,0.6219
fno,4565,0.6464
fno,4566,0.6323
fno,4567,0.6238
fno,4568,0.8717
fno,4569,0.6450
fno,4570,0.6375
fno,4571,0.6544
fno,4572,0.6318
fno,4573,0.6303
fno,4574,0.6950
fno,4575,0.6218
fno,4576,0.6232
fno,4577,0.6826
fno,4578,0.6406
fno,4579,0.6387
fno,4580,0.6359
fno,4581,0.6534
fno,4582,0.6536
fno,4583,0.6300
fno,4584,0.6192
fno,4585,0.6207
fno,4586,0.6245
fno,4587,0.6431
fno,4588,0.6366
fno,4589,0.6272
fno,4590,0.6306
fno,4591,0.6537
fno,4592,0.6722
fno,4593,0.6232
fno,4594,0.6180
fno,4595,0.6934
fno,4596,0.9860
fno,4597,1.3724
fno,4598,0.6985
fno,4599,1.3347
fno,4600,0.6637
fno,4601,0.6941
fno,4602,0.9827
fno,4603,0.6330
fno,4604,0.7727
fno,4605,2.4500
fno,4606,1.6256
fno,4607,0.7281
fno,4608,0.8813
fno,4609,0.8665
fno,4610,0.8425
fno,4611,0.6667
fno,4612,0.7337
fno,4613,0.6410
fno,4614,0.6346
fno,4615,0.6433
fno,4616,0.6910
fno,4617,0.7279
fno,4618,0.6469
fno,4619,0.6250
fno,4620,0.6191
fno,4621,0.6353
fno,4622,0.6118
fno,4623,0.6178
fno,4624,0.7258
fno,4625,0.6950
fno,4626,0.6536
fno,4627,0.6869
fno,4628,0.6352
fno,4629,2.2260
fno,4630,0.6567
fno,4631,0.6626
fno,4632,0.6135
fno,4633,0.6129
fno,4634,0.7363
fno,4635,0.6402
fno,4636,0.6589
fno,4637,1.1851
fno,4638,0.6719
fno,4639,0.6654
fno,4640,0.6579
fno,4641,0.6376
fno,4642,0.6376
fno,4643,0.9990
fno,4644,0.7002
fno,4645,1.9779
fno,4646,0.6578
fno,4647,0.6589
fno,4648,0.6253
fno,4649,0.6354
fno,4650,0.8432
fno,4651,0.6955
fno,4652,0.6324
fno,4653,0.6874
fno,4654,0.6268
fno,4655,0.6554
fno,4656,2.1975
fno,4657,2.7785
fno,4658,1.5340
fno,4659,0.8235
fno,4660,0.6632
fno,4661,0.6496
fno,4662,0.6304
fno,4663,1.1426
fno,4664,2.1999
fno,4665,1.6419
fno,4666,1.4701
fno,4667,1.4568
fno,4668,1.5870
fno,4669,0.9757
fno,4670,2.1624
fno,4671,1.7767
fno,4672,1.0100
fno,4673,0.6859
fno,4674,0.6388
fno,4675,0.8037
fno,4676,0.7688
fno,4677,1.1581
fno,4678,0.8838
fno,4679,0.8527
fno,4680,0.6890
fno,4681,0.6849
fno,4682,0.6760
fno,4683,0.6537
fno,4684,0.6393
fno,4685,0.6446
fno,4686,0.6418
fno,4687,0.6368
fno,4688,0.6417
fno,4689,0.6364
fno,4690,0.6558
fno,4691,0.6330
fno,4692,0.6729
fno,4693,0.6290
fno,4694,0.6277
fno,4695,0.6384
fno,4696,1.2466
fno,4697,0.7311
fno,4698,0.6382
fno,4699,1.1517
fno,4700,0.6631
fno,4701,0.6229
fno,4702,0.6154
fno,4703,0.7712
fno,4704,0.6334
fno,4705,0.6705
fno,4706,0.6423
fno,4707,0.6488
fno,4708,0.6230
fno,4709,0.6242
fno,4710,0.6378
fno,4711,0.6443
fno,4712,0.6219
fno,4713,0.6371
fno,4714,0.6200
fno,4715,0.6200
fno,4716,0.6357
fno,4717,0.6174
fno,4718,0.6123
fno,4719,0.6437
fno,4720,0.6466
fno,4721,0.7891
fno,4722,0.6222
fno,4723,0.6739
fno,4724,0.6930
fno,4725,0.7107
fno,4726,1.0041
fno,4727,1.1421
fno,4728,0.6432
fno,4729,0.6349
fno,4730,0.6537
fno,4731,0.6223
fno,4732,0.6177
fno,4733,0.6259
fno,4734,0.6966
fno,4735,0.6615
fno,4736,0.6251
fno,4737,0.6300
fno,4738,0.6244
fno,4739,0.6277
fno,4740,0.6120
fno,4741,0.6214
fno,4742,0.6138
fno,4743,0.6539
fno,4744,0.6667
fno,4745,0.6153
fno,4746,0.7752
fno,4747,0.6440
fno,4748,0.6403
fno,4749,0.6672
fno,4750,0.6669
fno,4751,0.6403
fno,4752,0.6583
fno,4753,0.6264
fno,4754,0.6207
fno,4755,0.6174
fno,4756,0.6117
fno,4757,0.6263
fno,4758,0.6455
fno,4759,0.6671
fno,4760,0.6242
fno,4761,0.6142
fno,4762,0.6279
fno,4763,0.6172
fno,4764,0.6463
fno,4765,1.5023
fno,4766,0.6250
fno,4767,0.6228
fno,4768,0.6413
fno,4769,0.8737
fno,4770,0.6561
fno,4771,0.6393
fno,4772,1.4585
fno,4773,0.6292
fno,4774,0.6132
fno,4775,0.6155
fno,4776,0.6236
fno,4777,0.6257
fno,4778,0.6187
fno,4779,0.6206
fno,4780,0.6131
fno,4781,0.6139
fno,4782,0.6241
fno,4783,0.6163
fno,4784,0.6613
fno,4785,0.6597
fno,4786,0.6731
fno,4787,0.6610
fno,4788,0.7481
fno,4789,1.9405
fno,4790,0.8851
fno,4791,0.6811
fno,4792,0.6548
fno,4793,0.6187
fno,4794,0.6234
fno,4795,0.6219
fno,4796,0.6276
fno,4797,0.6193
fno,4798,0.6151
fno,4799,0.6263
fno,4800,1.9093
fno,4801,0.6222
fno,4802,1.8087
fno,4803,0.7231
fno,4804,0.6506
fno,4805,0.6426
fno,4806,0.6387
fno,4807,0.6166
fno,4808,0.6222
fno,4809,0.8262
fno,4810,0.6747
fno,4811,0.6301
fno,4812,0.6141
fno,4813,0.6382
fno,4814,0.6282
fno,4815,0.6203
fno,4816,0.6279
fno,4817,0.6227
fno,4818,0.6241
fno,4819,0.6183
fno,4820,0.6133
fno,4821,0.6267
fno,4822,0.6257
fno,4823,0.6222
fno,4824,1.5449
fno,4825,0.8269
fno,4826,0.6388
fno,4827,0.6518
fno,4828,1.1906
fno,4829,0.6295
fno,4830,0.6157
fno,4831,0.6241
fno,4832,0.7283
fno,4833,0.6282
fno,4834,0.6219
fno,4835,0.6401
fno,4836,0.6161
fno,4837,0.6124
fno,4838,0.6225
fno,4839,0.6178
fno,4840,0.6218
fno,4841,0.6156
fno,4842,0.6238
fno,4843,0.6174
fno,4844,0.7238
fno,4845,0.7690
fno,4846,0.7011
fno,4847,0.6496
fno,4848,0.6536
fno,4849,0.6634
fno,4850,0.6452
fno,4851,0.6491
fno,4852,0.6559
fno,4853,0.6405
fno,4854,0.6580
fno,4855,0.6751
fno,4856,0.6446
fno,4857,0.7007
fno,4858,0.6423
fno,4859,0.9031
fno,4860,0.6484
fno,4861,0.6390
fno,4862,0.6240
fno,4863,0.6528
fno,4864,0.6573
fno,4865,0.7673
fno,4866,0.6767
fno,4867,0.6599
fno,4868,1.5394
fno,4869,0.6352
fno,4870,0.6231
fno,4871,0.6160
fno,4872,0.6342
fno,4873,0.6351
fno,4874,0.6301
fno,4875,0.6231
fno,4876,0.6148
fno,4877,0.6220
fno,4878,0.6221
fno,4879,0.6103
fno,4880,1.3825
fno,4881,0.7402
fno,4882,0.6718
fno,4883,0.6554
fno,4884,0.7018
fno,4885,0.7833
fno,4886,0.6766
fno,4887,0.9169
fno,4888,2.7659
fno,4889,0.6384
fno,4890,0.6241
fno,4891,0.6359
fno,4892,0.6122
fno,4893,0.6258
fno,4894,0.6126
fno,4895,0.6260
fno,4896,0.6267
fno,4897,0.6180
fno,4898,0.6158
fno,4899,0.6749
fno,4900,0.6148
fno,4901,1.9090
fno,4902,0.6675
fno,4903,0.6831
fno,4904,0.6730
fno,4905,0.6269
fno,4906,0.6329
fno,4907,0.6444
fno,4908,0.6126
fno,4909,0.6251
fno,4910,0.6157
fno,4911,0.6193
fno,4912,0.6226
fno,4913,0.6106
fno,4914,0.6180
fno,4915,0.6232
fno,4916,1.9113
fno,4917,0.6218
fno,4918,0.6347
fno,4919,0.6217
fno,4920,0.8397
fno,4921,0.7514
fno,4922,0.7283
fno,4923,0.6303
fno,4924,1.9418
fno,4925,0.6577
fno,4926,0.7053
fno,4927,0.6269
fno,4928,0.6240
fno,4929,0.6282
fno,4930,0.6438
fno,4931,0.6339
fno,4932,0.6256
fno,4933,0.6401
fno,4934,0.6273
fno,4935,0.6465
fno,4936,0.6845
fno,4937,0.6255
fno,4938,0.6465
fno,4939,0.6280
fno,4940,0.8245
fno,4941,1.1040
fno,4942,2.0086
fno,4943,0.7684
fno,4944,0.6427
fno,4945,0.6517
fno,4946,0.6344
fno,4947,0.6243
fno,4948,0.6642
fno,4949,0.6290
fno,4950,0.6322
fno,4951,0.6336
fno,4952,0.6197
fno,4953,0.6212
fno,4954,0.6371
fno,4955,0.6230
fno,4956,0.6448
fno,4957,1.0914
fno,4958,1.0084
fno,4959,1.1864
fno,4960,0.8315
fno,4961,0.8020
fno,4962,1.1926
fno,4963,0.6692
fno,4964,0.6238
fno,4965,0.6336
fno,4966,0.6552
fno,4967,0.6303
fno,4968,0.6221
fno,4969,0.6375
fno,4970,0.9056
fno,4971,0.6619
fno,4972,0.6367
fno,4973,0.6345
fno,4974,0.6218
fno,4975,0.6404
fno,4976,0.6287
fno,4977,0.6251
fno,4978,0.8080
fno,4979,0.6626
fno,4980,0.7400
fno,4981,0.6969
fno,4982,1.0260
fno,4983,0.6269
fno,4984,1.7669
fno,4985,0.6215
fno,4986,0.6336
fno,4987,0.6192
fno,4988,0.6265
fno,4989,0.6159
fno,4990,0.6088
fno,4991,0.6265
fno,4992,0.6684
fno,4993,0.6126
fno,4994,0.6232
fno,4995,0.6162
fno,4996,1.8177
fno,4997,0.6470
fno,4998,0.6393
fno,4999,1.4673
risk,0,0.0847
risk,1,0.0841
risk,2,0.0819
risk,3,0.1009
risk,4,0.0837
risk,5,0.0922
risk,6,0.0840
risk,7,0.0826
risk,8,0.1001
risk,9,0.0847
risk,10,0.0833
risk,11,0.0840
risk,12,0.0827
risk,13,0.0916
risk,14,0.0825
risk,15,0.0835
risk,16,0.0832
risk,17,0.0826
risk,18,0.0813
risk,19,0.0821
risk,20,0.0821
risk,21,0.0837
risk,22,0.0825
risk,23,0.0818
risk,24,0.0809
risk,25,0.0832
risk,26,0.0826
risk,27,0.0820
risk,28,0.0849
risk,29,0.0805
risk,30,0.0837
risk,31,0.0829
risk,32,0.0848
risk,33,0.0890
risk,34,0.0838
risk,35,0.0817
risk,36,0.0792
risk,37,0.0839
risk,38,0.0826
risk,39,0.0838
risk,40,0.0835
risk,41,0.0812
risk,42,0.0822
risk,43,0.0824
risk,44,0.0815
risk,45,0.0863
risk,46,0.0843
risk,47,0.0821
risk,48,0.0828
risk,49,0.1298
risk,50,0.1037
risk,51,0.0956
risk,52,0.0823
risk,53,0.0811
risk,54,0.0951
risk,55,0.1128
risk,56,0.1021
risk,57,0.1046
risk,58,0.0906
risk,59,0.0877
risk,60,0.1252
risk,61,0.1840
risk,62,0.0849
risk,63,0.1906
risk,64,0.0927
risk,65,0.0925
risk,66,0.1104
risk,67,0.0884
risk,68,0.0948
risk,69,0.0836
risk,70,0.0861
risk,71,0.0891
risk,72,0.1160
risk,73,0.0916
risk,74,0.0858
risk,75,0.0781
risk,76,0.0846
risk,77,0.1042
risk,78,0.1013
risk,79,0.0972
risk,80,1.4104
risk,81,0.2783
risk,82,0.3178
risk,83,0.1934
risk,84,0.0931
risk,85,0.0944
risk,86,0.2657
risk,87,0.1160
risk,88,0.1070
risk,89,0.0888
risk,90,0.0897
risk,91,0.5191
risk,92,0.0870
risk,93,0.7821
risk,94,0.0914
risk,95,0.0845
risk,96,0.1098
risk,97,0.0833
risk,98,0.1388
risk,99,0.0891
risk,100,0.0863
risk,101,0.0849
risk,102,0.0856
risk,103,0.0847
risk,104,0.0859
risk,105,0.0893
risk,106,0.0867
risk,107,0.0955
risk,108,0.0890
risk,109,0.0861
risk,110,0.0835
risk,111,0.0842
risk,112,0.0960
risk,113,0.0837
risk,114,0.0869
risk,115,0.0839
risk,116,0.0926
risk,117,0.0872
risk,118,0.0874
risk,119,0.0855
risk,120,0.0939
risk,121,0.0869
risk,122,0.0854
risk,123,0.0874
risk,124,0.0882
risk,125,0.0876
risk,126,0.0972
risk,127,0.0852
risk,128,0.0866
risk,129,0.0862
risk,130,0.0844
risk,131,0.0872
risk,132,0.0821
risk,133,0.0836
risk,134,0.0844
risk,135,0.0834
risk,136,0.0833
risk,137,0.0853
risk,138,0.0848
risk,139,0.1350
risk,140,0.0842
risk,141,0.0877
risk,142,0.1174
risk,143,0.0854
risk,144,0.0869
risk,145,0.0836
risk,146,0.0873
risk,147,0.0867
risk,148,0.0843
risk,149,0.0879
risk,150,0.0885
risk,151,0.0844
risk,152,0.0862
risk,153,0.0853
risk,154,0.0838
risk,155,0.0919
risk,156,0.0872
risk,157,0.0862
risk,158,0.0837
risk,159,0.0833
risk,160,0.0858
risk,161,0.0842
risk,162,0.0849
risk,163,0.0867
risk,164,0.0849
risk,165,0.0855
risk,166,0.0844
risk,167,0.0828
risk,168,0.0834
risk,169,0.0977
risk,170,0.0845
risk,171,0.0842
risk,172,0.0856
risk,173,0.0933
risk,174,0.0844
risk,175,0.0850
risk,176,0.0987
risk,177,0.0826
risk,178,0.0824
risk,179,0.0832
risk,180,0.0846
risk,181,0.0941
risk,182,0.4121
risk,183,0.1179
risk,184,0.1429
risk,185,0.1745
risk,186,0.0857
risk,187,0.0846
risk,188,0.1038
risk,189,0.0912
risk,190,0.0874
risk,191,0.0901
risk,192,0.0868
risk,193,0.0833
risk,194,0.0889
risk,195,0.0833
risk,196,0.0852
risk,197,0.8528
risk,198,0.9336
risk,199,0.2889
risk,200,0.1711
risk,201,0.0875
risk,202,0.0898
risk,203,0.1577
risk,204,0.0889
risk,205,0.1028
risk,206,0.0944
risk,207,0.0944
risk,208,0.0899
risk,209,0.0898
risk,210,0.1099
risk,211,0.0905
risk,212,0.0879
risk,213,0.2354
risk,214,0.1667
risk,215,0.0901
risk,216,0.0994
risk,217,0.0909
risk,218,0.0847
risk,219,0.0952
risk,220,0.0848
risk,221,0.0872
risk,222,0.0847
risk,223,0.0847
risk,224,0.0874
risk,225,0.0910
risk,226,0.0924
risk,227,0.1183
risk,228,0.1079
risk,229,0.2599
risk,230,0.1073
risk,231,0.0856
risk,232,0.1415
risk,233,0.0891
risk,234,0.0864
risk,235,0.0892
risk,236,0.0865
risk,237,0.0868
risk,238,0.0970
risk,239,0.0844
risk,240,0.0868
risk,241,0.0858
risk,242,0.0847
risk,243,0.0847
risk,244,0.0845
risk,245,0.0857
risk,246,0.0866
risk,247,0.0850
risk,248,0.0837
risk,249,0.0936
risk,250,0.0850
risk,251,0.0878
risk,252,0.0820
risk,253,0.0915
risk,254,0.0852
risk,255,0.0835
risk,256,0.0842
risk,257,0.0832
risk,258,0.0872
risk,259,0.1591
risk,260,0.0921
risk,261,0.1027
risk,262,0.0892
risk,263,0.0850
risk,264,0.0839
risk,265,0.1785
risk,266,0.0881
risk,267,0.0838
risk,268,0.0873
risk,269,0.1773
risk,270,0.0869
risk,271,0.1984
risk,272,0.0924
risk,273,0.0925
risk,274,0.0852
risk,275,0.0866
risk,276,0.0846
risk,277,0.0851
risk,278,0.0825
risk,279,0.0878
risk,280,0.0838
risk,281,0.0852
risk,282,0.0851
risk,283,0.0866
risk,284,0.0842
risk,285,0.0866
risk,286,0.0887
risk,287,0.0830
risk,288,0.0862
risk,289,0.0857
risk,290,0.1027
risk,291,0.0917
risk,292,0.0846
risk,293,0.0838
risk,294,0.0879
risk,295,0.0837
risk,296,0.0967
risk,297,0.0852
risk,298,0.0851
risk,299,0.0879
risk,300,0.0842
risk,301,0.0846
risk,302,0.0833
risk,303,0.1015
risk,304,0.0872
risk,305,0.0854
risk,306,0.0843
risk,307,0.0872
risk,308,0.0839
risk,309,0.0925
risk,310,0.0853
risk,311,0.0939
risk,312,0.0850
risk,313,0.0844
risk,314,0.0857
risk,315,0.0920
risk,316,0.0846
risk,317,0.0834
risk,318,0.0869
risk,319,0.0844
risk,320,0.0867
risk,321,0.0984
risk,322,0.0854
risk,323,0.0865
risk,324,0.0850
risk,325,0.0846
risk,326,0.0858
risk,327,0.3383
risk,328,0.4624
risk,329,0.1140
risk,330,0.0951
risk,331,0.0880
risk,332,0.0965
risk,333,0.0839
risk,334,0.0862
risk,335,0.3724
risk,336,0.0950
risk,337,0.0849
risk,338,0.3986
risk,339,0.0874
risk,340,0.1409
risk,341,0.0865
risk,342,0.9709
risk,343,0.1496
risk,344,0.0850
risk,345,0.1525
risk,346,0.0870
risk,347,0.0842
risk,348,0.0841
risk,349,0.1368
risk,350,0.0840
risk,351,0.0836
risk,352,0.0861
risk,353,0.2484
risk,354,0.0899
risk,355,0.0929
risk,356,0.0846
risk,357,0.0838
risk,358,0.0849
risk,359,0.0848
risk,360,0.0861
risk,361,0.0754
risk,362,0.0819
risk,363,0.0856
risk,364,0.0856
risk,365,0.0840
risk,366,0.0852
risk,367,0.0867
risk,368,0.0843
risk,369,0.1212
risk,370,0.1490
risk,371,0.1272
risk,372,0.0904
risk,373,0.0913
risk,374,0.0835
risk,375,0.0835
risk,376,0.0828
risk,377,0.1096
risk,378,0.0840
risk,379,0.0854
risk,380,0.0820
risk,381,0.0849
risk,382,0.0828
risk,383,0.1239
risk,384,0.0869
risk,385,0.0855
risk,386,0.0848
risk,387,0.0813
risk,388,0.0881
risk,389,0.0830
risk,390,0.1155
risk,391,0.0897
risk,392,0.0834
risk,393,0.0853
risk,394,0.0856
risk,395,0.0864
risk,396,0.0823
risk,397,0.0830
risk,398,0.0863
risk,399,0.0846
risk,400,0.0850
risk,401,0.1153
risk,402,0.0824
risk,403,0.0915
risk,404,0.0856
risk,405,0.0841
risk,406,0.0841
risk,407,0.1493
risk,408,0.0891
risk,409,0.0837
risk,410,0.0861
risk,411,0.0844
risk,412,0.0837
risk,413,0.0864
risk,414,0.0860
risk,415,0.0893
risk,416,0.0867
risk,417,0.0834
risk,418,0.0935
risk,419,0.0845
risk,420,0.0846
risk,421,0.0830
risk,422,0.0865
risk,423,0.0841
risk,424,0.0839
risk,425,0.0847
risk,426,0.0849
risk,427,0.0957
risk,428,0.0995
risk,429,0.0965
risk,430,0.1080
risk,431,0.0896
risk,432,0.1603
risk,433,0.0856
risk,434,0.0844
risk,435,0.1734
risk,436,0.0842
risk,437,0.1414
risk,438,0.0840
risk,439,0.0849
risk,440,0.0952
risk,441,0.0913
risk,442,0.1389
risk,443,0.1446
risk,444,0.0858
risk,445,0.0914
risk,446,0.1779
risk,447,0.0850
risk,448,0.1553
risk,449,0.0872
risk,450,0.0866
risk,451,0.0984
risk,452,0.0859
risk,453,1.7646
risk,454,0.2310
risk,455,0.1872
risk,456,0.0882
risk,457,0.0931
risk,458,0.1605
risk,459,0.5493
risk,460,0.8516
risk,461,0.1109
risk,462,0.0836
risk,463,0.1112
risk,464,0.1939
risk,465,0.1482
risk,466,0.1157
risk,467,0.0786
risk,468,0.1617
risk,469,0.1624
risk,470,0.0838
risk,471,0.0874
risk,472,0.0839
risk,473,0.0840
risk,474,0.2544
risk,475,0.0963
risk,476,0.0946
risk,477,0.0908
risk,478,0.1497
risk,479,0.0871
risk,480,0.1789
risk,481,0.0912
risk,482,0.0896
risk,483,0.0892
risk,484,0.0844
risk,485,0.0843
risk,486,0.1348
risk,487,0.0835
risk,488,0.0835
risk,489,0.1510
risk,490,0.0858
risk,491,0.0861
risk,492,0.0985
risk,493,0.0909
risk,494,0.0831
risk,495,0.0826
risk,496,0.0867
risk,497,0.1454
risk,498,0.0875
risk,499,0.0838
risk,500,0.0849
risk,501,0.0937
risk,502,0.0848
risk,503,0.1486
risk,504,0.0860
risk,505,0.0861
risk,506,0.0845
risk,507,0.0845
risk,508,0.0857
risk,509,0.0856
risk,510,0.0833
risk,511,0.0895
risk,512,0.0845
risk,513,0.0852
risk,514,0.0827
risk,515,0.1110
risk,516,0.0907
risk,517,0.1206
risk,518,0.0982
risk,519,0.0914
risk,520,0.0841
risk,521,0.0949
risk,522,0.1521
risk,523,0.1404
risk,524,0.1631
risk,525,0.1617
risk,526,0.0866
risk,527,0.1019
risk,528,0.0898
risk,529,0.1423
risk,530,0.1391
risk,531,0.0995
risk,532,0.1389
risk,533,0.1372
risk,534,0.0847
risk,535,0.1395
risk,536,0.1390
risk,537,0.0908
risk,538,0.0842
risk,539,0.0836
risk,540,0.0930
risk,541,0.1087
risk,542,0.0817
risk,543,0.1643
risk,544,0.0886
risk,545,0.0836
risk,546,0.1009
risk,547,0.1422
risk,548,0.0856
risk,549,0.0852
risk,550,0.0852
risk,551,0.1237
risk,552,0.0881
risk,553,0.0905
risk,554,0.1895
risk,555,0.0911
risk,556,1.5065
risk,557,0.1702
risk,558,0.1615
risk,559,0.1446
risk,560,0.1002
risk,561,0.1257
risk,562,0.0870
risk,563,0.1196
risk,564,0.0866
risk,565,0.1020
risk,566,0.0941
risk,567,0.1483
risk,568,0.5497
risk,569,0.1335
risk,570,0.0878
risk,571,0.1526
risk,572,0.0932
risk,573,0.1651
risk,574,1.3233
risk,575,0.0893
risk,576,0.2613
risk,577,0.1508
risk,578,0.1056
risk,579,0.0917
risk,580,0.0936
risk,581,0.0852
risk,582,0.1063
risk,583,2.2976
risk,584,0.1435
risk,585,0.2058
risk,586,0.1106
risk,587,0.0902
risk,588,0.0989
risk,589,0.1425
risk,590,0.0934
risk,591,0.0888
risk,592,0.0929
risk,593,0.1947
risk,594,0.0935
risk,595,0.0866
risk,596,0.0934
risk,597,0.0990
risk,598,0.1573
risk,599,0.1609
risk,600,0.0888
risk,601,0.1947
risk,602,0.0921
risk,603,0.2013
risk,604,0.1417
risk,605,0.1505
risk,606,0.0972
risk,607,0.0965
risk,608,0.1000
risk,609,0.1810
risk,610,0.0869
risk,611,0.1565
risk,612,0.0890
risk,613,0.1515
risk,614,0.0891
risk,615,0.0908
risk,616,0.0880
risk,617,0.1833
risk,618,0.0878
risk,619,0.1758
risk,620,0.0862
risk,621,0.0917
risk,622,0.1788
risk,623,0.0908
risk,624,0.0936
risk,625,0.1815
risk,626,0.0870
risk,627,0.1615
risk,628,0.0913
risk,629,1.4977
risk,630,0.2262
risk,631,0.0964
risk,632,0.0969
risk,633,0.1267
risk,634,0.1922
risk,635,0.1213
risk,636,0.1630
risk,637,0.1026
risk,638,0.0878
risk,639,0.0983
risk,640,0.0916
risk,641,0.1081
risk,642,0.0862
risk,643,0.6654
risk,644,0.6855
risk,645,0.1309
risk,646,0.1483
risk,647,0.0891
risk,648,0.1662
risk,649,0.1483
risk,650,0.1387
risk,651,0.1784
risk,652,0.1821
risk,653,0.0880
risk,654,0.0913
risk,655,0.0975
risk,656,0.0926
risk,657,0.0896
risk,658,0.0929
risk,659,0.0878
risk,660,0.0852
risk,661,0.2040
risk,662,0.0912
risk,663,0.0963
risk,664,0.1744
risk,665,0.1421
risk,666,0.1753
risk,667,0.1735
risk,668,0.1436
risk,669,0.1453
risk,670,0.0933
risk,671,0.0959
risk,672,0.1748
risk,673,0.0859
risk,674,0.3799
risk,675,0.1644
risk,676,0.1003
risk,677,0.0930
risk,678,0.0839
risk,679,0.0860
risk,680,0.1281
risk,681,0.0790
risk,682,0.1518
risk,683,0.0838
risk,684,0.1462
risk,685,0.0863
risk,686,0.0806
risk,687,0.0810
risk,688,0.0813
risk,689,0.0896
risk,690,0.0809
risk,691,0.1416
risk,692,0.0827
risk,693,0.0818
risk,694,0.1404
risk,695,0.0819
risk,696,0.0816
risk,697,0.0814
risk,698,0.1492
risk,699,0.0807
risk,700,0.0810
risk,701,0.0804
risk,702,0.1460
risk,703,0.0834
risk,704,0.0811
risk,705,0.0827
risk,706,0.0812
risk,707,1.5842
risk,708,0.1613
risk,709,0.0803
risk,710,0.1402
risk,711,0.0890
risk,712,0.0840
risk,713,0.0794
risk,714,0.0801
risk,715,0.1611
risk,716,0.0819
risk,717,0.0809
risk,718,1.3180
risk,719,0.1477
risk,720,0.1393
risk,721,0.1600
risk,722,0.1196
risk,723,0.0940
risk,724,0.1102
risk,725,0.0909
risk,726,0.1405
risk,727,0.1450
risk,728,0.1030
risk,729,0.1516
risk,730,0.1472
risk,731,0.0915
risk,732,0.5108
risk,733,0.8017
risk,734,0.1760
risk,735,0.0909
risk,736,0.1431
risk,737,0.2178
risk,738,0.1844
risk,739,0.0886
risk,740,0.0907
risk,741,0.0825
risk,742,0.1446
risk,743,0.0858
risk,744,0.1451
risk,745,0.0962
risk,746,0.0782
risk,747,0.0948
risk,748,0.1111
risk,749,0.1408
risk,750,0.1429
risk,751,0.0902
risk,752,0.1401
risk,753,0.0872
risk,754,0.0820
risk,755,0.1408
risk,756,0.0929
risk,757,0.1400
risk,758,0.1540
risk,759,0.1555
risk,760,0.0929
risk,761,0.1757
risk,762,0.1415
risk,763,0.0896
risk,764,0.1432
risk,765,0.1385
risk,766,0.1445
risk,767,0.1853
risk,768,0.1713
risk,769,0.0918
risk,770,0.1427
risk,771,0.0889
risk,772,0.0928
risk,773,0.1124
risk,774,0.1413
risk,775,0.0927
risk,776,0.0932
risk,777,0.1773
risk,778,0.2508
risk,779,0.1601
risk,780,0.1612
risk,781,0.0921
risk,782,0.0886
risk,783,0.1815
risk,784,0.0972
risk,785,0.1433
risk,786,0.0858
risk,787,0.1469
risk,788,0.1384
risk,789,0.0881
risk,790,0.0924
risk,791,0.1426
risk,792,0.0924
risk,793,0.0902
risk,794,0.0828
risk,795,0.0892
risk,796,0.1720
risk,797,0.1667
risk,798,0.1389
risk,799,0.0886
risk,800,0.0897
risk,801,0.1175
risk,802,0.1429
risk,803,0.1403
risk,804,0.0922
risk,805,0.0926
risk,806,0.1400
risk,807,0.0894
risk,808,0.1396
risk,809,0.0893
risk,810,0.0940
risk,811,0.1864
risk,812,0.0887
risk,813,0.0966
risk,814,1.3071
risk,815,0.0877
risk,816,0.0983
risk,817,0.1087
risk,818,0.2061
risk,819,0.1501
risk,820,0.1045
risk,821,0.0967
risk,822,0.0943
risk,823,0.0828
risk,824,0.1713
risk,825,0.0905
risk,826,0.1101
risk,827,0.1378
risk,828,0.0944
risk,829,0.4917
risk,830,0.8092
risk,831,0.1781
risk,832,0.1192
risk,833,0.0950
risk,834,0.1493
risk,835,0.0893
risk,836,0.1826
risk,837,0.0863
risk,838,0.1723
risk,839,0.0911
risk,840,0.0943
risk,841,0.0945
risk,842,0.0914
risk,843,0.0923
risk,844,0.0938
risk,845,0.0852
risk,846,0.0897
risk,847,0.1736
risk,848,0.0905
risk,849,0.0917
risk,850,0.1117
risk,851,0.0915
risk,852,0.1678
risk,853,0.0882
risk,854,0.1374
risk,855,0.0840
risk,856,0.0846
risk,857,0.0848
risk,858,0.0847
risk,859,0.0840
risk,860,0.0937
risk,861,0.1561
risk,862,0.0808
risk,863,0.0838
risk,864,0.0806
risk,865,0.0820
risk,866,0.0824
risk,867,0.0803
risk,868,0.1738
risk,869,0.0843
risk,870,0.0826
risk,871,0.1121
risk,872,0.0815
risk,873,0.0813
risk,874,0.0826
risk,875,0.1732
risk,876,0.0797
risk,877,0.0805
risk,878,0.1344
risk,879,0.0850
risk,880,0.0779
risk,881,0.1446
risk,882,0.0804
risk,883,0.1352
risk,884,0.0801
risk,885,0.1374
risk,886,0.0825
risk,887,0.1391
risk,888,0.0805
risk,889,0.0818
risk,890,0.0790
risk,891,0.0871
risk,892,0.1728
risk,893,0.0816
risk,894,0.1342
risk,895,0.0814
risk,896,0.0807
risk,897,0.0805
risk,898,0.0803
risk,899,0.0820
risk,900,0.0832
risk,901,0.0808
risk,902,0.2132
risk,903,0.1103
risk,904,0.0870
risk,905,0.0831
risk,906,0.1025
risk,907,0.0834
risk,908,0.0842
risk,909,0.1574
risk,910,0.0832
risk,911,0.0895
risk,912,0.0980
risk,913,0.3890
risk,914,0.0904
risk,915,0.1039
risk,916,0.1070
risk,917,0.0919
risk,918,0.0842
risk,919,0.1742
risk,920,0.0933
risk,921,0.0986
risk,922,0.0940
risk,923,0.1359
risk,924,1.1392
risk,925,0.1167
risk,926,0.1052
risk,927,0.1078
risk,928,0.1416
risk,929,0.0960
risk,930,0.0909
risk,931,0.0993
risk,932,0.1136
risk,933,0.1654
risk,934,0.0851
risk,935,0.0918
risk,936,0.0850
risk,937,0.0894
risk,938,0.0832
risk,939,0.0891
risk,940,0.0818
risk,941,0.6408
risk,942,0.6862
risk,943,0.1821
risk,944,0.0864
risk,945,0.0881
risk,946,0.1887
risk,947,0.0867
risk,948,0.0890
risk,949,0.1387
risk,950,0.0872
risk,951,0.0899
risk,952,0.0841
risk,953,0.0911
risk,954,0.0866
risk,955,0.0868
risk,956,0.0981
risk,957,0.0874
risk,958,0.0895
risk,959,0.0892
risk,960,0.0884
risk,961,0.0893
risk,962,0.1038
risk,963,0.0820
risk,964,0.0823
risk,965,0.1362
risk,966,0.0851
risk,967,0.0844
risk,968,0.0852
risk,969,0.1371
risk,970,0.0823
risk,971,0.1386
risk,972,0.0908
risk,973,0.0833
risk,974,0.1390
risk,975,0.0824
risk,976,0.1365
risk,977,0.0858
risk,978,0.0914
risk,979,0.0899
risk,980,0.1071
risk,981,0.0825
risk,982,0.0921
risk,983,0.0830
risk,984,0.1400
risk,985,0.0859
risk,986,0.0867
risk,987,0.0826
risk,988,0.2048
risk,989,0.0815
risk,990,0.1523
risk,991,0.0999
risk,992,0.0836
risk,993,0.0902
risk,994,0.0833
risk,995,0.1371
risk,996,0.0812
risk,997,0.1375
risk,998,0.0853
risk,999,0.0819
risk,1000,0.1356
risk,1001,0.0883
risk,1002,0.0920
risk,1003,0.0901
risk,1004,0.0892
risk,1005,0.0875
risk,1006,0.0895
risk,1007,0.0881
risk,1008,0.0845
risk,1009,0.0880
risk,1010,0.2792
risk,1011,0.2050
risk,1012,0.0883
risk,1013,0.1416
risk,1014,0.0836
risk,1015,0.0897
risk,1016,0.1421
risk,1017,0.1326
risk,1018,0.0832
risk,1019,0.0827
risk,1020,0.1095
risk,1021,0.0825
risk,1022,0.0834
risk,1023,0.0838
risk,1024,0.0809
risk,1025,0.0830
risk,1026,0.0823
risk,1027,0.0819
risk,1028,0.0828
risk,1029,0.0834
risk,1030,0.2342
risk,1031,0.1078
risk,1032,0.0944
risk,1033,0.0826
risk,1034,0.0814
risk,1035,0.0839
risk,1036,0.0834
risk,1037,0.0834
risk,1038,0.0896
risk,1039,0.0826
risk,1040,0.1483
risk,1041,0.0813
risk,1042,0.0814
risk,1043,1.0974
risk,1044,0.2028
risk,1045,0.1000
risk,1046,0.0871
risk,1047,0.1677
risk,1048,0.0938
risk,1049,0.1084
risk,1050,0.0888
risk,1051,0.0935
risk,1052,0.0837
risk,1053,0.0892
risk,1054,0.0809
risk,1055,0.0845
risk,1056,0.0838
risk,1057,0.0826
risk,1058,0.0820
risk,1059,0.0808
risk,1060,0.1081
risk,1061,0.0830
risk,1062,0.0823
risk,1063,0.2746
risk,1064,0.7883
risk,1065,0.1073
risk,1066,0.0821
risk,1067,0.0830
risk,1068,0.0825
risk,1069,0.0896
risk,1070,0.1668
risk,1071,0.0899
risk,1072,0.0848
risk,1073,0.0845
risk,1074,0.0830
risk,1075,0.0828
risk,1076,0.0825
risk,1077,0.0843
risk,1078,0.0815
risk,1079,0.0821
risk,1080,0.1112
risk,1081,0.1063
risk,1082,0.0842
risk,1083,0.0835
risk,1084,0.0932
risk,1085,0.0823
risk,1086,0.0905
risk,1087,0.0847
risk,1088,0.1836
risk,1089,0.0963
risk,1090,0.0784
risk,1091,0.1089
risk,1092,0.0845
risk,1093,0.0818
risk,1094,0.1829
risk,1095,0.0867
risk,1096,0.0840
risk,1097,0.0825
risk,1098,0.0825
risk,1099,0.0802
risk,1100,0.1726
risk,1101,0.0852
risk,1102,0.1108
risk,1103,0.1394
risk,1104,0.0822
risk,1105,0.1067
risk,1106,0.0814
risk,1107,0.0828
risk,1108,0.0927
risk,1109,0.0828
risk,1110,0.1741
risk,1111,0.1133
risk,1112,0.0827
risk,1113,0.0809
risk,1114,0.1090
risk,1115,0.0815
risk,1116,0.0811
risk,1117,0.0836
risk,1118,0.0821
risk,1119,0.1797
risk,1120,0.0872
risk,1121,0.1120
risk,1122,0.1406
risk,1123,0.0828
risk,1124,0.1062
risk,1125,0.0805
risk,1126,0.1645
risk,1127,0.1103
risk,1128,0.0936
risk,1129,0.1425
risk,1130,0.0815
risk,1131,0.0850
risk,1132,0.1454
risk,1133,0.0819
risk,1134,0.1081
risk,1135,0.0830
risk,1136,0.0821
risk,1137,0.1729
risk,1138,0.1132
risk,1139,0.0824
risk,1140,0.1158
risk,1141,0.1765
risk,1142,0.1129
risk,1143,0.0805
risk,1144,0.1106
risk,1145,0.0828
risk,1146,0.1568
risk,1147,0.0826
risk,1148,0.1080
risk,1149,0.0848
risk,1150,0.0817
risk,1151,0.0814
risk,1152,0.0820
risk,1153,0.0830
risk,1154,0.0815
risk,1155,0.0837
risk,1156,0.0824
risk,1157,0.0820
risk,1158,0.1792
risk,1159,0.0818
risk,1160,0.1362
risk,1161,0.0824
risk,1162,0.1071
risk,1163,0.0814
risk,1164,2.4493
risk,1165,0.1668
risk,1166,0.3168
risk,1167,0.1031
risk,1168,0.0891
risk,1169,0.1010
risk,1170,0.1440
risk,1171,0.2789
risk,1172,0.1636
risk,1173,0.2099
risk,1174,0.1324
risk,1175,0.4152
risk,1176,0.1194
risk,1177,0.0941
risk,1178,0.0900
risk,1179,0.1895
risk,1180,0.1087
risk,1181,0.1997
risk,1182,0.1824
risk,1183,0.1398
risk,1184,0.0821
risk,1185,0.1427
risk,1186,0.0829
risk,1187,0.1431
risk,1188,0.0818
risk,1189,0.0798
risk,1190,0.1770
risk,1191,0.0820
risk,1192,0.1770
risk,1193,0.0840
risk,1194,0.0819
risk,1195,0.1470
risk,1196,0.0827
risk,1197,0.1431
risk,1198,0.1814
risk,1199,0.0867
risk,1200,0.1178
risk,1201,0.1407
risk,1202,0.0830
risk,1203,0.0806
risk,1204,0.1601
risk,1205,0.0850
risk,1206,0.0836
risk,1207,0.0813
risk,1208,0.0815
risk,1209,0.0808
risk,1210,0.1778
risk,1211,0.1748
risk,1212,0.1436
risk,1213,0.0867
risk,1214,0.1100
risk,1215,0.0807
risk,1216,0.0863
risk,1217,0.1748
risk,1218,0.0924
risk,1219,0.1850
risk,1220,0.1508
risk,1221,0.0896
risk,1222,0.0946
risk,1223,0.0931
risk,1224,0.1714
risk,1225,0.1134
risk,1226,0.0828
risk,1227,0.1498
risk,1228,0.0875
risk,1229,0.0841
risk,1230,0.1394
risk,1231,0.0824
risk,1232,0.0826
risk,1233,0.1373
risk,1234,0.0856
risk,1235,0.0832
risk,1236,0.1440
risk,1237,0.1796
risk,1238,0.0893
risk,1239,0.1261
risk,1240,0.1750
risk,1241,0.0885
risk,1242,0.1687
risk,1243,0.1202
risk,1244,0.1421
risk,1245,0.0840
risk,1246,0.0896
risk,1247,0.1131
risk,1248,0.1854
risk,1249,0.0878
risk,1250,0.0826
risk,1251,0.1457
risk,1252,0.0911
risk,1253,0.0972
risk,1254,0.1832
risk,1255,0.1454
risk,1256,0.1419
risk,1257,0.0850
risk,1258,0.0901
risk,1259,0.9725
risk,1260,0.1091
risk,1261,0.0928
risk,1262,0.1514
risk,1263,0.2664
risk,1264,0.1506
risk,1265,0.0879
risk,1266,0.0932
risk,1267,0.0849
risk,1268,0.0955
risk,1269,0.4626
risk,1270,0.3451
risk,1271,0.5047
risk,1272,0.2305
risk,1273,0.1011
risk,1274,0.1547
risk,1275,0.1437
risk,1276,0.3122
risk,1277,0.1637
risk,1278,0.1414
risk,1279,0.0851
risk,1280,0.0936
risk,1281,0.1757
risk,1282,0.0955
risk,1283,0.0886
risk,1284,0.1774
risk,1285,0.0856
risk,1286,0.0898
risk,1287,0.1898
risk,1288,0.1827
risk,1289,0.0849
risk,1290,0.0886
risk,1291,0.0895
risk,1292,0.0939
risk,1293,0.0991
risk,1294,0.0914
risk,1295,0.0828
risk,1296,0.0901
risk,1297,0.0826
risk,1298,0.1668
risk,1299,0.0869
risk,1300,0.0844
risk,1301,0.0907
risk,1302,0.0888
risk,1303,0.0882
risk,1304,0.0901
risk,1305,0.0854
risk,1306,0.0913
risk,1307,0.0926
risk,1308,0.0850
risk,1309,0.0898
risk,1310,0.0870
risk,1311,0.1041
risk,1312,0.0838
risk,1313,0.0836
risk,1314,0.0975
risk,1315,0.1314
risk,1316,0.1270
risk,1317,0.0825
risk,1318,0.0852
risk,1319,0.1366
risk,1320,0.0944
risk,1321,0.2012
risk,1322,0.0882
risk,1323,0.1111
risk,1324,0.0890
risk,1325,0.0914
risk,1326,0.0852
risk,1327,0.1059
risk,1328,0.0860
risk,1329,0.0894
risk,1330,0.0857
risk,1331,0.0857
risk,1332,1.2814
risk,1333,0.0888
risk,1334,0.0888
risk,1335,0.1427
risk,1336,0.0876
risk,1337,0.1042
risk,1338,0.1108
risk,1339,0.0887
risk,1340,0.0972
risk,1341,0.1114
risk,1342,0.0858
risk,1343,0.1066
risk,1344,0.0884
risk,1345,0.0914
risk,1346,0.0845
risk,1347,0.1058
risk,1348,0.0894
risk,1349,0.1101
risk,1350,0.0886
risk,1351,0.0988
risk,1352,0.0913
risk,1353,0.0890
risk,1354,0.0852
risk,1355,0.1160
risk,1356,0.1000
risk,1357,0.1086
risk,1358,0.1067
risk,1359,0.0996
risk,1360,0.0856
risk,1361,0.0934
risk,1362,0.1387
risk,1363,0.0810
risk,1364,0.1752
risk,1365,0.1433
risk,1366,0.0901
risk,1367,0.1453
risk,1368,0.0876
risk,1369,0.1004
risk,1370,0.1216
risk,1371,0.3192
risk,1372,0.1445
risk,1373,0.3668
risk,1374,0.1697
risk,1375,0.1674
risk,1376,0.1220
risk,1377,0.1015
risk,1378,0.0994
risk,1379,0.0909
risk,1380,0.0802
risk,1381,0.0818
risk,1382,0.0812
risk,1383,0.5075
risk,1384,0.0948
risk,1385,0.7735
risk,1386,0.9196
risk,1387,0.1428
risk,1388,0.1833
risk,1389,0.0883
risk,1390,0.1043
risk,1391,0.0913
risk,1392,0.0950
risk,1393,0.1042
risk,1394,0.0962
risk,1395,0.1093
risk,1396,0.0928
risk,1397,0.0949
risk,1398,0.1008
risk,1399,0.0871
risk,1400,0.0861
risk,1401,0.1450
risk,1402,0.0885
risk,1403,0.0868
risk,1404,0.0878
risk,1405,0.0907
risk,1406,0.0967
risk,1407,0.0848
risk,1408,0.0862
risk,1409,0.0853
risk,1410,0.0873
risk,1411,0.0849
risk,1412,0.0842
risk,1413,0.0857
risk,1414,0.0851
risk,1415,0.0858
risk,1416,0.0854
risk,1417,0.0884
risk,1418,0.1806
risk,1419,0.0874
risk,1420,0.0867
risk,1421,0.0864
risk,1422,0.0872
risk,1423,0.0870
risk,1424,0.0857
risk,1425,0.0890
risk,1426,0.0868
risk,1427,0.0853
risk,1428,0.0946
risk,1429,0.0858
risk,1430,0.0862
risk,1431,0.0862
risk,1432,0.0879
risk,1433,0.0885
risk,1434,0.0835
risk,1435,0.0890
risk,1436,0.0918
risk,1437,0.0844
risk,1438,0.0834
risk,1439,0.0834
risk,1440,0.0819
risk,1441,0.0815
risk,1442,0.0833
risk,1443,0.0843
risk,1444,0.0834
risk,1445,0.0831
risk,1446,0.0832
risk,1447,0.0833
risk,1448,0.0993
risk,1449,0.0831
risk,1450,0.0820
risk,1451,0.0914
risk,1452,0.0832
risk,1453,0.0827
risk,1454,0.0903
risk,1455,0.1007
risk,1456,0.0826
risk,1457,0.0839
risk,1458,0.0830
risk,1459,0.0837
risk,1460,0.0822
risk,1461,0.0818
risk,1462,0.0841
risk,1463,0.0842
risk,1464,0.0825
risk,1465,0.0818
risk,1466,0.0890
risk,1467,0.0841
risk,1468,0.0817
risk,1469,0.0814
risk,1470,0.0816
risk,1471,0.0828
risk,1472,0.0814
risk,1473,0.0818
risk,1474,0.0832
risk,1475,0.0879
risk,1476,0.0813
risk,1477,0.0802
risk,1478,0.0870
risk,1479,0.0823
risk,1480,0.0831
risk,1481,0.0834
risk,1482,0.0828
risk,1483,0.0808
risk,1484,2.4245
risk,1485,0.0998
risk,1486,0.1499
risk,1487,0.4410
risk,1488,0.1003
risk,1489,0.0917
risk,1490,0.8079
risk,1491,0.1527
risk,1492,0.2632
risk,1493,0.1387
risk,1494,0.0812
risk,1495,0.1529
risk,1496,0.0885
risk,1497,0.0939
risk,1498,0.1187
risk,1499,0.1934
risk,1500,0.2755
risk,1501,0.1153
risk,1502,0.0924
risk,1503,0.1714
risk,1504,0.1447
risk,1505,0.1413
risk,1506,0.1465
risk,1507,0.0967
risk,1508,0.1455
risk,1509,0.1102
risk,1510,0.0817
risk,1511,0.1781
risk,1512,0.0835
risk,1513,0.0893
risk,1514,0.1805
risk,1515,0.1807
risk,1516,0.0895
risk,1517,0.1116
risk,1518,0.1391
risk,1519,0.0873
risk,1520,0.0949
risk,1521,0.1132
risk,1522,0.1472
risk,1523,0.0892
risk,1524,0.1886
risk,1525,0.1183
risk,1526,0.1385
risk,1527,0.0832
risk,1528,0.1795
risk,1529,0.0893
risk,1530,0.1426
risk,1531,0.0846
risk,1532,0.1592
risk,1533,0.0837
risk,1534,0.1413
risk,1535,0.0847
risk,1536,0.1778
risk,1537,0.0817
risk,1538,0.1825
risk,1539,0.0886
risk,1540,0.2022
risk,1541,0.0864
risk,1542,0.0900
risk,1543,0.1114
risk,1544,0.1836
risk,1545,0.0926
risk,1546,0.0944
risk,1547,0.1131
risk,1548,0.1444
risk,1549,0.1730
risk,1550,0.1486
risk,1551,0.0892
risk,1552,0.1471
risk,1553,0.1118
risk,1554,0.0827
risk,1555,0.0825
risk,1556,0.1786
risk,1557,0.0841
risk,1558,0.1855
risk,1559,0.0839
risk,1560,0.1390
risk,1561,0.1803
risk,1562,0.0897
risk,1563,0.1202
risk,1564,0.1740
risk,1565,0.0831
risk,1566,0.1416
risk,1567,0.0884
risk,1568,0.0855
risk,1569,1.5050
risk,1570,0.2135
risk,1571,0.2172
risk,1572,0.1905
risk,1573,0.0990
risk,1574,0.1498
risk,1575,0.1004
risk,1576,0.0955
risk,1577,0.0919
risk,1578,0.0922
risk,1579,0.1697
risk,1580,0.0984
risk,1581,0.5178
risk,1582,0.7969
risk,1583,0.1571
risk,1584,0.1610
risk,1585,0.1254
risk,1586,0.0996
risk,1587,0.0956
risk,1588,0.2948
risk,1589,0.1153
risk,1590,0.0979
risk,1591,0.4734
risk,1592,0.0984
risk,1593,0.1750
risk,1594,0.1459
risk,1595,0.1427
risk,1596,0.1420
risk,1597,0.0885
risk,1598,0.0937
risk,1599,0.0929
risk,1600,0.1845
risk,1601,0.1424
risk,1602,0.0888
risk,1603,0.1907
risk,1604,0.1036
risk,1605,0.0952
risk,1606,0.0851
risk,1607,0.0953
risk,1608,0.1454
risk,1609,0.0875
risk,1610,0.0911
risk,1611,0.1799
risk,1612,0.1801
risk,1613,0.1489
risk,1614,0.1426
risk,1615,0.1144
risk,1616,0.1722
risk,1617,0.0907
risk,1618,0.1707
risk,1619,0.0860
risk,1620,0.0927
risk,1621,0.1817
risk,1622,0.0944
risk,1623,0.1534
risk,1624,0.0840
risk,1625,0.1414
risk,1626,0.0840
risk,1627,0.1761
risk,1628,0.0848
risk,1629,0.1423
risk,1630,0.1707
risk,1631,0.0870
risk,1632,0.1245
risk,1633,0.2233
risk,1634,0.1769
risk,1635,0.0932
risk,1636,0.1009
risk,1637,0.1426
risk,1638,0.0850
risk,1639,0.0814
risk,1640,0.1397
risk,1641,0.0919
risk,1642,0.0933
risk,1643,0.1829
risk,1644,0.0910
risk,1645,0.1738
risk,1646,0.1443
risk,1647,0.0905
risk,1648,0.1381
risk,1649,0.1383
risk,1650,0.0967
risk,1651,0.0835
risk,1652,0.1446
risk,1653,0.0843
risk,1654,0.0893
risk,1655,1.6693
risk,1656,0.1638
risk,1657,0.1487
risk,1658,0.1548
risk,1659,0.1458
risk,1660,0.1041
risk,1661,0.0941
risk,1662,0.1058
risk,1663,0.0943
risk,1664,0.0991
risk,1665,0.0872
risk,1666,0.2255
risk,1667,0.0933
risk,1668,0.1183
risk,1669,0.0959
risk,1670,0.1413
risk,1671,0.0868
risk,1672,0.0935
risk,1673,0.1728
risk,1674,0.0969
risk,1675,0.1385
risk,1676,0.0943
risk,1677,0.1382
risk,1678,0.0863
risk,1679,0.1934
risk,1680,0.1900
risk,1681,0.1633
risk,1682,0.3666
risk,1683,0.1267
risk,1684,0.1743
risk,1685,0.0994
risk,1686,0.2128
risk,1687,0.0922
risk,1688,0.1393
risk,1689,0.1932
risk,1690,0.1440
risk,1691,0.0840
risk,1692,0.0900
risk,1693,0.0976
risk,1694,0.0880
risk,1695,0.0955
risk,1696,0.0897
risk,1697,0.1501
risk,1698,0.0900
risk,1699,0.0844
risk,1700,0.0988
risk,1701,0.1675
risk,1702,0.0892
risk,1703,0.0874
risk,1704,0.0960
risk,1705,0.0998
risk,1706,0.1662
risk,1707,0.0855
risk,1708,0.0891
risk,1709,0.0827
risk,1710,0.1725
risk,1711,0.0861
risk,1712,0.1650
risk,1713,0.0864
risk,1714,0.0936
risk,1715,0.2483
risk,1716,0.1468
risk,1717,0.0878
risk,1718,0.0844
risk,1719,0.1247
risk,1720,0.0858
risk,1721,0.1417
risk,1722,0.0915
risk,1723,0.0855
risk,1724,0.0930
risk,1725,0.1723
risk,1726,0.0885
risk,1727,0.1637
risk,1728,0.0848
risk,1729,0.1435
risk,1730,0.0897
risk,1731,0.1530
risk,1732,0.0914
risk,1733,0.1555
risk,1734,0.0932
risk,1735,0.1666
risk,1736,0.0864
risk,1737,0.1375
risk,1738,0.0940
risk,1739,0.0973
risk,1740,0.3121
risk,1741,0.0877
risk,1742,0.1774
risk,1743,0.1440
risk,1744,0.1431
risk,1745,0.1441
risk,1746,0.0908
risk,1747,0.1467
risk,1748,0.0895
risk,1749,0.0984
risk,1750,0.0940
risk,1751,0.0920
risk,1752,0.1812
risk,1753,0.0873
risk,1754,0.1474
risk,1755,0.0897
risk,1756,0.1389
risk,1757,0.0872
risk,1758,0.1416
risk,1759,0.0877
risk,1760,0.1437
risk,1761,1.0213
risk,1762,0.2277
risk,1763,0.1430
risk,1764,0.1182
risk,1765,0.0953
risk,1766,0.0927
risk,1767,0.1723
risk,1768,0.1786
risk,1769,0.0895
risk,1770,0.0909
risk,1771,0.1654
risk,1772,0.0867
risk,1773,0.1441
risk,1774,0.4995
risk,1775,0.0978
risk,1776,0.1545
risk,1777,0.0900
risk,1778,0.1631
risk,1779,0.1402
risk,1780,0.1118
risk,1781,0.1069
risk,1782,0.1174
risk,1783,0.2634
risk,1784,0.1006
risk,1785,0.0843
risk,1786,0.0956
risk,1787,0.1502
risk,1788,0.0854
risk,1789,0.1721
risk,1790,0.0876
risk,1791,0.0933
risk,1792,0.0845
risk,1793,0.1891
risk,1794,0.0912
risk,1795,0.1845
risk,1796,0.0926
risk,1797,0.1111
risk,1798,0.0859
risk,1799,0.1477
risk,1800,0.1380
risk,1801,0.0899
risk,1802,0.1370
risk,1803,0.1721
risk,1804,0.0907
risk,1805,0.1462
risk,1806,0.0862
risk,1807,0.0847
risk,1808,0.0994
risk,1809,0.0805
risk,1810,0.1760
risk,1811,0.1402
risk,1812,0.0878
risk,1813,0.0856
risk,1814,0.1435
risk,1815,0.0893
risk,1816,0.0875
risk,1817,0.1451
risk,1818,0.0931
risk,1819,0.1425
risk,1820,0.1485
risk,1821,0.1418
risk,1822,0.0868
risk,1823,0.1582
risk,1824,0.1401
risk,1825,0.1668
risk,1826,0.0899
risk,1827,0.1638
risk,1828,0.1189
risk,1829,0.0796
risk,1830,0.1431
risk,1831,0.0940
risk,1832,0.0920
risk,1833,0.0978
risk,1834,0.0912
risk,1835,0.0942
risk,1836,0.0875
risk,1837,0.0847
risk,1838,0.1639
risk,1839,0.1209
risk,1840,0.1092
risk,1841,0.1304
risk,1842,0.1292
risk,1843,0.0927
risk,1844,0.0858
risk,1845,0.1061
risk,1846,0.1072
risk,1847,0.0841
risk,1848,0.0868
risk,1849,0.0848
risk,1850,0.0933
risk,1851,0.0954
risk,1852,0.0927
risk,1853,0.0899
risk,1854,0.1517
risk,1855,0.0918
risk,1856,0.0875
risk,1857,0.1233
risk,1858,0.0884
risk,1859,0.0856
risk,1860,0.0858
risk,1861,0.0827
risk,1862,0.1119
risk,1863,0.0873
risk,1864,0.1041
risk,1865,0.0866
risk,1866,0.0915
risk,1867,0.1361
risk,1868,0.0941
risk,1869,0.0871
risk,1870,0.0827
risk,1871,0.0934
risk,1872,0.1514
risk,1873,0.1603
risk,1874,0.1329
risk,1875,0.1900
risk,1876,0.1758
risk,1877,0.0868
risk,1878,0.0917
risk,1879,0.1781
risk,1880,0.1760
risk,1881,0.1721
risk,1882,0.3611
risk,1883,0.2099
risk,1884,0.2613
risk,1885,0.1696
risk,1886,0.1461
risk,1887,0.1268
risk,1888,0.0884
risk,1889,0.0877
risk,1890,0.0929
risk,1891,0.5274
risk,1892,0.0881
risk,1893,0.1029
risk,1894,0.0856
risk,1895,0.1424
risk,1896,0.0851
risk,1897,0.1734
risk,1898,0.0919
risk,1899,0.0886
risk,1900,0.9882
risk,1901,0.0811
risk,1902,0.0833
risk,1903,0.1000
risk,1904,0.0864
risk,1905,0.0849
risk,1906,0.0841
risk,1907,0.0852
risk,1908,0.0850
risk,1909,0.0821
risk,1910,0.1655
risk,1911,0.0855
risk,1912,0.0868
risk,1913,0.1169
risk,1914,0.1040
risk,1915,0.0857
risk,1916,0.0854
risk,1917,0.0839
risk,1918,0.0824
risk,1919,0.0906
risk,1920,0.0834
risk,1921,0.0826
risk,1922,0.0845
risk,1923,0.0838
risk,1924,0.0844
risk,1925,0.0858
risk,1926,0.0877
risk,1927,0.0854
risk,1928,0.0860
risk,1929,0.0846
risk,1930,0.0896
risk,1931,0.0897
risk,1932,0.0928
risk,1933,0.0850
risk,1934,0.0820
risk,1935,0.0842
risk,1936,0.0837
risk,1937,0.0828
risk,1938,0.0852
risk,1939,0.0820
risk,1940,0.0830
risk,1941,0.0846
risk,1942,0.0845
risk,1943,0.0907
risk,1944,0.0858
risk,1945,0.0832
risk,1946,0.0844
risk,1947,0.0843
risk,1948,0.0851
risk,1949,0.0857
risk,1950,0.0829
risk,1951,0.0857
risk,1952,0.0825
risk,1953,0.0889
risk,1954,0.0871
risk,1955,0.0843
risk,1956,0.0829
risk,1957,0.0804
risk,1958,0.0884
risk,1959,0.0862
risk,1960,0.0832
risk,1961,0.0895
risk,1962,0.0832
risk,1963,0.0834
risk,1964,0.0817
risk,1965,0.0843
risk,1966,0.2052
risk,1967,0.0939
risk,1968,0.0839
risk,1969,0.0838
risk,1970,0.0832
risk,1971,0.0838
risk,1972,0.0884
risk,1973,0.0825
risk,1974,0.0843
risk,1975,0.0851
risk,1976,0.0856
risk,1977,0.0833
risk,1978,0.0831
risk,1979,0.0865
risk,1980,0.0846
risk,1981,0.0771
risk,1982,0.0836
risk,1983,0.0829
risk,1984,0.0836
risk,1985,0.0843
risk,1986,0.0823
risk,1987,0.0867
risk,1988,0.0899
risk,1989,0.0849
risk,1990,0.0839
risk,1991,0.0842
risk,1992,0.0839
risk,1993,0.0850
risk,1994,0.0839
risk,1995,0.0992
risk,1996,0.1104
risk,1997,0.0845
risk,1998,0.0835
risk,1999,0.0811
risk,2000,0.0931
risk,2001,0.0838
risk,2002,1.5211
risk,2003,0.2271
risk,2004,0.1048
risk,2005,0.0976
risk,2006,0.0820
risk,2007,0.0831
risk,2008,0.0843
risk,2009,0.0943
risk,2010,0.0867
risk,2011,0.0858
risk,2012,0.0828
risk,2013,0.0884
risk,2014,0.1792
risk,2015,0.0954
risk,2016,0.1464
risk,2017,0.0944
risk,2018,0.0843
risk,2019,0.0839
risk,2020,0.0845
risk,2021,0.0823
risk,2022,0.0820
risk,2023,0.0823
risk,2024,0.0834
risk,2025,0.0845
risk,2026,0.0933
risk,2027,0.0844
risk,2028,0.0817
risk,2029,1.6210
risk,2030,0.0858
risk,2031,0.6949
risk,2032,0.0931
risk,2033,0.0869
risk,2034,0.0873
risk,2035,0.0896
risk,2036,0.0863
risk,2037,0.0853
risk,2038,0.0864
risk,2039,0.1040
risk,2040,0.2267
risk,2041,0.1945
risk,2042,0.0856
risk,2043,0.0840
risk,2044,0.0842
risk,2045,0.0863
risk,2046,0.0858
risk,2047,0.1302
risk,2048,0.1673
risk,2049,0.1839
risk,2050,0.1071
risk,2051,0.1049
risk,2052,0.0991
risk,2053,0.0840
risk,2054,0.0846
risk,2055,0.0841
risk,2056,0.0857
risk,2057,0.0842
risk,2058,0.0945
risk,2059,0.0822
risk,2060,0.0830
risk,2061,0.0840
risk,2062,0.0817
risk,2063,0.0834
risk,2064,0.0850
risk,2065,0.0969
risk,2066,0.0948
risk,2067,0.0880
risk,2068,0.0893
risk,2069,0.0835
risk,2070,0.0866
risk,2071,0.0828
risk,2072,0.0879
risk,2073,0.0850
risk,2074,0.0837
risk,2075,0.0835
risk,2076,0.0829
risk,2077,0.0824
risk,2078,0.0861
risk,2079,0.0860
risk,2080,0.0814
risk,2081,0.0844
risk,2082,0.0831
risk,2083,0.0833
risk,2084,0.0824
risk,2085,0.0841
risk,2086,0.0836
risk,2087,0.0828
risk,2088,0.0807
risk,2089,0.0986
risk,2090,0.1787
risk,2091,0.1645
risk,2092,0.1328
risk,2093,0.0929
risk,2094,0.0908
risk,2095,0.0874
risk,2096,0.0868
risk,2097,0.0829
risk,2098,0.0835
risk,2099,0.0885
risk,2100,0.0830
risk,2101,0.0838
risk,2102,0.0845
risk,2103,0.0858
risk,2104,0.0843
risk,2105,0.0851
risk,2106,0.0835
risk,2107,0.0840
risk,2108,0.0833
risk,2109,0.0964
risk,2110,0.0845
risk,2111,0.0841
risk,2112,0.0873
risk,2113,1.4910
risk,2114,0.2297
risk,2115,0.2610
risk,2116,0.1693
risk,2117,0.1162
risk,2118,0.1104
risk,2119,0.0868
risk,2120,0.0876
risk,2121,0.0865
risk,2122,0.0847
risk,2123,0.0940
risk,2124,0.0836
risk,2125,0.4996
risk,2126,0.7836
risk,2127,0.0817
risk,2128,0.0826
risk,2129,0.0862
risk,2130,0.0983
risk,2131,0.1581
risk,2132,0.0919
risk,2133,0.0844
risk,2134,0.0839
risk,2135,0.0821
risk,2136,0.0824
risk,2137,0.0831
risk,2138,0.0840
risk,2139,0.0819
risk,2140,0.0822
risk,2141,0.0854
risk,2142,0.0867
risk,2143,0.0862
risk,2144,0.0821
risk,2145,0.0900
risk,2146,0.0842
risk,2147,0.0856
risk,2148,0.0811
risk,2149,0.0836
risk,2150,0.0807
risk,2151,0.1354
risk,2152,0.0938
risk,2153,0.0848
risk,2154,0.0840
risk,2155,0.0841
risk,2156,0.0863
risk,2157,0.0828
risk,2158,0.0831
risk,2159,0.0857
risk,2160,0.0863
risk,2161,0.0860
risk,2162,0.0874
risk,2163,0.0858
risk,2164,0.0856
risk,2165,0.0841
risk,2166,0.0830
risk,2167,0.0856
risk,2168,0.1307
risk,2169,0.0858
risk,2170,0.0872
risk,2171,0.0936
risk,2172,0.0864
risk,2173,0.0872
risk,2174,0.0854
risk,2175,0.0920
risk,2176,0.0827
risk,2177,0.0812
risk,2178,0.0805
risk,2179,0.0856
risk,2180,0.0833
risk,2181,0.0874
risk,2182,0.0921
risk,2183,0.0811
risk,2184,0.0851
risk,2185,0.0861
risk,2186,0.0863
risk,2187,0.0858
risk,2188,0.0828
risk,2189,0.0896
risk,2190,0.1310
risk,2191,0.0867
risk,2192,0.0829
risk,2193,0.0823
risk,2194,0.0824
risk,2195,0.0803
risk,2196,0.0903
risk,2197,0.0842
risk,2198,0.0879
risk,2199,0.0851
risk,2200,0.0859
risk,2201,0.0846
risk,2202,0.1249
risk,2203,0.0938
risk,2204,0.0839
risk,2205,0.0843
risk,2206,0.0867
risk,2207,0.0852
risk,2208,0.0836
risk,2209,0.0837
risk,2210,0.0849
risk,2211,0.0869
risk,2212,0.0829
risk,2213,0.1300
risk,2214,0.1025
risk,2215,0.1106
risk,2216,0.0833
risk,2217,0.0853
risk,2218,0.0834
risk,2219,0.0830
risk,2220,0.0836
risk,2221,0.0844
risk,2222,0.0822
risk,2223,0.0826
risk,2224,0.0827
risk,2225,0.0838
risk,2226,0.0824
risk,2227,0.0819
risk,2228,0.0843
risk,2229,0.0838
risk,2230,0.0880
risk,2231,0.0860
risk,2232,0.1205
risk,2233,0.0815
risk,2234,2.4607
risk,2235,0.1686
risk,2236,0.4877
risk,2237,0.1614
risk,2238,0.1426
risk,2239,0.1492
risk,2240,0.7021
risk,2241,0.0865
risk,2242,0.0988
risk,2243,0.0828
risk,2244,0.0870
risk,2245,0.0839
risk,2246,0.0897
risk,2247,0.0849
risk,2248,0.0822
risk,2249,0.0816
risk,2250,0.0810
risk,2251,0.0838
risk,2252,0.0828
risk,2253,0.0927
risk,2254,0.0841
risk,2255,0.0821
risk,2256,0.0840
risk,2257,0.0818
risk,2258,0.0818
risk,2259,0.0812
risk,2260,0.0821
risk,2261,0.0840
risk,2262,0.0883
risk,2263,0.0833
risk,2264,0.0855
risk,2265,0.0812
risk,2266,0.0862
risk,2267,0.0843
risk,2268,0.0817
risk,2269,0.0832
risk,2270,0.0829
risk,2271,0.0915
risk,2272,0.0819
risk,2273,0.0870
risk,2274,0.0943
risk,2275,0.0821
risk,2276,0.0856
risk,2277,0.0919
risk,2278,0.0971
risk,2279,0.0867
risk,2280,0.0843
risk,2281,0.0873
risk,2282,0.0839
risk,2283,0.0950
risk,2284,0.0910
risk,2285,0.0833
risk,2286,0.0829
risk,2287,0.0824
risk,2288,0.0843
risk,2289,0.0852
risk,2290,0.0827
risk,2291,0.0846
risk,2292,0.1000
risk,2293,0.0841
risk,2294,0.0837
risk,2295,0.0831
risk,2296,0.0851
risk,2297,0.0812
risk,2298,0.1019
risk,2299,0.0814
risk,2300,0.1030
risk,2301,0.0857
risk,2302,0.0831
risk,2303,0.0838
risk,2304,0.0826
risk,2305,0.0826
risk,2306,0.0889
risk,2307,0.0852
risk,2308,0.1299
risk,2309,0.0984
risk,2310,0.0880
risk,2311,0.0877
risk,2312,0.1010
risk,2313,0.1462
risk,2314,0.1653
risk,2315,0.1395
risk,2316,0.1126
risk,2317,0.0936
risk,2318,0.0863
risk,2319,0.0907
risk,2320,0.0878
risk,2321,0.0868
risk,2322,0.0849
risk,2323,0.0864
risk,2324,0.0992
risk,2325,0.0870
risk,2326,0.0882
risk,2327,0.0869
risk,2328,0.0891
risk,2329,0.0844
risk,2330,0.0863
risk,2331,0.0849
risk,2332,0.0856
risk,2333,0.0838
risk,2334,0.0837
risk,2335,0.0835
risk,2336,0.0843
risk,2337,0.0888
risk,2338,0.0859
risk,2339,0.0862
risk,2340,0.0829
risk,2341,0.0846
risk,2342,0.0848
risk,2343,0.0883
risk,2344,0.0839
risk,2345,0.0865
risk,2346,0.0844
risk,2347,0.0896
risk,2348,0.0854
risk,2349,0.0859
risk,2350,0.0840
risk,2351,0.0882
risk,2352,0.0874
risk,2353,0.0844
risk,2354,0.0872
risk,2355,0.0854
risk,2356,0.0845
risk,2357,0.0853
risk,2358,0.0864
risk,2359,0.0936
risk,2360,0.0889
risk,2361,0.0883
risk,2362,0.0827
risk,2363,0.0882
risk,2364,0.0850
risk,2365,0.0870
risk,2366,0.0848
risk,2367,0.0910
risk,2368,0.0843
risk,2369,0.0844
risk,2370,0.1089
risk,2371,0.1895
risk,2372,0.4906
risk,2373,0.3715
risk,2374,0.1128
risk,2375,0.0978
risk,2376,0.1393
risk,2377,0.0979
risk,2378,0.0901
risk,2379,0.1404
risk,2380,0.0984
risk,2381,0.0863
risk,2382,0.0866
risk,2383,0.0885
risk,2384,0.5395
risk,2385,0.9048
risk,2386,0.0852
risk,2387,1.0822
risk,2388,0.0882
risk,2389,0.0837
risk,2390,0.0849
risk,2391,0.0842
risk,2392,0.0844
risk,2393,0.0854
risk,2394,0.0948
risk,2395,0.0897
risk,2396,0.0855
risk,2397,0.0851
risk,2398,0.0946
risk,2399,0.0842
risk,2400,0.0894
risk,2401,0.0844
risk,2402,0.1075
risk,2403,0.1519
risk,2404,0.1693
risk,2405,0.0923
risk,2406,0.0921
risk,2407,0.0854
risk,2408,0.0828
risk,2409,0.1427
risk,2410,0.0840
risk,2411,0.0839
risk,2412,0.0852
risk,2413,0.0862
risk,2414,0.0810
risk,2415,0.0803
risk,2416,0.0824
risk,2417,0.1428
risk,2418,0.1710
risk,2419,0.0933
risk,2420,0.0861
risk,2421,0.0916
risk,2422,0.0864
risk,2423,0.0958
risk,2424,0.1045
risk,2425,0.0841
risk,2426,0.0817
risk,2427,0.0851
risk,2428,0.0972
risk,2429,0.0837
risk,2430,0.0832
risk,2431,0.0838
risk,2432,0.0818
risk,2433,0.0828
risk,2434,0.0831
risk,2435,0.0827
risk,2436,0.0811
risk,2437,0.0840
risk,2438,0.0925
risk,2439,0.0838
risk,2440,0.0789
risk,2441,0.0831
risk,2442,0.1087
risk,2443,0.0841
risk,2444,0.0812
risk,2445,0.0857
risk,2446,0.0817
risk,2447,0.0825
risk,2448,0.0813
risk,2449,0.0885
risk,2450,0.0858
risk,2451,0.0892
risk,2452,0.0841
risk,2453,0.0829
risk,2454,0.0843
risk,2455,0.0864
risk,2456,0.0838
risk,2457,0.0840
risk,2458,0.0827
risk,2459,0.0846
risk,2460,0.0858
risk,2461,0.0899
risk,2462,0.0899
risk,2463,0.0849
risk,2464,0.0868
risk,2465,0.0844
risk,2466,0.1177
risk,2467,0.0859
risk,2468,0.0831
risk,2469,0.1106
risk,2470,0.0853
risk,2471,0.0860
risk,2472,0.0850
risk,2473,0.0903
risk,2474,0.0878
risk,2475,0.0832
risk,2476,0.0819
risk,2477,0.0846
risk,2478,0.0832
risk,2479,0.0863
risk,2480,0.0846
risk,2481,0.0837
risk,2482,0.1033
risk,2483,0.0865
risk,2484,0.0946
risk,2485,0.1011
risk,2486,0.0846
risk,2487,0.0832
risk,2488,0.1145
risk,2489,0.0930
risk,2490,0.0849
risk,2491,0.0857
risk,2492,0.1718
risk,2493,0.1751
risk,2494,0.3713
risk,2495,0.3391
risk,2496,0.2242
risk,2497,0.2766
risk,2498,0.1035
risk,2499,0.0918
risk,2500,0.0851
risk,2501,0.0875
risk,2502,0.0986
risk,2503,0.0807
risk,2504,0.5346
risk,2505,0.7994
risk,2506,0.0814
risk,2507,0.2232
risk,2508,0.0855
risk,2509,0.0882
risk,2510,0.0819
risk,2511,0.0963
risk,2512,0.0850
risk,2513,0.0877
risk,2514,0.0883
risk,2515,0.0889
risk,2516,0.0842
risk,2517,0.1000
risk,2518,0.1160
risk,2519,0.0825
risk,2520,0.0824
risk,2521,0.0827
risk,2522,0.0844
risk,2523,0.0919
risk,2524,0.0821
risk,2525,0.0817
risk,2526,0.0844
risk,2527,0.0825
risk,2528,0.0832
risk,2529,0.1157
risk,2530,0.0838
risk,2531,0.0834
risk,2532,0.0820
risk,2533,0.0857
risk,2534,0.0840
risk,2535,0.0933
risk,2536,0.0809
risk,2537,0.0889
risk,2538,0.0848
risk,2539,0.0808
risk,2540,0.0808
risk,2541,0.0823
risk,2542,0.0804
risk,2543,0.0796
risk,2544,0.0776
risk,2545,0.0779
risk,2546,0.0788
risk,2547,0.1370
risk,2548,0.0828
risk,2549,0.0956
risk,2550,0.0857
risk,2551,0.0799
risk,2552,0.0886
risk,2553,0.0865
risk,2554,0.0848
risk,2555,0.0882
risk,2556,0.0873
risk,2557,0.0844
risk,2558,0.0839
risk,2559,0.0845
risk,2560,0.0893
risk,2561,0.0846
risk,2562,0.0831
risk,2563,0.0800
risk,2564,0.0848
risk,2565,0.0833
risk,2566,0.0950
risk,2567,0.0858
risk,2568,0.0853
risk,2569,0.0958
risk,2570,0.0853
risk,2571,0.0913
risk,2572,0.0817
risk,2573,0.0859
risk,2574,0.1693
risk,2575,0.0879
risk,2576,0.0843
risk,2577,0.0827
risk,2578,0.0846
risk,2579,1.6025
risk,2580,0.0836
risk,2581,0.0814
risk,2582,0.0851
risk,2583,0.0807
risk,2584,0.0856
risk,2585,0.0859
risk,2586,0.0857
risk,2587,0.0836
risk,2588,0.0856
risk,2589,0.0965
risk,2590,0.0873
risk,2591,0.0808
risk,2592,0.0852
risk,2593,0.0818
risk,2594,0.0879
risk,2595,0.0831
risk,2596,0.0953
risk,2597,0.0821
risk,2598,1.6767
risk,2599,0.3383
risk,2600,0.1008
risk,2601,0.0865
risk,2602,0.0832
risk,2603,0.0879
risk,2604,0.0833
risk,2605,0.0999
risk,2606,0.0841
risk,2607,0.0805
risk,2608,0.4988
risk,2609,0.0833
risk,2610,0.0819
risk,2611,1.5591
risk,2612,0.0910
risk,2613,0.0841
risk,2614,0.0896
risk,2615,0.0844
risk,2616,0.0840
risk,2617,0.0841
risk,2618,0.0871
risk,2619,0.1318
risk,2620,0.0931
risk,2621,0.0824
risk,2622,0.0814
risk,2623,0.0836
risk,2624,0.0827
risk,2625,0.0839
risk,2626,0.0997
risk,2627,0.0828
risk,2628,0.0851
risk,2629,0.0824
risk,2630,0.0817
risk,2631,0.0824
risk,2632,0.0942
risk,2633,0.0821
risk,2634,0.0812
risk,2635,0.0814
risk,2636,0.0830
risk,2637,0.0810
risk,2638,0.1055
risk,2639,0.0859
risk,2640,0.0844
risk,2641,0.0819
risk,2642,0.0823
risk,2643,0.0848
risk,2644,0.0995
risk,2645,0.0818
risk,2646,0.0815
risk,2647,0.0829
risk,2648,0.0820
risk,2649,0.0812
risk,2650,0.0923
risk,2651,0.0946
risk,2652,0.0828
risk,2653,0.0856
risk,2654,0.0831
risk,2655,0.0826
risk,2656,0.0921
risk,2657,0.0901
risk,2658,0.0844
risk,2659,0.0823
risk,2660,0.0815
risk,2661,0.0825
risk,2662,0.0957
risk,2663,0.0897
risk,2664,0.0811
risk,2665,0.0831
risk,2666,0.0821
risk,2667,0.0804
risk,2668,0.0819
risk,2669,0.0950
risk,2670,0.0829
risk,2671,0.0840
risk,2672,0.0798
risk,2673,0.0839
risk,2674,0.0816
risk,2675,0.0982
risk,2676,0.0808
risk,2677,0.0821
risk,2678,0.0817
risk,2679,0.0824
risk,2680,0.0821
risk,2681,0.1582
risk,2682,0.0831
risk,2683,0.0839
risk,2684,0.0820
risk,2685,0.0820
risk,2686,0.0835
risk,2687,0.0979
risk,2688,0.0819
risk,2689,0.0813
risk,2690,0.0807
risk,2691,0.0812
risk,2692,0.0825
risk,2693,0.0994
risk,2694,0.0803
risk,2695,0.0817
risk,2696,0.0818
risk,2697,0.0814
risk,2698,0.0818
risk,2699,0.0996
risk,2700,0.0875
risk,2701,0.0833
risk,2702,0.0818
risk,2703,0.0816
risk,2704,0.0828
risk,2705,0.0811
risk,2706,0.0958
risk,2707,0.0811
risk,2708,0.0839
risk,2709,0.1062
risk,2710,0.0810
risk,2711,0.0799
risk,2712,0.0913
risk,2713,0.0797
risk,2714,0.0815
risk,2715,0.0826
risk,2716,0.0816
risk,2717,0.0805
risk,2718,0.0965
risk,2719,0.0830
risk,2720,1.4082
risk,2721,0.2030
risk,2722,0.1820
risk,2723,0.0983
risk,2724,0.0903
risk,2725,0.1222
risk,2726,0.0848
risk,2727,0.0886
risk,2728,0.0861
risk,2729,0.0835
risk,2730,0.0857
risk,2731,0.0840
risk,2732,0.0819
risk,2733,0.0816
risk,2734,0.0831
risk,2735,0.0830
risk,2736,0.5260
risk,2737,0.8054
risk,2738,0.0844
risk,2739,0.0832
risk,2740,0.0815
risk,2741,0.0852
risk,2742,0.0817
risk,2743,0.1374
risk,2744,0.1053
risk,2745,0.0899
risk,2746,0.2453
risk,2747,0.0936
risk,2748,0.0893
risk,2749,0.0831
risk,2750,0.0827
risk,2751,0.0816
risk,2752,0.0820
risk,2753,0.0832
risk,2754,0.0824
risk,2755,0.0836
risk,2756,0.0837
risk,2757,0.0838
risk,2758,0.0841
risk,2759,0.0830
risk,2760,0.0823
risk,2761,0.0833
risk,2762,0.0845
risk,2763,0.0836
risk,2764,0.0837
risk,2765,0.0901
risk,2766,0.0835
risk,2767,0.0844
risk,2768,0.0826
risk,2769,0.0796
risk,2770,0.0825
risk,2771,0.0805
risk,2772,0.0815
risk,2773,0.0807
risk,2774,0.0837
risk,2775,0.0823
risk,2776,0.0816
risk,2777,0.0827
risk,2778,0.0829
risk,2779,0.0818
risk,2780,0.0863
risk,2781,0.0821
risk,2782,0.0805
risk,2783,0.0796
risk,2784,0.0810
risk,2785,0.0810
risk,2786,0.0819
risk,2787,0.0834
risk,2788,0.0833
risk,2789,0.0875
risk,2790,0.0821
risk,2791,0.0821
risk,2792,0.0909
risk,2793,0.0831
risk,2794,0.0811
risk,2795,0.0814
risk,2796,0.0821
risk,2797,0.0845
risk,2798,0.0826
risk,2799,0.0809
risk,2800,0.0815
risk,2801,0.0814
risk,2802,0.0808
risk,2803,0.0826
risk,2804,0.0869
risk,2805,0.0845
risk,2806,0.0832
risk,2807,0.0804
risk,2808,0.0824
risk,2809,0.0820
risk,2810,0.0823
risk,2811,0.0822
risk,2812,0.0815
risk,2813,0.0883
risk,2814,0.0827
risk,2815,0.0809
risk,2816,0.0817
risk,2817,0.0823
risk,2818,0.0813
risk,2819,0.0801
risk,2820,0.0825
risk,2821,0.0817
risk,2822,0.0831
risk,2823,0.0817
risk,2824,0.0812
risk,2825,0.0834
risk,2826,0.0818
risk,2827,0.0799
risk,2828,0.0838
risk,2829,0.0811
risk,2830,0.0810
risk,2831,0.0825
risk,2832,0.0819
risk,2833,0.0806
risk,2834,0.0797
risk,2835,0.0822
risk,2836,0.0810
risk,2837,0.0820
risk,2838,0.0850
risk,2839,0.0831
risk,2840,0.0863
risk,2841,0.0808
risk,2842,0.0827
risk,2843,0.0832
risk,2844,0.0817
risk,2845,0.0824
risk,2846,0.0891
risk,2847,0.0823
risk,2848,0.0819
risk,2849,0.0803
risk,2850,0.0818
risk,2851,0.0817
risk,2852,0.0868
risk,2853,2.5458
risk,2854,0.5084
risk,2855,0.7955
risk,2856,0.0841
risk,2857,0.1384
risk,2858,0.0886
risk,2859,0.0812
risk,2860,0.0828
risk,2861,0.0812
risk,2862,0.0837
risk,2863,0.0825
risk,2864,0.0807
risk,2865,0.0796
risk,2866,0.0806
risk,2867,0.0828
risk,2868,0.0902
risk,2869,0.0818
risk,2870,0.0831
risk,2871,0.0815
risk,2872,0.0837
risk,2873,0.0819
risk,2874,0.0819
risk,2875,0.0810
risk,2876,0.0816
risk,2877,0.0816
risk,2878,0.0817
risk,2879,0.0814
risk,2880,0.0908
risk,2881,0.0846
risk,2882,0.0808
risk,2883,0.0806
risk,2884,0.0802
risk,2885,0.0836
risk,2886,0.0819
risk,2887,0.0821
risk,2888,0.0804
risk,2889,0.0810
risk,2890,0.0803
risk,2891,0.0840
risk,2892,0.0810
risk,2893,0.3027
risk,2894,0.1943
risk,2895,0.0986
risk,2896,0.1029
risk,2897,0.0958
risk,2898,0.0931
risk,2899,0.1851
risk,2900,0.1426
risk,2901,0.0898
risk,2902,0.0954
risk,2903,0.0929
risk,2904,0.0994
risk,2905,0.1701
risk,2906,0.1040
risk,2907,0.0816
risk,2908,0.0877
risk,2909,0.0827
risk,2910,0.0821
risk,2911,0.0835
risk,2912,0.0820
risk,2913,0.0800
risk,2914,0.0801
risk,2915,0.0808
risk,2916,0.0828
risk,2917,0.2128
risk,2918,0.0858
risk,2919,0.0869
risk,2920,0.0815
risk,2921,0.0811
risk,2922,0.0804
risk,2923,0.0816
risk,2924,0.0814
risk,2925,0.0813
risk,2926,0.0815
risk,2927,0.0823
risk,2928,0.0804
risk,2929,0.0931
risk,2930,0.0837
risk,2931,0.1050
risk,2932,0.0862
risk,2933,0.0824
risk,2934,0.0841
risk,2935,0.0826
risk,2936,0.0808
risk,2937,0.0841
risk,2938,0.1029
risk,2939,0.0932
risk,2940,0.0814
risk,2941,0.1031
risk,2942,0.0881
risk,2943,0.0900
risk,2944,0.0833
risk,2945,0.0824
risk,2946,0.0838
risk,2947,0.0875
risk,2948,0.0795
risk,2949,0.0824
risk,2950,0.0822
risk,2951,0.0832
risk,2952,0.0817
risk,2953,0.0836
risk,2954,0.0834
risk,2955,0.0850
risk,2956,0.0853
risk,2957,0.0852
risk,2958,0.0860
risk,2959,0.0890
risk,2960,0.1743
risk,2961,0.0963
risk,2962,0.0881
risk,2963,0.0822
risk,2964,0.0803
risk,2965,0.0824
risk,2966,0.0830
risk,2967,0.0812
risk,2968,0.0799
risk,2969,0.0864
risk,2970,1.2166
risk,2971,0.1445
risk,2972,0.1139
risk,2973,0.0950
risk,2974,0.0877
risk,2975,0.0883
risk,2976,0.1500
risk,2977,0.2416
risk,2978,0.1325
risk,2979,0.1062
risk,2980,0.0882
risk,2981,0.1024
risk,2982,0.1115
risk,2983,0.4244
risk,2984,0.0777
risk,2985,0.1441
risk,2986,0.7130
risk,2987,0.9558
risk,2988,0.7292
risk,2989,0.0962
risk,2990,0.0902
risk,2991,0.0900
risk,2992,0.1936
risk,2993,0.0872
risk,2994,0.1527
risk,2995,0.0859
risk,2996,0.1445
risk,2997,0.0895
risk,2998,0.0943
risk,2999,0.0921
risk,3000,0.1123
risk,3001,0.1473
risk,3002,0.0840
risk,3003,0.0842
risk,3004,0.0906
risk,3005,0.0855
risk,3006,0.0863
risk,3007,0.1422
risk,3008,0.0832
risk,3009,0.0825
risk,3010,0.0848
risk,3011,0.0819
risk,3012,0.1837
risk,3013,0.0849
risk,3014,0.0898
risk,3015,0.1394
risk,3016,0.0862
risk,3017,0.0953
risk,3018,0.1549
risk,3019,0.0952
risk,3020,0.1804
risk,3021,0.1860
risk,3022,0.1004
risk,3023,0.1035
risk,3024,0.1425
risk,3025,0.1712
risk,3026,0.0863
risk,3027,0.0857
risk,3028,0.0896
risk,3029,0.0823
risk,3030,0.1391
risk,3031,0.0891
risk,3032,0.0820
risk,3033,0.0888
risk,3034,0.0810
risk,3035,0.0838
risk,3036,0.1011
risk,3037,0.0798
risk,3038,0.0824
risk,3039,0.0804
risk,3040,0.0807
risk,3041,0.0840
risk,3042,0.0837
risk,3043,0.0827
risk,3044,0.0816
risk,3045,0.0827
risk,3046,0.0811
risk,3047,0.0821
risk,3048,0.0816
risk,3049,0.0818
risk,3050,0.0807
risk,3051,0.0818
risk,3052,0.0801
risk,3053,0.0821
risk,3054,0.0944
risk,3055,0.0893
risk,3056,0.0837
risk,3057,0.0827
risk,3058,0.0786
risk,3059,0.0810
risk,3060,0.0821
risk,3061,0.0818
risk,3062,0.0827
risk,3063,0.0821
risk,3064,0.0826
risk,3065,0.0827
risk,3066,0.0813
risk,3067,0.0817
risk,3068,0.0825
risk,3069,0.0835
risk,3070,0.0818
risk,3071,0.0818
risk,3072,0.0814
risk,3073,0.0977
risk,3074,2.7344
risk,3075,0.1208
risk,3076,0.0910
risk,3077,0.1689
risk,3078,0.3941
risk,3079,0.0881
risk,3080,0.0863
risk,3081,0.6892
risk,3082,0.0896
risk,3083,0.1098
risk,3084,0.0835
risk,3085,0.0939
risk,3086,0.0831
risk,3087,0.1448
risk,3088,0.0886
risk,3089,0.0846
risk,3090,0.0820
risk,3091,0.0932
risk,3092,0.0827
risk,3093,0.0826
risk,3094,0.0825
risk,3095,0.1214
risk,3096,0.0811
risk,3097,0.0802
risk,3098,0.0806
risk,3099,0.1448
risk,3100,0.0993
risk,3101,0.0823
risk,3102,0.0947
risk,3103,0.0835
risk,3104,0.0948
risk,3105,0.0825
risk,3106,0.1137
risk,3107,0.1057
risk,3108,0.1159
risk,3109,0.1684
risk,3110,0.0878
risk,3111,0.1515
risk,3112,0.1644
risk,3113,0.1118
risk,3114,0.1314
risk,3115,0.0981
risk,3116,0.0851
risk,3117,0.0869
risk,3118,0.0878
risk,3119,0.0858
risk,3120,0.0963
risk,3121,0.0866
risk,3122,0.0886
risk,3123,0.0846
risk,3124,0.0853
risk,3125,0.1159
risk,3126,0.1052
risk,3127,0.1529
risk,3128,0.1787
risk,3129,0.0896
risk,3130,0.1032
risk,3131,0.0977
risk,3132,0.0953
risk,3133,0.0779
risk,3134,0.1214
risk,3135,0.1077
risk,3136,0.0857
risk,3137,0.0828
risk,3138,0.0877
risk,3139,0.1039
risk,3140,0.0902
risk,3141,0.1667
risk,3142,0.0913
risk,3143,0.0938
risk,3144,0.3446
risk,3145,0.1924
risk,3146,0.1441
risk,3147,0.0899
risk,3148,0.0995
risk,3149,0.0909
risk,3150,0.0841
risk,3151,0.1086
risk,3152,0.0833
risk,3153,0.0921
risk,3154,0.0843
risk,3155,0.0828
risk,3156,0.0864
risk,3157,0.0827
risk,3158,0.0833
risk,3159,0.0807
risk,3160,0.0833
risk,3161,0.0837
risk,3162,0.0822
risk,3163,0.1147
risk,3164,0.0879
risk,3165,0.0825
risk,3166,0.0878
risk,3167,0.0828
risk,3168,0.0838
risk,3169,0.0823
risk,3170,0.0856
risk,3171,0.0846
risk,3172,0.0822
risk,3173,0.0846
risk,3174,0.1782
risk,3175,0.0821
risk,3176,0.1082
risk,3177,0.0936
risk,3178,0.0816
risk,3179,0.0834
risk,3180,0.1102
risk,3181,1.3562
risk,3182,0.2077
risk,3183,0.1111
risk,3184,0.0879
risk,3185,0.1141
risk,3186,0.1616
risk,3187,0.0918
risk,3188,0.1113
risk,3189,0.1084
risk,3190,0.1453
risk,3191,0.1849
risk,3192,0.0922
risk,3193,0.1159
risk,3194,0.0919
risk,3195,0.0859
risk,3196,0.0863
risk,3197,0.0850
risk,3198,0.0906
risk,3199,0.0860
risk,3200,0.0944
risk,3201,0.0850
risk,3202,0.6497
risk,3203,0.1019
risk,3204,0.0855
risk,3205,0.7123
risk,3206,0.1205
risk,3207,0.0847
risk,3208,0.1259
risk,3209,0.0854
risk,3210,0.0851
risk,3211,0.1056
risk,3212,0.1149
risk,3213,0.0877
risk,3214,0.0845
risk,3215,0.0830
risk,3216,0.0799
risk,3217,0.0818
risk,3218,0.0829
risk,3219,0.0904
risk,3220,0.0831
risk,3221,0.0829
risk,3222,0.0843
risk,3223,0.0792
risk,3224,0.0827
risk,3225,0.0831
risk,3226,0.0828
risk,3227,0.0831
risk,3228,0.0817
risk,3229,0.0909
risk,3230,0.0829
risk,3231,0.0870
risk,3232,0.0819
risk,3233,0.0833
risk,3234,0.0807
risk,3235,0.0936
risk,3236,0.0824
risk,3237,0.0825
risk,3238,0.0830
risk,3239,0.0827
risk,3240,0.0821
risk,3241,0.0817
risk,3242,0.0897
risk,3243,0.0850
risk,3244,0.0834
risk,3245,0.0826
risk,3246,0.0827
risk,3247,0.0814
risk,3248,0.0828
risk,3249,0.0823
risk,3250,0.0796
risk,3251,0.0843
risk,3252,0.0837
risk,3253,0.0830
risk,3254,0.0843
risk,3255,0.1496
risk,3256,0.0838
risk,3257,0.0836
risk,3258,0.0864
risk,3259,0.0851
risk,3260,0.0865
risk,3261,0.0831
risk,3262,0.0831
risk,3263,0.0824
risk,3264,0.0827
risk,3265,0.1788
risk,3266,0.0907
risk,3267,0.0858
risk,3268,0.0848
risk,3269,0.1337
risk,3270,0.0846
risk,3271,0.0868
risk,3272,0.1012
risk,3273,0.0858
risk,3274,0.0841
risk,3275,0.0957
risk,3276,0.0864
risk,3277,0.0870
risk,3278,0.0855
risk,3279,0.0858
risk,3280,0.0849
risk,3281,0.0846
risk,3282,0.0833
risk,3283,0.0837
risk,3284,0.0833
risk,3285,0.0873
risk,3286,0.0847
risk,3287,0.3319
risk,3288,0.1711
risk,3289,0.0910
risk,3290,0.0855
risk,3291,0.1114
risk,3292,0.0846
risk,3293,0.1012
risk,3294,0.0867
risk,3295,0.0880
risk,3296,0.0846
risk,3297,0.0927
risk,3298,0.0854
risk,3299,0.0879
risk,3300,0.0861
risk,3301,0.0854
risk,3302,0.0874
risk,3303,0.1002
risk,3304,0.0983
risk,3305,0.0844
risk,3306,0.0964
risk,3307,0.0865
risk,3308,0.0906
risk,3309,0.0866
risk,3310,0.0851
risk,3311,0.0924
risk,3312,0.0844
risk,3313,0.0807
risk,3314,0.0834
risk,3315,0.0960
risk,3316,0.0833
risk,3317,0.0824
risk,3318,0.1222
risk,3319,0.3092
risk,3320,0.0975
risk,3321,0.0913
risk,3322,0.1447
risk,3323,0.1453
risk,3324,0.1624
risk,3325,0.1932
risk,3326,0.0970
risk,3327,0.2086
risk,3328,0.1984
risk,3329,0.0909
risk,3330,0.0954
risk,3331,0.0981
risk,3332,0.0972
risk,3333,0.0880
risk,3334,0.0937
risk,3335,0.0932
risk,3336,0.2656
risk,3337,0.7628
risk,3338,0.0871
risk,3339,0.1927
risk,3340,0.0906
risk,3341,0.0970
risk,3342,0.0941
risk,3343,0.1431
risk,3344,0.0892
risk,3345,0.1473
risk,3346,0.1521
risk,3347,0.0850
risk,3348,0.0840
risk,3349,0.0862
risk,3350,0.0856
risk,3351,0.0874
risk,3352,0.0863
risk,3353,0.1828
risk,3354,0.1080
risk,3355,0.0857
risk,3356,0.0869
risk,3357,0.0832
risk,3358,0.0872
risk,3359,0.0866
risk,3360,0.0836
risk,3361,0.0861
risk,3362,0.0841
risk,3363,0.0907
risk,3364,0.0898
risk,3365,0.1866
risk,3366,0.1187
risk,3367,0.0961
risk,3368,0.0864
risk,3369,0.0986
risk,3370,0.1017
risk,3371,0.0887
risk,3372,0.1249
risk,3373,0.0892
risk,3374,0.0867
risk,3375,0.0857
risk,3376,0.0860
risk,3377,0.0883
risk,3378,0.0872
risk,3379,0.0874
risk,3380,0.0868
risk,3381,0.0887
risk,3382,0.0872
risk,3383,0.0861
risk,3384,0.0903
risk,3385,0.0863
risk,3386,0.7818
risk,3387,0.0895
risk,3388,0.0907
risk,3389,0.0877
risk,3390,0.0870
risk,3391,0.0873
risk,3392,0.0876
risk,3393,0.0862
risk,3394,0.1679
risk,3395,0.1025
risk,3396,0.0966
risk,3397,0.1603
risk,3398,0.1022
risk,3399,0.0858
risk,3400,0.0830
risk,3401,0.1326
risk,3402,0.1748
risk,3403,0.0844
risk,3404,0.1426
risk,3405,0.0893
risk,3406,0.0888
risk,3407,0.0852
risk,3408,0.0793
risk,3409,0.0822
risk,3410,0.0835
risk,3411,0.0879
risk,3412,0.0822
risk,3413,0.0818
risk,3414,0.0818
risk,3415,0.1088
risk,3416,0.0815
risk,3417,0.0815
risk,3418,0.2693
risk,3419,0.0920
risk,3420,0.0846
risk,3421,0.0872
risk,3422,0.0837
risk,3423,0.1661
risk,3424,1.9390
risk,3425,0.1119
risk,3426,0.0851
risk,3427,0.0855
risk,3428,0.3430
risk,3429,0.2523
risk,3430,0.1678
risk,3431,0.0867
risk,3432,0.0823
risk,3433,0.1205
risk,3434,0.1090
risk,3435,0.1630
risk,3436,0.1832
risk,3437,1.2481
risk,3438,0.1548
risk,3439,0.0924
risk,3440,0.0937
risk,3441,0.0867
risk,3442,0.1952
risk,3443,0.0860
risk,3444,0.0966
risk,3445,0.0906
risk,3446,0.0973
risk,3447,0.1488
risk,3448,0.6690
risk,3449,0.1893
risk,3450,0.1198
risk,3451,0.2031
risk,3452,0.0922
risk,3453,0.1085
risk,3454,0.1230
risk,3455,0.1578
risk,3456,0.0911
risk,3457,0.1036
risk,3458,0.1478
risk,3459,0.0935
risk,3460,0.0861
risk,3461,0.0857
risk,3462,0.0859
risk,3463,0.0854
risk,3464,0.0864
risk,3465,0.0859
risk,3466,0.1515
risk,3467,0.0838
risk,3468,0.0836
risk,3469,0.0808
risk,3470,0.0835
risk,3471,0.0854
risk,3472,0.0819
risk,3473,0.0803
risk,3474,0.1817
risk,3475,0.0829
risk,3476,0.0814
risk,3477,0.0837
risk,3478,0.0825
risk,3479,0.1785
risk,3480,0.0814
risk,3481,0.0883
risk,3482,0.0819
risk,3483,0.0818
risk,3484,0.0821
risk,3485,0.0806
risk,3486,0.0824
risk,3487,0.0829
risk,3488,0.0827
risk,3489,0.0818
risk,3490,0.0839
risk,3491,0.0871
risk,3492,0.0840
risk,3493,0.0921
risk,3494,0.0854
risk,3495,0.0834
risk,3496,0.0839
risk,3497,0.1788
risk,3498,0.0917
risk,3499,0.0847
risk,3500,0.0835
risk,3501,0.0828
risk,3502,0.0834
risk,3503,0.0920
risk,3504,0.0836
risk,3505,0.0847
risk,3506,0.0833
risk,3507,0.0820
risk,3508,0.0849
risk,3509,0.0840
risk,3510,0.5021
risk,3511,0.4255
risk,3512,0.0880
risk,3513,0.1122
risk,3514,0.1021
risk,3515,0.1068
risk,3516,0.1053
risk,3517,0.1505
risk,3518,0.1240
risk,3519,0.1384
risk,3520,0.1430
risk,3521,0.0893
risk,3522,0.1098
risk,3523,0.0937
risk,3524,0.0822
risk,3525,0.3356
risk,3526,0.1176
risk,3527,0.1595
risk,3528,0.0857
risk,3529,0.0831
risk,3530,0.0833
risk,3531,0.1591
risk,3532,0.4163
risk,3533,0.2016
risk,3534,0.1724
risk,3535,0.2449
risk,3536,0.2120
risk,3537,0.1427
risk,3538,0.3147
risk,3539,0.1079
risk,3540,0.1607
risk,3541,0.1065
risk,3542,0.0876
risk,3543,0.1210
risk,3544,0.0842
risk,3545,0.1776
risk,3546,0.6249
risk,3547,0.0879
risk,3548,3.1390
risk,3549,0.1727
risk,3550,0.0945
risk,3551,0.0880
risk,3552,0.0929
risk,3553,0.0868
risk,3554,0.1503
risk,3555,0.0870
risk,3556,0.0857
risk,3557,0.0858
risk,3558,0.1748
risk,3559,0.0878
risk,3560,0.0853
risk,3561,0.0839
risk,3562,0.0845
risk,3563,0.1450
risk,3564,0.0858
risk,3565,0.0860
risk,3566,0.1463
risk,3567,0.0922
risk,3568,0.0968
risk,3569,0.1102
risk,3570,0.0860
risk,3571,0.0843
risk,3572,0.0853
risk,3573,0.0877
risk,3574,0.0889
risk,3575,0.0859
risk,3576,0.0858
risk,3577,0.1860
risk,3578,0.0870
risk,3579,0.0869
risk,3580,0.1468
risk,3581,0.0860
risk,3582,0.0846
risk,3583,0.0863
risk,3584,0.0872
risk,3585,0.0853
risk,3586,0.0853
risk,3587,0.0885
risk,3588,0.0863
risk,3589,0.0834
risk,3590,0.0855
risk,3591,0.0874
risk,3592,0.0864
risk,3593,0.0852
risk,3594,0.0878
risk,3595,0.0931
risk,3596,0.0853
risk,3597,0.1153
risk,3598,0.0876
risk,3599,0.0866
risk,3600,0.0883
risk,3601,0.0888
risk,3602,0.0930
risk,3603,0.0858
risk,3604,0.0858
risk,3605,0.0874
risk,3606,0.0845
risk,3607,0.0855
risk,3608,0.0839
risk,3609,0.0867
risk,3610,2.3463
risk,3611,0.2715
risk,3612,0.1398
risk,3613,0.1071
risk,3614,1.4712
risk,3615,0.1601
risk,3616,0.1348
risk,3617,0.0878
risk,3618,0.1551
risk,3619,0.1609
risk,3620,0.0893
risk,3621,0.0958
risk,3622,0.1190
risk,3623,0.1454
risk,3624,0.0894
risk,3625,0.1753
risk,3626,0.1466
risk,3627,0.1187
risk,3628,0.0960
risk,3629,0.1877
risk,3630,0.1485
risk,3631,0.0852
risk,3632,0.1416
risk,3633,0.1430
risk,3634,0.0913
risk,3635,0.1498
risk,3636,0.1147
risk,3637,0.0862
risk,3638,0.0859
risk,3639,0.2039
risk,3640,0.0882
risk,3641,0.0829
risk,3642,0.1388
risk,3643,0.0876
risk,3644,0.1489
risk,3645,0.1324
risk,3646,0.1635
risk,3647,0.1435
risk,3648,0.1616
risk,3649,0.0904
risk,3650,0.1557
risk,3651,0.0944
risk,3652,0.0960
risk,3653,0.2179
risk,3654,0.1152
risk,3655,0.0937
risk,3656,0.2150
risk,3657,0.1451
risk,3658,0.0925
risk,3659,0.1630
risk,3660,0.0941
risk,3661,0.1971
risk,3662,0.1685
risk,3663,0.1108
risk,3664,1.4006
risk,3665,0.0891
risk,3666,0.1262
risk,3667,0.0854
risk,3668,0.0872
risk,3669,0.1030
risk,3670,0.0874
risk,3671,0.0895
risk,3672,0.0852
risk,3673,0.0921
risk,3674,0.0888
risk,3675,0.0888
risk,3676,0.0925
risk,3677,0.0869
risk,3678,0.0853
risk,3679,0.0871
risk,3680,0.0848
risk,3681,0.0872
risk,3682,0.0915
risk,3683,0.0879
risk,3684,0.1094
risk,3685,0.0963
risk,3686,0.1233
risk,3687,1.5148
risk,3688,0.2594
risk,3689,0.2899
risk,3690,0.1122
risk,3691,0.0881
risk,3692,0.0846
risk,3693,0.0936
risk,3694,0.0908
risk,3695,0.0889
risk,3696,0.0837
risk,3697,0.0825
risk,3698,0.0835
risk,3699,0.0818
risk,3700,0.0817
risk,3701,0.4789
risk,3702,0.0949
risk,3703,0.0829
risk,3704,0.0988
risk,3705,0.0890
risk,3706,0.3090
risk,3707,0.1469
risk,3708,0.8724
risk,3709,0.0873
risk,3710,0.0835
risk,3711,0.0892
risk,3712,0.0836
risk,3713,0.0834
risk,3714,0.0836
risk,3715,0.0840
risk,3716,0.0813
risk,3717,0.0894
risk,3718,0.0833
risk,3719,0.0843
risk,3720,0.0834
risk,3721,0.0831
risk,3722,0.0838
risk,3723,0.0824
risk,3724,0.0837
risk,3725,0.0788
risk,3726,0.0787
risk,3727,0.1738
risk,3728,0.0900
risk,3729,0.0848
risk,3730,0.0829
risk,3731,0.1407
risk,3732,0.0837
risk,3733,0.0839
risk,3734,0.0993
risk,3735,0.0969
risk,3736,0.1905
risk,3737,0.0901
risk,3738,0.0852
risk,3739,0.0910
risk,3740,0.1757
risk,3741,0.1424
risk,3742,0.1304
risk,3743,0.1266
risk,3744,0.0876
risk,3745,0.1464
risk,3746,0.0873
risk,3747,0.0903
risk,3748,0.1653
risk,3749,0.1554
risk,3750,0.0875
risk,3751,0.0917
risk,3752,0.1794
risk,3753,0.1539
risk,3754,0.1487
risk,3755,0.1406
risk,3756,0.1391
risk,3757,0.1410
risk,3758,0.1385
risk,3759,0.1640
risk,3760,0.0867
risk,3761,0.1674
risk,3762,0.1403
risk,3763,0.0851
risk,3764,0.0827
risk,3765,0.0889
risk,3766,0.1717
risk,3767,0.0889
risk,3768,0.1700
risk,3769,0.0891
risk,3770,0.1521
risk,3771,0.1382
risk,3772,0.0852
risk,3773,0.0883
risk,3774,0.0888
risk,3775,0.0885
risk,3776,0.0837
risk,3777,0.0882
risk,3778,0.0885
risk,3779,0.0927
risk,3780,0.1714
risk,3781,0.0889
risk,3782,0.0992
risk,3783,0.0969
risk,3784,0.0821
risk,3785,0.0805
risk,3786,0.0831
risk,3787,0.0896
risk,3788,0.0974
risk,3789,0.1822
risk,3790,0.0821
risk,3791,0.1572
risk,3792,0.0916
risk,3793,0.0824
risk,3794,0.0855
risk,3795,0.0860
risk,3796,0.0895
risk,3797,0.0873
risk,3798,0.0947
risk,3799,0.1693
risk,3800,0.1759
risk,3801,0.1401
risk,3802,0.0860
risk,3803,0.1353
risk,3804,0.0935
risk,3805,0.1484
risk,3806,0.1896
risk,3807,0.0855
risk,3808,0.0810
risk,3809,0.1406
risk,3810,0.1251
risk,3811,0.1726
risk,3812,0.1001
risk,3813,0.0877
risk,3814,0.1968
risk,3815,0.1532
risk,3816,0.1800
risk,3817,0.0915
risk,3818,0.5846
risk,3819,0.0880
risk,3820,0.0862
risk,3821,0.3976
risk,3822,0.0876
risk,3823,0.1103
risk,3824,1.6367
risk,3825,0.1815
risk,3826,0.1945
risk,3827,0.0896
risk,3828,0.1834
risk,3829,0.1003
risk,3830,0.1485
risk,3831,0.0860
risk,3832,0.0859
risk,3833,0.0824
risk,3834,0.0824
risk,3835,0.0864
risk,3836,0.0829
risk,3837,0.1544
risk,3838,0.0844
risk,3839,0.1380
risk,3840,0.0837
risk,3841,0.0854
risk,3842,0.0868
risk,3843,0.0872
risk,3844,0.0886
risk,3845,0.0872
risk,3846,0.0846
risk,3847,0.0876
risk,3848,0.0869
risk,3849,0.0867
risk,3850,0.0850
risk,3851,0.0860
risk,3852,0.0855
risk,3853,0.1748
risk,3854,0.0856
risk,3855,0.0845
risk,3856,0.1387
risk,3857,0.0845
risk,3858,0.1375
risk,3859,0.0847
risk,3860,0.1418
risk,3861,0.0873
risk,3862,0.0822
risk,3863,0.0854
risk,3864,0.0858
risk,3865,0.0841
risk,3866,0.0974
risk,3867,0.0840
risk,3868,0.0863
risk,3869,0.0840
risk,3870,0.0880
risk,3871,0.0864
risk,3872,0.0835
risk,3873,0.0892
risk,3874,0.0858
risk,3875,0.1594
risk,3876,0.0854
risk,3877,0.0825
risk,3878,0.0836
risk,3879,0.0882
risk,3880,0.1211
risk,3881,0.0838
risk,3882,0.0862
risk,3883,0.0818
risk,3884,0.0841
risk,3885,0.0896
risk,3886,0.0875
risk,3887,0.0847
risk,3888,0.0845
risk,3889,0.1631
risk,3890,0.0845
risk,3891,0.0847
risk,3892,0.0833
risk,3893,0.0839
risk,3894,0.1283
risk,3895,0.0921
risk,3896,0.0842
risk,3897,0.0944
risk,3898,0.0830
risk,3899,0.0852
risk,3900,0.0863
risk,3901,0.0867
risk,3902,0.0852
risk,3903,0.1610
risk,3904,0.0841
risk,3905,0.0870
risk,3906,1.5433
risk,3907,0.1303
risk,3908,0.2581
risk,3909,0.2521
risk,3910,0.1093
risk,3911,0.0892
risk,3912,0.1376
risk,3913,0.0840
risk,3914,0.0786
risk,3915,0.0858
risk,3916,0.0841
risk,3917,0.0834
risk,3918,0.0834
risk,3919,0.0842
risk,3920,0.5258
risk,3921,0.0826
risk,3922,0.7841
risk,3923,0.1196
risk,3924,0.0836
risk,3925,0.1223
risk,3926,0.0819
risk,3927,0.0863
risk,3928,0.0859
risk,3929,0.0838
risk,3930,0.0824
risk,3931,0.0909
risk,3932,0.0830
risk,3933,0.0827
risk,3934,0.0832
risk,3935,0.0847
risk,3936,0.0846
risk,3937,0.0837
risk,3938,0.0857
risk,3939,0.0834
risk,3940,0.0831
risk,3941,0.0856
risk,3942,0.0848
risk,3943,0.0843
risk,3944,0.0864
risk,3945,0.0840
risk,3946,0.1110
risk,3947,0.0843
risk,3948,0.0832
risk,3949,0.0852
risk,3950,0.0839
risk,3951,0.0834
risk,3952,0.0848
risk,3953,0.0862
risk,3954,0.0936
risk,3955,0.0835
risk,3956,0.2277
risk,3957,0.1965
risk,3958,0.0907
risk,3959,0.1185
risk,3960,0.0836
risk,3961,0.1898
risk,3962,0.1794
risk,3963,0.0900
risk,3964,0.0936
risk,3965,0.1128
risk,3966,0.0838
risk,3967,0.0819
risk,3968,0.0823
risk,3969,0.0826
risk,3970,0.1935
risk,3971,0.0897
risk,3972,0.0929
risk,3973,0.1147
risk,3974,0.0861
risk,3975,0.0803
risk,3976,0.2068
risk,3977,0.1741
risk,3978,0.1451
risk,3979,0.0858
risk,3980,0.1116
risk,3981,0.0821
risk,3982,0.0932
risk,3983,0.0850
risk,3984,0.0891
risk,3985,0.0832
risk,3986,0.0801
risk,3987,0.0827
risk,3988,0.0822
risk,3989,0.0876
risk,3990,0.0853
risk,3991,0.0888
risk,3992,0.0806
risk,3993,0.0812
risk,3994,0.0827
risk,3995,0.0810
risk,3996,0.0817
risk,3997,0.0817
risk,3998,0.0830
risk,3999,0.0836
risk,4000,0.0815
risk,4001,0.0862
risk,4002,0.1111
risk,4003,0.2952
risk,4004,0.0845
risk,4005,0.0819
risk,4006,0.0823
risk,4007,0.0830
risk,4008,0.0816
risk,4009,0.0808
risk,4010,0.0864
risk,4011,0.0824
risk,4012,0.0843
risk,4013,0.0804
risk,4014,0.0826
risk,4015,0.0821
risk,4016,0.0834
risk,4017,0.0833
risk,4018,0.0929
risk,4019,0.0903
risk,4020,0.0933
risk,4021,0.0932
risk,4022,1.8287
risk,4023,0.2134
risk,4024,0.1104
risk,4025,0.1059
risk,4026,0.2234
risk,4027,0.1472
risk,4028,0.0873
risk,4029,0.1308
risk,4030,0.0892
risk,4031,0.1371
risk,4032,0.0898
risk,4033,0.1002
risk,4034,0.0909
risk,4035,0.1583
risk,4036,0.1299
risk,4037,0.0878
risk,4038,0.0854
risk,4039,0.0899
risk,4040,0.0797
risk,4041,0.1008
risk,4042,0.1439
risk,4043,0.0885
risk,4044,0.0879
risk,4045,0.1389
risk,4046,0.0846
risk,4047,0.0875
risk,4048,0.0897
risk,4049,0.0832
risk,4050,0.0917
risk,4051,0.0938
risk,4052,0.1567
risk,4053,0.0902
risk,4054,0.1502
risk,4055,0.1391
risk,4056,0.0854
risk,4057,0.0833
risk,4058,0.0905
risk,4059,0.1822
risk,4060,0.1345
risk,4061,0.1451
risk,4062,0.0899
risk,4063,0.0869
risk,4064,0.0837
risk,4065,0.0826
risk,4066,0.0822
risk,4067,0.0810
risk,4068,0.0834
risk,4069,0.0829
risk,4070,0.0807
risk,4071,0.0822
risk,4072,0.1775
risk,4073,0.0827
risk,4074,0.0842
risk,4075,0.0834
risk,4076,0.0814
risk,4077,0.0823
risk,4078,0.0799
risk,4079,0.0816
risk,4080,0.1762
risk,4081,0.0838
risk,4082,0.0906
risk,4083,0.0807
risk,4084,0.0803
risk,4085,0.0828
risk,4086,0.1734
risk,4087,0.0867
risk,4088,0.0832
risk,4089,0.0814
risk,4090,0.0830
risk,4091,0.0818
risk,4092,0.1772
risk,4093,0.1692
risk,4094,0.1722
risk,4095,0.1848
risk,4096,0.0898
risk,4097,0.0861
risk,4098,0.0918
risk,4099,0.0834
risk,4100,0.0842
risk,4101,0.0828
risk,4102,0.1090
risk,4103,0.0818
risk,4104,0.0986
risk,4105,0.0817
risk,4106,0.0818
risk,4107,0.0807
risk,4108,0.0807
risk,4109,0.0831
risk,4110,0.0911
risk,4111,0.0818
risk,4112,0.0808
risk,4113,0.0805
risk,4114,0.0792
risk,4115,0.0806
risk,4116,0.0860
risk,4117,0.0842
risk,4118,0.0817
risk,4119,0.0824
risk,4120,0.0800
risk,4121,0.0811
risk,4122,0.0826
risk,4123,0.0816
risk,4124,0.0818
risk,4125,0.0811
risk,4126,0.0805
risk,4127,0.0825
risk,4128,0.0882
risk,4129,0.0929
risk,4130,0.0822
risk,4131,0.0814
risk,4132,0.0821
risk,4133,0.0822
risk,4134,0.0872
risk,4135,0.0822
risk,4136,0.0810
risk,4137,0.0828
risk,4138,0.0851
risk,4139,0.0826
risk,4140,0.0863
risk,4141,0.0803
risk,4142,0.0814
risk,4143,0.0827
risk,4144,0.0823
risk,4145,0.0815
risk,4146,0.0817
risk,4147,0.3210
risk,4148,0.1249
risk,4149,0.0905
risk,4150,0.0812
risk,4151,0.0809
risk,4152,0.0811
risk,4153,0.0814
risk,4154,0.0807
risk,4155,0.1608
risk,4156,0.1452
risk,4157,0.1113
risk,4158,0.0851
risk,4159,0.0872
risk,4160,0.0832
risk,4161,0.0839
risk,4162,0.2778
risk,4163,0.0832
risk,4164,0.0833
risk,4165,0.0817
risk,4166,0.0815
risk,4167,0.2185
risk,4168,0.0830
risk,4169,0.0925
risk,4170,0.0811
risk,4171,0.0818
risk,4172,0.0823
risk,4173,0.0829
risk,4174,0.0825
risk,4175,0.0837
risk,4176,0.4971
risk,4177,0.0831
risk,4178,0.0823
risk,4179,0.0840
risk,4180,0.0821
risk,4181,0.0835
risk,4182,0.0839
risk,4183,0.0820
risk,4184,0.0817
risk,4185,0.0826
risk,4186,0.0847
risk,4187,0.0835
risk,4188,0.0816
risk,4189,0.0883
risk,4190,0.0832
risk,4191,0.0807
risk,4192,0.0809
risk,4193,0.0807
risk,4194,0.0816
risk,4195,0.0818
risk,4196,0.0835
risk,4197,0.0807
risk,4198,0.0823
risk,4199,0.0808
risk,4200,0.0834
risk,4201,0.0833
risk,4202,0.0819
risk,4203,0.0842
risk,4204,0.0819
risk,4205,0.0829
risk,4206,0.0821
risk,4207,0.0841
risk,4208,0.0845
risk,4209,0.0819
risk,4210,0.0854
risk,4211,0.0825
risk,4212,0.0813
risk,4213,0.0850
risk,4214,0.0827
risk,4215,0.0825
risk,4216,0.0834
risk,4217,0.0810
risk,4218,0.0839
risk,4219,0.0833
risk,4220,0.0834
risk,4221,0.0821
risk,4222,0.0817
risk,4223,0.0819
risk,4224,0.0825
risk,4225,0.0809
risk,4226,0.0820
risk,4227,0.0827
risk,4228,0.0807
risk,4229,0.0880
risk,4230,0.0825
risk,4231,0.1137
risk,4232,0.0849
risk,4233,0.0839
risk,4234,0.0807
risk,4235,0.0812
risk,4236,0.0899
risk,4237,0.0842
risk,4238,0.0830
risk,4239,0.1148
risk,4240,0.0812
risk,4241,0.0817
risk,4242,0.0819
risk,4243,0.0820
risk,4244,0.0824
risk,4245,0.0823
risk,4246,0.0809
risk,4247,0.0814
risk,4248,0.0917
risk,4249,0.0834
risk,4250,0.0831
risk,4251,0.0838
risk,4252,0.0836
risk,4253,0.0833
risk,4254,0.0850
risk,4255,0.0842
risk,4256,0.0928
risk,4257,0.1091
risk,4258,0.1093
risk,4259,0.1203
risk,4260,0.0844
risk,4261,0.0856
risk,4262,0.0843
risk,4263,0.0824
risk,4264,0.0833
risk,4265,0.0844
risk,4266,0.0853
risk,4267,0.1008
risk,4268,0.0827
risk,4269,0.0859
risk,4270,0.0841
risk,4271,0.0817
risk,4272,0.0815
risk,4273,0.0820
risk,4274,0.0820
risk,4275,0.0833
risk,4276,0.0817
risk,4277,0.0854
risk,4278,0.0807
risk,4279,0.0813
risk,4280,0.0811
risk,4281,0.0792
risk,4282,0.0841
risk,4283,0.0811
risk,4284,0.0812
risk,4285,0.0843
risk,4286,0.0809
risk,4287,0.0825
risk,4288,0.0829
risk,4289,0.0830
risk,4290,0.0827
risk,4291,0.0814
risk,4292,0.0820
risk,4293,0.1105
risk,4294,0.0813
risk,4295,0.0797
risk,4296,0.0799
risk,4297,0.0835
risk,4298,0.0836
risk,4299,0.0803
risk,4300,0.0790
risk,4301,0.0809
risk,4302,0.0820
risk,4303,1.4288
risk,4304,0.0863
risk,4305,0.0849
risk,4306,0.0832
risk,4307,0.0891
risk,4308,0.0875
risk,4309,0.0953
risk,4310,0.0849
risk,4311,0.0811
risk,4312,0.1507
risk,4313,0.0994
risk,4314,0.1445
risk,4315,0.1403
risk,4316,0.0887
risk,4317,0.1480
risk,4318,0.0845
risk,4319,0.0828
risk,4320,0.1985
risk,4321,0.6347
risk,4322,0.1721
risk,4323,0.1770
risk,4324,0.4532
risk,4325,0.2787
risk,4326,0.2018
risk,4327,0.1736
risk,4328,0.1826
risk,4329,0.1864
risk,4330,0.2459
risk,4331,0.1517
risk,4332,0.1046
risk,4333,0.1754
risk,4334,0.0977
risk,4335,0.1039
risk,4336,0.1614
risk,4337,0.1176
risk,4338,0.1700
risk,4339,0.0966
risk,4340,0.1730
risk,4341,0.0838
risk,4342,0.0841
risk,4343,0.0952
risk,4344,0.1123
risk,4345,0.0858
risk,4346,0.1590
risk,4347,0.0895
risk,4348,0.0985
risk,4349,0.0894
risk,4350,0.0939
risk,4351,0.0854
risk,4352,0.0935
risk,4353,0.0936
risk,4354,0.0928
risk,4355,0.0940
risk,4356,0.0850
risk,4357,0.0902
risk,4358,0.0925
risk,4359,0.0949
risk,4360,0.0929
risk,4361,0.0840
risk,4362,0.0912
risk,4363,0.1011
risk,4364,0.1722
risk,4365,0.0913
risk,4366,0.0852
risk,4367,0.0934
risk,4368,0.0939
risk,4369,0.0916
risk,4370,0.0931
risk,4371,0.0947
risk,4372,0.0851
risk,4373,0.0932
risk,4374,0.0861
risk,4375,0.0867
risk,4376,0.0888
risk,4377,0.0871
risk,4378,0.0822
risk,4379,0.0827
risk,4380,0.0832
risk,4381,0.1100
risk,4382,0.0900
risk,4383,0.0879
risk,4384,0.0814
risk,4385,0.0865
risk,4386,0.0826
risk,4387,0.1768
risk,4388,0.1049
risk,4389,0.0870
risk,4390,0.0885
risk,4391,0.1228
risk,4392,0.0866
risk,4393,0.0866
risk,4394,0.0849
risk,4395,0.0846
risk,4396,0.0936
risk,4397,0.0855
risk,4398,0.0855
risk,4399,0.1144
risk,4400,0.0851
risk,4401,0.0990
risk,4402,0.1351
risk,4403,0.0859
risk,4404,0.0855
risk,4405,0.0987
risk,4406,0.0836
risk,4407,0.0870
risk,4408,0.0847
risk,4409,0.0867
risk,4410,0.0836
risk,4411,0.0844
risk,4412,0.0849
risk,4413,0.0863
risk,4414,0.0874
risk,4415,0.0848
risk,4416,0.1123
risk,4417,0.0874
risk,4418,0.0857
risk,4419,0.0840
risk,4420,0.0844
risk,4421,0.0857
risk,4422,0.0855
risk,4423,0.0845
risk,4424,0.0849
risk,4425,0.0855
risk,4426,0.0831
risk,4427,0.0854
risk,4428,0.1715
risk,4429,0.1170
risk,4430,0.1050
risk,4431,0.1022
risk,4432,0.2070
risk,4433,0.1338
risk,4434,0.0980
risk,4435,0.1103
risk,4436,0.0858
risk,4437,0.0939
risk,4438,0.1207
risk,4439,0.0834
risk,4440,0.0964
risk,4441,0.0911
risk,4442,0.0947
risk,4443,0.0966
risk,4444,0.0834
risk,4445,0.0828
risk,4446,0.1159
risk,4447,0.1912
risk,4448,0.1668
risk,4449,0.1878
risk,4450,0.1081
risk,4451,0.1894
risk,4452,0.0882
risk,4453,0.1868
risk,4454,0.0918
risk,4455,0.0924
risk,4456,0.1083
risk,4457,0.0896
risk,4458,0.1769
risk,4459,0.1589
risk,4460,0.0819
risk,4461,0.0810
risk,4462,0.0883
risk,4463,0.0800
risk,4464,0.1350
risk,4465,0.1460
risk,4466,0.0881
risk,4467,0.1285
risk,4468,0.0833
risk,4469,0.0937
risk,4470,0.0798
risk,4471,0.0859
risk,4472,0.0832
risk,4473,0.0842
risk,4474,0.0810
risk,4475,0.0812
risk,4476,0.0832
risk,4477,0.0845
risk,4478,0.0816
risk,4479,0.0901
risk,4480,0.0831
risk,4481,0.0844
risk,4482,0.0812
risk,4483,0.0937
risk,4484,0.0816
risk,4485,0.0824
risk,4486,0.0833
risk,4487,0.0826
risk,4488,0.1369
risk,4489,0.0825
risk,4490,0.0906
risk,4491,0.0856
risk,4492,0.0846
risk,4493,0.0842
risk,4494,0.0840
risk,4495,0.0810
risk,4496,0.0856
risk,4497,0.0829
risk,4498,0.0821
risk,4499,0.0835
risk,4500,0.0821
risk,4501,0.0816
risk,4502,0.1485
risk,4503,0.1472
risk,4504,0.1483
risk,4505,0.0879
risk,4506,0.1207
risk,4507,0.1875
risk,4508,0.0819
risk,4509,0.1845
risk,4510,0.0861
risk,4511,0.0856
risk,4512,0.0794
risk,4513,0.0829
risk,4514,0.1126
risk,4515,0.0818
risk,4516,0.1414
risk,4517,0.0878
risk,4518,0.1119
risk,4519,0.1536
risk,4520,0.0871
risk,4521,0.0902
risk,4522,0.1112
risk,4523,0.1404
risk,4524,0.0847
risk,4525,0.0835
risk,4526,0.0821
risk,4527,0.1552
risk,4528,0.0817
risk,4529,0.0881
risk,4530,0.0829
risk,4531,0.1638
risk,4532,0.0857
risk,4533,0.0832
risk,4534,0.0805
risk,4535,0.1798
risk,4536,0.1812
risk,4537,0.2406
risk,4538,0.2007
risk,4539,0.0938
risk,4540,0.0822
risk,4541,0.0870
risk,4542,0.0884
risk,4543,0.0834
risk,4544,0.0814
risk,4545,0.0973
risk,4546,0.1600
risk,4547,0.0883
risk,4548,1.7260
risk,4549,0.1844
risk,4550,0.1741
risk,4551,0.0908
risk,4552,0.0895
risk,4553,0.1029
risk,4554,0.1176
risk,4555,0.1789
risk,4556,0.0967
risk,4557,0.0943
risk,4558,0.0864
risk,4559,0.0835
risk,4560,0.1006
risk,4561,0.0906
risk,4562,0.0849
risk,4563,0.1012
risk,4564,0.0819
risk,4565,0.0838
risk,4566,0.1235
risk,4567,0.5363
risk,4568,0.8100
risk,4569,0.8924
risk,4570,0.1017
risk,4571,0.0836
risk,4572,0.0850
risk,4573,0.0855
risk,4574,0.0821
risk,4575,0.0818
risk,4576,0.0869
risk,4577,0.0820
risk,4578,0.0810
risk,4579,0.0846
risk,4580,0.0854
risk,4581,0.0986
risk,4582,0.0908
risk,4583,0.0816
risk,4584,0.0846
risk,4585,0.0822
risk,4586,0.0850
risk,4587,0.0829
risk,4588,0.0838
risk,4589,0.0817
risk,4590,0.0835
risk,4591,0.0854
risk,4592,0.0824
risk,4593,0.0838
risk,4594,0.0827
risk,4595,0.0958
risk,4596,0.0844
risk,4597,0.0822
risk,4598,0.0817
risk,4599,0.1554
risk,4600,0.0842
risk,4601,0.0847
risk,4602,0.0829
risk,4603,0.0868
risk,4604,0.0846
risk,4605,0.0839
risk,4606,0.0846
risk,4607,0.0835
risk,4608,0.0837
risk,4609,0.0814
risk,4610,0.0817
risk,4611,0.1375
risk,4612,0.0818
risk,4613,0.0836
risk,4614,0.0836
risk,4615,0.0839
risk,4616,0.0906
risk,4617,0.0883
risk,4618,0.0820
risk,4619,0.0840
risk,4620,0.0834
risk,4621,0.0823
risk,4622,0.1093
risk,4623,0.0881
risk,4624,0.1012
risk,4625,0.0910
risk,4626,0.0833
risk,4627,0.0850
risk,4628,0.0844
risk,4629,0.0821
risk,4630,0.0799
risk,4631,0.0812
risk,4632,0.0826
risk,4633,0.0830
risk,4634,0.0963
risk,4635,0.1168
risk,4636,0.0860
risk,4637,0.0832
risk,4638,0.0838
risk,4639,0.0841
risk,4640,0.0801
risk,4641,0.1119
risk,4642,0.0856
risk,4643,0.0881
risk,4644,0.0860
risk,4645,0.0808
risk,4646,0.0840
risk,4647,0.1133
risk,4648,0.0815
risk,4649,0.0826
risk,4650,0.0824
risk,4651,0.0822
risk,4652,0.0909
risk,4653,0.0884
risk,4654,0.0822
risk,4655,0.0819
risk,4656,0.0822
risk,4657,0.0842
risk,4658,0.0863
risk,4659,0.0828
risk,4660,0.0833
risk,4661,0.0812
risk,4662,0.0806
risk,4663,0.0819
risk,4664,0.0830
risk,4665,0.0820
risk,4666,3.0874
risk,4667,0.1384
risk,4668,0.0881
risk,4669,0.0828
risk,4670,0.0857
risk,4671,0.1443
risk,4672,0.0951
risk,4673,0.0900
risk,4674,0.0967
risk,4675,0.1159
risk,4676,0.1393
risk,4677,0.0868
risk,4678,0.1100
risk,4679,0.1485
risk,4680,0.0834
risk,4681,0.1784
risk,4682,0.1792
risk,4683,0.1716
risk,4684,0.0857
risk,4685,0.1141
risk,4686,0.1474
risk,4687,0.0985
risk,4688,0.0827
risk,4689,0.0814
risk,4690,0.0815
risk,4691,0.0797
risk,4692,0.0816
risk,4693,0.0815
risk,4694,0.0812
risk,4695,0.0786
risk,4696,0.1117
risk,4697,0.0812
risk,4698,0.0892
risk,4699,0.1219
risk,4700,0.0829
risk,4701,0.0836
risk,4702,0.3278
risk,4703,0.0900
risk,4704,0.0829
risk,4705,0.0813
risk,4706,0.0831
risk,4707,0.0805
risk,4708,0.0833
risk,4709,0.0835
risk,4710,0.0813
risk,4711,0.0834
risk,4712,0.0816
risk,4713,0.0803
risk,4714,0.0812
risk,4715,0.0818
risk,4716,0.0811
risk,4717,0.0816
risk,4718,0.0808
risk,4719,0.0987
risk,4720,0.0821
risk,4721,0.0890
risk,4722,0.0899
risk,4723,0.0807
risk,4724,0.0809
risk,4725,0.0805
risk,4726,0.0787
risk,4727,0.0805
risk,4728,0.0798
risk,4729,0.0774
risk,4730,0.0776
risk,4731,0.0795
risk,4732,0.0797
risk,4733,0.0773
risk,4734,0.0782
risk,4735,0.0801
risk,4736,0.0789
risk,4737,0.0799
risk,4738,0.0782
risk,4739,0.0930
risk,4740,0.0794
risk,4741,0.0823
risk,4742,0.0800
risk,4743,0.0829
risk,4744,0.0802
risk,4745,0.0799
risk,4746,0.0803
risk,4747,0.0788
risk,4748,0.0807
risk,4749,0.0802
risk,4750,0.0780
risk,4751,0.0796
risk,4752,0.0872
risk,4753,0.0837
risk,4754,0.0816
risk,4755,0.0818
risk,4756,0.0810
risk,4757,0.0786
risk,4758,0.0785
risk,4759,0.0796
risk,4760,0.0780
risk,4761,0.0796
risk,4762,0.0775
risk,4763,0.0786
risk,4764,0.0823
risk,4765,0.0793
risk,4766,0.0792
risk,4767,0.0797
risk,4768,0.0778
risk,4769,0.0806
risk,4770,0.0797
risk,4771,0.0792
risk,4772,0.0797
risk,4773,0.0818
risk,4774,0.0797
risk,4775,0.0792
risk,4776,0.0871
risk,4777,0.1136
risk,4778,0.0819
risk,4779,0.0851
risk,4780,0.0852
risk,4781,0.0853
risk,4782,0.0848
risk,4783,0.0852
risk,4784,0.0844
risk,4785,0.0853
risk,4786,0.0840
risk,4787,0.0837
risk,4788,0.0833
risk,4789,1.2676
risk,4790,0.1750
risk,4791,0.1131
risk,4792,0.1168
risk,4793,0.1669
risk,4794,0.4317
risk,4795,0.4546
risk,4796,0.1282
risk,4797,0.0954
risk,4798,0.0984
risk,4799,0.5179
risk,4800,0.0850
risk,4801,0.7911
risk,4802,0.1372
risk,4803,0.0826
risk,4804,0.1296
risk,4805,0.0848
risk,4806,0.0953
risk,4807,0.0997
risk,4808,0.1374
risk,4809,0.0869
risk,4810,0.1066
risk,4811,0.0839
risk,4812,0.1406
risk,4813,0.0858
risk,4814,0.0855
risk,4815,0.0819
risk,4816,0.0817
risk,4817,0.0911
risk,4818,0.0848
risk,4819,0.0859
risk,4820,0.1748
risk,4821,0.0837
risk,4822,0.1431
risk,4823,0.0842
risk,4824,0.0825
risk,4825,0.1505
risk,4826,0.0854
risk,4827,0.1160
risk,4828,0.0883
risk,4829,0.0843
risk,4830,0.0936
risk,4831,0.0825
risk,4832,0.0870
risk,4833,0.0837
risk,4834,0.0847
risk,4835,0.0830
risk,4836,0.0879
risk,4837,0.0858
risk,4838,0.0831
risk,4839,0.0864
risk,4840,0.0853
risk,4841,0.0853
risk,4842,0.0884
risk,4843,0.0817
risk,4844,0.0820
risk,4845,0.0828
risk,4846,0.0824
risk,4847,0.0823
risk,4848,0.0902
risk,4849,0.0945
risk,4850,0.0855
risk,4851,0.0831
risk,4852,0.0829
risk,4853,0.0822
risk,4854,0.1010
risk,4855,0.0884
risk,4856,0.0847
risk,4857,0.1206
risk,4858,0.1024
risk,4859,0.3126
risk,4860,0.0908
risk,4861,0.0836
risk,4862,0.0887
risk,4863,0.0828
risk,4864,0.0809
risk,4865,0.0810
risk,4866,0.0799
risk,4867,0.0819
risk,4868,0.1064
risk,4869,0.0917
risk,4870,0.0810
risk,4871,0.0837
risk,4872,0.0812
risk,4873,0.0835
risk,4874,0.0804
risk,4875,0.1107
risk,4876,0.0804
risk,4877,0.0802
risk,4878,0.0813
risk,4879,0.0828
risk,4880,0.0822
risk,4881,0.0822
risk,4882,0.0821
risk,4883,0.0827
risk,4884,0.0814
risk,4885,1.5218
risk,4886,0.1140
risk,4887,0.0865
risk,4888,0.0807
risk,4889,0.0812
risk,4890,0.0791
risk,4891,1.3225
risk,4892,0.1811
risk,4893,0.1813
risk,4894,0.2434
risk,4895,0.1938
risk,4896,0.1588
risk,4897,0.0984
risk,4898,0.0997
risk,4899,0.0873
risk,4900,0.0866
risk,4901,0.5220
risk,4902,0.8492
risk,4903,0.9851
risk,4904,0.1225
risk,4905,0.0829
risk,4906,0.0820
risk,4907,0.0821
risk,4908,0.0792
risk,4909,0.0805
risk,4910,0.0787
risk,4911,0.0804
risk,4912,0.0859
risk,4913,0.0805
risk,4914,0.0827
risk,4915,0.0811
risk,4916,0.0814
risk,4917,0.0798
risk,4918,0.0872
risk,4919,0.0809
risk,4920,0.0813
risk,4921,0.0833
risk,4922,0.0816
risk,4923,0.0793
risk,4924,0.0853
risk,4925,0.0809
risk,4926,0.0842
risk,4927,0.0827
risk,4928,0.0812
risk,4929,0.0812
risk,4930,0.0814
risk,4931,0.0824
risk,4932,0.0792
risk,4933,0.0792
risk,4934,0.0782
risk,4935,0.0812
risk,4936,0.0906
risk,4937,0.0810
risk,4938,0.0797
risk,4939,0.0805
risk,4940,0.0824
risk,4941,0.0811
risk,4942,0.0793
risk,4943,0.0797
risk,4944,0.0821
risk,4945,0.0789
risk,4946,0.0837
risk,4947,0.0800
risk,4948,0.0909
risk,4949,0.1280
risk,4950,0.0812
risk,4951,0.0824
risk,4952,0.0812
risk,4953,0.0896
risk,4954,0.0818
risk,4955,0.1444
risk,4956,0.0956
risk,4957,0.1748
risk,4958,0.1420
risk,4959,0.1364
risk,4960,0.1400
risk,4961,0.0847
risk,4962,0.1375
risk,4963,0.0860
risk,4964,0.0813
risk,4965,0.0809
risk,4966,0.1377
risk,4967,0.2272
risk,4968,0.0867
risk,4969,0.1089
risk,4970,0.0875
risk,4971,0.1753
risk,4972,0.0872
risk,4973,0.0852
risk,4974,0.0889
risk,4975,0.0859
risk,4976,0.0791
risk,4977,0.1735
risk,4978,0.1731
risk,4979,0.0857
risk,4980,0.1525
risk,4981,0.0808
risk,4982,0.1395
risk,4983,0.0951
risk,4984,0.2173
risk,4985,0.1150
risk,4986,0.1078
risk,4987,0.0924
risk,4988,0.1081
risk,4989,0.0797
risk,4990,0.1786
risk,4991,0.0831
risk,4992,0.1003
risk,4993,0.0895
risk,4994,0.0801
risk,4995,0.0799
risk,4996,0.0814
risk,4997,0.0803
risk,4998,0.0803
risk,4999,0.0813
pipeline,0,1.9231
pipeline,1,1.9199
pipeline,2,1.7732
pipeline,3,4.6675
pipeline,4,1.8211
pipeline,5,1.8923
pipeline,6,1.9183
pipeline,7,1.8797
pipeline,8,2.0106
pipeline,9,3.8381
pipeline,10,1.9158
pipeline,11,1.8531
pipeline,12,1.9220
pipeline,13,1.9695
pipeline,14,1.9625
pipeline,15,1.9985
pipeline,16,3.2510
pipeline,17,2.3127
pipeline,18,2.0371
pipeline,19,2.0609
pipeline,20,2.0226
pipeline,21,2.0223
pipeline,22,5.6407
pipeline,23,1.9621
pipeline,24,1.8617
pipeline,25,1.8461
pipeline,26,1.9375
pipeline,27,1.9852
pipeline,28,2.1986
pipeline,29,3.2514
pipeline,30,2.0946
pipeline,31,1.8179
pipeline,32,5.5302
pipeline,33,3.1406
pipeline,34,1.9542
pipeline,35,1.8088
pipeline,36,1.8277
pipeline,37,3.1804
pipeline,38,3.4210
pipeline,39,1.9002
pipeline,40,1.9863
pipeline,41,1.8274
pipeline,42,1.8937
pipeline,43,1.7984
pipeline,44,1.9474
pipeline,45,2.9154
pipeline,46,2.0306
pipeline,47,1.8929
pipeline,48,2.1170
pipeline,49,2.1352
pipeline,50,1.9804
pipeline,51,4.0656
pipeline,52,2.2265
pipeline,53,2.1097
pipeline,54,1.9438
pipeline,55,7.1002
pipeline,56,2.2402
pipeline,57,2.0473
pipeline,58,1.9788
pipeline,59,2.0835
pipeline,60,2.1473
pipeline,61,2.0648
pipeline,62,3.7729
pipeline,63,2.4496
pipeline,64,2.0967
pipeline,65,1.9676
pipeline,66,1.8825
pipeline,67,3.4364
pipeline,68,2.2310
pipeline,69,4.0960
pipeline,70,2.9790
pipeline,71,1.8418
pipeline,72,2.9777
pipeline,73,2.2921
pipeline,74,2.0868
pipeline,75,1.8996
pipeline,76,1.9939
pipeline,77,2.0185
pipeline,78,1.8504
pipeline,79,5.2227
pipeline,80,2.0778
pipeline,81,1.9621
pipeline,82,1.8769
pipeline,83,3.2493
pipeline,84,4.3727
pipeline,85,1.9028
pipeline,86,1.8062
pipeline,87,1.9606
pipeline,88,1.8211
pipeline,89,1.8638
pipeline,90,4.9944
pipeline,91,2.3704
pipeline,92,2.1094
pipeline,93,2.0004
pipeline,94,2.0695
pipeline,95,1.9923
pipeline,96,4.5099
pipeline,97,2.4653
pipeline,98,1.8600
pipeline,99,1.8144
pipeline,100,2.0673
pipeline,101,3.4389
pipeline,102,2.9588
pipeline,103,1.9780
pipeline,104,2.2177
pipeline,105,2.0184
pipeline,106,1.9786
pipeline,107,1.9298
pipeline,108,2.1988
pipeline,109,2.1167
pipeline,110,1.9415
pipeline,111,2.0776
pipeline,112,1.9257
pipeline,113,2.0295
pipeline,114,3.2159
pipeline,115,2.1356
pipeline,116,2.1410
pipeline,117,1.9368
pipeline,118,2.1159
pipeline,119,1.9769
pipeline,120,3.7595
pipeline,121,2.2867
pipeline,122,2.1823
pipeline,123,1.9598
pipeline,124,1.9703
pipeline,125,5.3769
pipeline,126,2.8528
pipeline,127,2.1315
pipeline,128,1.9307
pipeline,129,1.9024
pipeline,130,2.0704
pipeline,131,3.7476
pipeline,132,3.0862
pipeline,133,2.1292
pipeline,134,2.0860
pipeline,135,1.9361
pipeline,136,1.9562
pipeline,137,2.4819
pipeline,138,4.1994
pipeline,139,1.9311
pipeline,140,2.0093
pipeline,141,1.8197
pipeline,142,1.9840
pipeline,143,3.8058
pipeline,144,2.1836
pipeline,145,2.2698
pipeline,146,2.2145
pipeline,147,1.9850
pipeline,148,1.9332
pipeline,149,1.8915
pipeline,150,2.8486
pipeline,151,2.1117
pipeline,152,2.0959
pipeline,153,1.8387
pipeline,154,2.0818
pipeline,155,1.9876
pipeline,156,3.6484
pipeline,157,2.1494
pipeline,158,1.9104
pipeline,159,2.4262
pipeline,160,1.9085
pipeline,161,1.8327
pipeline,162,2.1556
pipeline,163,2.7707
pipeline,164,1.9495
pipeline,165,2.1333
pipeline,166,2.0655
pipeline,167,1.8720
pipeline,168,3.3141
pipeline,169,2.1973
pipeline,170,1.9555
pipeline,171,1.8466
pipeline,172,2.8593
pipeline,173,1.9243
pipeline,174,3.4991
pipeline,175,2.9561
pipeline,176,1.9087
pipeline,177,1.9013
pipeline,178,1.8890
pipeline,179,2.0175
pipeline,180,2.1329
pipeline,181,3.3162
pipeline,182,2.1785
pipeline,183,1.9381
pipeline,184,1.8346
pipeline,185,2.0458
pipeline,186,2.1105
pipeline,187,2.1339
pipeline,188,3.8686
pipeline,189,2.0784
pipeline,190,2.0077
pipeline,191,1.9614
pipeline,192,2.1565
pipeline,193,3.0683
pipeline,194,2.1114
pipeline,195,1.9980
pipeline,196,1.9450
pipeline,197,2.0170
pipeline,198,1.9163
pipeline,199,1.8165
pipeline,200,2.5571
pipeline,201,2.0666
pipeline,202,2.0561
pipeline,203,1.9760
pipeline,204,2.1311
pipeline,205,1.9403
pipeline,206,3.6585
pipeline,207,2.0987
pipeline,208,2.0411
pipeline,209,1.9181
pipeline,210,2.2128
pipeline,211,2.0056
pipeline,212,3.5882
pipeline,213,2.9633
pipeline,214,2.2469
pipeline,215,1.9899
pipeline,216,1.9936
pipeline,217,2.1943
pipeline,218,1.9725
pipeline,219,2.3535
pipeline,220,2.7755
pipeline,221,2.1903
pipeline,222,1.8638
pipeline,223,1.9440
pipeline,224,2.2213
pipeline,225,3.5974
pipeline,226,1.8998
pipeline,227,2.8637
pipeline,228,1.8716
pipeline,229,1.9244
pipeline,230,1.8044
pipeline,231,3.9414
pipeline,232,1.9693
pipeline,233,2.0970
pipeline,234,2.1865
pipeline,235,1.9108
pipeline,236,1.8961
pipeline,237,4.9195
pipeline,238,1.8182
pipeline,239,3.1495
pipeline,240,2.1743
pipeline,241,1.9759
pipeline,242,2.6509
pipeline,243,1.9291
pipeline,244,1.9761
pipeline,245,2.3059
pipeline,246,1.8616
pipeline,247,1.9736
pipeline,248,2.1794
pipeline,249,2.9464
pipeline,250,1.9906
pipeline,251,2.0746
pipeline,252,2.1456
pipeline,253,1.8921
pipeline,254,1.9198
pipeline,255,3.5734
pipeline,256,2.7339
pipeline,257,1.9271
pipeline,258,1.8863
pipeline,259,1.9283
pipeline,260,1.9644
pipeline,261,2.9969
pipeline,262,3.1854
pipeline,263,1.9532
pipeline,264,1.9199
pipeline,265,2.0238
pipeline,266,3.2734
pipeline,267,2.7682
pipeline,268,2.1869
pipeline,269,1.9889
pipeline,270,1.8309
pipeline,271,2.1192
pipeline,272,1.8743
pipeline,273,2.3526
pipeline,274,2.2208
pipeline,275,1.9538
pipeline,276,2.0448
pipeline,277,1.9041
pipeline,278,2.0205
pipeline,279,1.9812
pipeline,280,2.3374
pipeline,281,2.3098
pipeline,282,2.0416
pipeline,283,2.3821
pipeline,284,2.0128
pipeline,285,2.0608
pipeline,286,1.9408
pipeline,287,2.3876
pipeline,288,1.9794
pipeline,289,1.9378
pipeline,290,1.9226
pipeline,291,2.1701
pipeline,292,1.9875
pipeline,293,1.7645
pipeline,294,2.3149
pipeline,295,2.1334
pipeline,296,2.1318
pipeline,297,1.9604
pipeline,298,2.4845
pipeline,299,2.0830
pipeline,300,2.4432
pipeline,301,2.6243
pipeline,302,2.1438
pipeline,303,2.0339
pipeline,304,1.8783
pipeline,305,2.2116
pipeline,306,1.8323
pipeline,307,2.4923
pipeline,308,1.9422
pipeline,309,1.7946
pipeline,310,1.8236
pipeline,311,2.0548
pipeline,312,1.9599
pipeline,313,1.8749
pipeline,314,2.3192
pipeline,315,2.1256
pipeline,316,1.9019
pipeline,317,1.8574
pipeline,318,1.8909
pipeline,319,1.9190
pipeline,320,1.8278
pipeline,321,2.7333
pipeline,322,2.2401
pipeline,323,2.0653
pipeline,324,1.8634
pipeline,325,1.8678
pipeline,326,1.8177
pipeline,327,1.8726
pipeline,328,2.1939
pipeline,329,2.2856
pipeline,330,2.0781
pipeline,331,1.9960
pipeline,332,1.8671
pipeline,333,1.7790
pipeline,334,1.8548
pipeline,335,3.0545
pipeline,336,2.3707
pipeline,337,2.0031
pipeline,338,1.9754
pipeline,339,2.1052
pipeline,340,2.0066
pipeline,341,1.9725
pipeline,342,3.1245
pipeline,343,2.1533
pipeline,344,1.9041
pipeline,345,1.9075
pipeline,346,1.8677
pipeline,347,1.8294
pipeline,348,2.8443
pipeline,349,1.9891
pipeline,350,1.9720
pipeline,351,2.1628
pipeline,352,2.0381
pipeline,353,1.8528
pipeline,354,1.8196
pipeline,355,2.7173
pipeline,356,1.9880
pipeline,357,1.9039
pipeline,358,2.1089
pipeline,359,2.0106
pipeline,360,1.9659
pipeline,361,1.8322
pipeline,362,2.8519
pipeline,363,2.0050
pipeline,364,1.8923
pipeline,365,1.9432
pipeline,366,2.0362
pipeline,367,1.8656
pipeline,368,1.9129
pipeline,369,3.2832
pipeline,370,1.8966
pipeline,371,2.0058
pipeline,372,1.8908
pipeline,373,2.1623
pipeline,374,1.8354
pipeline,375,2.2878
pipeline,376,2.8064
pipeline,377,2.0481
pipeline,378,1.9760
pipeline,379,2.1429
pipeline,380,1.9707
pipeline,381,2.2937
pipeline,382,2.9601
pipeline,383,1.9314
pipeline,384,1.8925
pipeline,385,2.0536
pipeline,386,2.1187
pipeline,387,2.3578
pipeline,388,2.6965
pipeline,389,2.1629
pipeline,390,1.9351
pipeline,391,2.1024
pipeline,392,1.9099
pipeline,393,1.8393
pipeline,394,1.8371
pipeline,395,3.1164
pipeline,396,2.0191
pipeline,397,1.8514
pipeline,398,1.8514
pipeline,399,1.8940
pipeline,400,1.7901
pipeline,401,2.0731
pipeline,402,2.5963
pipeline,403,2.2597
pipeline,404,2.0038
pipeline,405,1.9328
pipeline,406,2.1512
pipeline,407,1.8074
pipeline,408,1.9720
pipeline,409,2.6707
pipeline,410,2.0472
pipeline,411,2.2198
pipeline,412,2.0038
pipeline,413,1.8817
pipeline,414,1.8568
pipeline,415,3.2401
pipeline,416,2.1045
pipeline,417,1.9516
pipeline,418,2.1458
pipeline,419,2.1589
pipeline,420,2.0126
pipeline,421,1.9135
pipeline,422,2.7854
pipeline,423,2.0237
pipeline,424,1.9226
pipeline,425,2.0079
pipeline,426,1.9352
pipeline,427,2.2182
pipeline,428,2.0434
pipeline,429,2.9191
pipeline,430,2.1206
pipeline,431,2.0811
pipeline,432,2.1221
pipeline,433,1.8208
pipeline,434,1.8509
pipeline,435,2.5198
pipeline,436,2.0198
pipeline,437,2.0121
pipeline,438,1.9798
pipeline,439,1.8468
pipeline,440,2.2337
pipeline,441,1.9862
pipeline,442,3.3214
pipeline,443,2.2244
pipeline,444,2.2755
pipeline,445,1.9737
pipeline,446,1.8506
pipeline,447,2.3478
pipeline,448,3.5798
pipeline,449,2.6736
pipeline,450,2.3508
pipeline,451,2.1226
pipeline,452,2.0107
pipeline,453,2.1377
pipeline,454,4.0523
pipeline,455,2.1717
pipeline,456,1.9902
pipeline,457,1.9264
pipeline,458,2.0450
pipeline,459,1.8883
pipeline,460,4.1080
pipeline,461,2.6997
pipeline,462,2.1391
pipeline,463,2.0713
pipeline,464,2.1866
pipeline,465,3.4275
pipeline,466,3.0596
pipeline,467,2.3271
pipeline,468,1.9647
pipeline,469,2.1743
pipeline,470,2.0555
pipeline,471,3.0762
pipeline,472,3.2939
pipeline,473,2.3212
pipeline,474,2.0609
pipeline,475,2.2301
pipeline,476,1.9411
pipeline,477,2.6246
pipeline,478,3.3869
pipeline,479,2.2071
pipeline,480,2.0812
pipeline,481,2.0794
pipeline,482,2.2184
pipeline,483,3.8297
pipeline,484,2.7628
pipeline,485,2.8792
pipeline,486,2.2089
pipeline,487,2.1983
pipeline,488,5.0890
pipeline,489,2.1784
pipeline,490,2.6704
pipeline,491,2.0299
pipeline,492,1.9344
pipeline,493,1.9940
pipeline,494,1.9146
pipeline,495,1.9183
pipeline,496,1.9448
pipeline,497,1.9424
pipeline,498,2.4071
pipeline,499,2.0507
pipeline,500,4.2413
pipeline,501,2.1187
pipeline,502,2.2443
pipeline,503,1.9514
pipeline,504,2.3355
pipeline,505,3.2980
pipeline,506,2.2273
pipeline,507,2.0592
pipeline,508,2.4006
pipeline,509,2.1861
pipeline,510,2.2215
pipeline,511,3.4639
pipeline,512,2.5861
pipeline,513,2.0645
pipeline,514,2.1582
pipeline,515,2.1296
pipeline,516,2.2501
pipeline,517,3.9155
pipeline,518,2.2030
pipeline,519,2.0557
pipeline,520,2.0061
pipeline,521,2.0845
pipeline,522,2.1060
pipeline,523,3.4628
pipeline,524,2.5469
pipeline,525,1.9940
pipeline,526,1.9436
pipeline,527,1.9191
pipeline,528,1.9907
pipeline,529,4.1754
pipeline,530,2.6514
pipeline,531,1.9943
pipeline,532,1.9387
pipeline,533,2.1604
pipeline,534,2.0250
pipeline,535,3.0024
pipeline,536,1.9918
pipeline,537,2.2792
pipeline,538,1.9287
pipeline,539,2.0231
pipeline,540,1.9684
pipeline,541,2.4786
pipeline,542,2.5163
pipeline,543,2.0431
pipeline,544,2.1322
pipeline,545,1.8159
pipeline,546,1.8640
pipeline,547,1.8929
pipeline,548,2.1219
pipeline,549,1.8540
pipeline,550,1.8313
pipeline,551,2.0812
pipeline,552,2.5247
pipeline,553,1.8751
pipeline,554,1.9123
pipeline,555,2.2229
pipeline,556,2.1444
pipeline,557,2.1077
pipeline,558,1.9538
pipeline,559,1.8603
pipeline,560,1.9473
pipeline,561,2.0755
pipeline,562,2.2954
pipeline,563,2.7928
pipeline,564,2.0127
pipeline,565,1.8865
pipeline,566,1.7752
pipeline,567,1.9769
pipeline,568,1.9970
pipeline,569,3.0650
pipeline,570,2.0678
pipeline,571,2.0347
pipeline,572,1.9173
pipeline,573,1.8806
pipeline,574,1.7574
pipeline,575,2.3487
pipeline,576,2.6933
pipeline,577,2.3414
pipeline,578,2.7476
pipeline,579,2.2826
pipeline,580,2.0820
pipeline,581,1.9387
pipeline,582,3.7276
pipeline,583,2.1337
pipeline,584,2.0796
pipeline,585,1.8962
pipeline,586,2.1840
pipeline,587,1.9004
pipeline,588,3.6585
pipeline,589,2.1659
pipeline,590,2.0639
pipeline,591,1.9554
pipeline,592,1.8858
pipeline,593,1.9360
pipeline,594,3.3103
pipeline,595,2.2133
pipeline,596,1.9840
pipeline,597,2.2736
pipeline,598,1.9255
pipeline,599,1.9277
pipeline,600,2.8145
pipeline,601,2.6894
pipeline,602,2.3350
pipeline,603,2.1220
pipeline,604,1.8074
pipeline,605,2.1753
pipeline,606,2.5376
pipeline,607,3.0066
pipeline,608,2.2955
pipeline,609,1.9316
pipeline,610,2.0062
pipeline,611,2.0520
pipeline,612,1.8238
pipeline,613,3.1972
pipeline,614,1.8927
pipeline,615,1.8973
pipeline,616,2.3662
pipeline,617,2.0465
pipeline,618,2.0394
pipeline,619,3.3904
pipeline,620,1.8966
pipeline,621,1.8127
pipeline,622,1.9646
pipeline,623,1.9966
pipeline,624,2.1578
pipeline,625,1.8571
pipeline,626,3.1846
pipeline,627,1.9314
pipeline,628,1.9232
pipeline,629,2.0189
pipeline,630,2.1925
pipeline,631,1.9302
pipeline,632,3.1373
pipeline,633,2.1844
pipeline,634,2.2764
pipeline,635,2.1045
pipeline,636,2.0674
pipeline,637,2.4415
pipeline,638,2.0007
pipeline,639,3.2997
pipeline,640,2.0815
pipeline,641,2.0819
pipeline,642,1.9059
pipeline,643,1.8784
pipeline,644,2.0158
pipeline,645,3.0705
pipeline,646,2.1325
pipeline,647,1.9338
pipeline,648,1.9838
pipeline,649,2.0330
pipeline,650,2.3533
pipeline,651,2.5000
pipeline,652,2.1068
pipeline,653,1.9828
pipeline,654,2.0963
pipeline,655,1.7950
pipeline,656,1.8515
pipeline,657,2.0002
pipeline,658,2.8596
pipeline,659,3.1741
pipeline,660,2.1095
pipeline,661,2.1280
pipeline,662,1.9721
pipeline,663,1.9755
pipeline,664,2.6135
pipeline,665,1.9509
pipeline,666,2.6743
pipeline,667,1.9458
pipeline,668,1.8842
pipeline,669,2.2933
pipeline,670,1.8585
pipeline,671,3.1051
pipeline,672,2.1756
pipeline,673,2.1287
pipeline,674,2.1313
pipeline,675,2.1017
pipeline,676,1.8889
pipeline,677,2.7616
pipeline,678,2.0679
pipeline,679,2.1321
pipeline,680,2.0100
pipeline,681,1.9018
pipeline,682,1.8821
pipeline,683,1.8100
pipeline,684,2.9017
pipeline,685,2.1901
pipeline,686,2.0877
pipeline,687,1.9615
pipeline,688,2.0534
pipeline,689,1.9269
pipeline,690,1.8476
pipeline,691,2.5395
pipeline,692,2.2218
pipeline,693,1.9698
pipeline,694,1.9742
pipeline,695,1.8136
pipeline,696,1.8766
pipeline,697,2.0832
pipeline,698,1.8383
pipeline,699,2.0511
pipeline,700,1.9364
pipeline,701,1.8014
pipeline,702,1.9299
pipeline,703,1.8822
pipeline,704,1.8973
pipeline,705,2.2212
pipeline,706,1.8431
pipeline,707,1.8158
pipeline,708,2.1489
pipeline,709,1.8783
pipeline,710,1.9636
pipeline,711,1.8163
pipeline,712,3.0193
pipeline,713,2.0075
pipeline,714,1.9060
pipeline,715,1.8504
pipeline,716,1.8620
pipeline,717,2.5167
pipeline,718,2.9819
pipeline,719,2.1174
pipeline,720,1.9630
pipeline,721,2.1276
pipeline,722,2.0341
pipeline,723,1.8332
pipeline,724,2.0403
pipeline,725,3.1210
pipeline,726,2.2280
pipeline,727,1.9060
pipeline,728,1.8593
pipeline,729,2.0063
pipeline,730,2.0236
pipeline,731,1.9406
pipeline,732,2.5639
pipeline,733,1.8869
pipeline,734,1.8362
pipeline,735,2.3006
pipeline,736,1.9777
pipeline,737,1.7979
pipeline,738,1.9124
pipeline,739,3.6523
pipeline,740,2.0423
pipeline,741,2.0538
pipeline,742,2.0728
pipeline,743,1.9596
pipeline,744,1.9453
pipeline,745,2.7623
pipeline,746,2.0885
pipeline,747,1.8063
pipeline,748,2.0026
pipeline,749,2.0033
pipeline,750,1.8648
pipeline,751,1.8545
pipeline,752,2.4572
pipeline,753,1.9859
pipeline,754,2.2287
pipeline,755,1.9052
pipeline,756,2.0231
pipeline,757,1.9342
pipeline,758,2.0034
pipeline,759,2.5281
pipeline,760,1.8720
pipeline,761,2.1801
pipeline,762,1.9006
pipeline,763,1.8220
pipeline,764,2.1213
pipeline,765,1.9675
pipeline,766,2.5318
pipeline,767,2.1263
pipeline,768,1.9933
pipeline,769,2.0635
pipeline,770,1.8935
pipeline,771,2.0109
pipeline,772,2.7080
pipeline,773,2.0592
pipeline,774,1.7982
pipeline,775,1.9167
pipeline,776,1.7890
pipeline,777,1.8472
pipeline,778,1.8373
pipeline,779,1.8144
pipeline,780,3.0418
pipeline,781,2.0193
pipeline,782,1.9102
pipeline,783,1.9893
pipeline,784,1.9052
pipeline,785,1.9926
pipeline,786,2.7764
pipeline,787,2.4004
pipeline,788,1.9803
pipeline,789,1.8514
pipeline,790,1.9384
pipeline,791,2.0478
pipeline,792,2.0803
pipeline,793,2.8213
pipeline,794,1.9393
pipeline,795,1.8870
pipeline,796,1.8384
pipeline,797,1.9155
pipeline,798,1.9914
pipeline,799,1.8452
pipeline,800,2.4851
pipeline,801,1.9347
pipeline,802,2.1170
pipeline,803,1.8915
pipeline,804,1.8954
pipeline,805,1.8265
pipeline,806,2.0046
pipeline,807,2.4537
pipeline,808,2.1643
pipeline,809,1.9709
pipeline,810,1.8553
pipeline,811,1.8169
pipeline,812,1.8626
pipeline,813,1.8652
pipeline,814,2.6445
pipeline,815,1.9547
pipeline,816,1.9401
pipeline,817,1.8139
pipeline,818,2.0890
pipeline,819,1.8455
pipeline,820,1.8962
pipeline,821,2.6555
pipeline,822,2.2196
pipeline,823,1.9940
pipeline,824,1.9240
pipeline,825,2.1129
pipeline,826,2.1140
pipeline,827,1.8846
pipeline,828,2.6175
pipeline,829,2.0168
pipeline,830,2.0570
pipeline,831,1.8787
pipeline,832,2.2088
pipeline,833,2.1386
pipeline,834,2.6543
pipeline,835,2.0219
pipeline,836,2.3575
pipeline,837,2.3304
pipeline,838,2.0488
pipeline,839,2.0525
pipeline,840,2.1472
pipeline,841,2.7628
pipeline,842,1.9410
pipeline,843,2.0673
pipeline,844,1.8294
pipeline,845,2.0594
pipeline,846,2.0697
pipeline,847,1.8870
pipeline,848,3.0565
pipeline,849,1.9499
pipeline,850,2.2842
pipeline,851,1.8549
pipeline,852,2.0367
pipeline,853,1.9210
pipeline,854,3.2083
pipeline,855,2.0984
pipeline,856,1.9605
pipeline,857,1.8176
pipeline,858,1.8187
pipeline,859,2.1438
pipeline,860,1.9737
pipeline,861,2.6965
pipeline,862,2.0328
pipeline,863,1.7967
pipeline,864,1.9059
pipeline,865,1.8904
pipeline,866,2.0295
pipeline,867,2.0020
pipeline,868,2.9769
pipeline,869,1.9832
pipeline,870,1.9019
pipeline,871,1.8780
pipeline,872,1.8577
pipeline,873,1.8512
pipeline,874,1.8600
pipeline,875,3.3172
pipeline,876,1.8855
pipeline,877,1.8627
pipeline,878,1.8525
pipeline,879,2.1507
pipeline,880,1.8442
pipeline,881,2.8668
pipeline,882,2.3046
pipeline,883,2.1947
pipeline,884,1.8309
pipeline,885,1.8543
pipeline,886,2.0619
pipeline,887,1.8778
pipeline,888,2.7048
pipeline,889,2.2094
pipeline,890,1.8736
pipeline,891,1.7961
pipeline,892,1.8051
pipeline,893,1.8575
pipeline,894,1.8603
pipeline,895,2.5945
pipeline,896,2.0959
pipeline,897,2.0528
pipeline,898,2.0438
pipeline,899,1.8791
pipeline,900,2.0444
pipeline,901,1.9324
pipeline,902,2.7241
pipeline,903,2.0973
pipeline,904,1.9792
pipeline,905,2.0800
pipeline,906,1.8537
pipeline,907,1.9561
pipeline,908,2.5381
pipeline,909,2.6186
pipeline,910,1.8874
pipeline,911,2.0924
pipeline,912,1.8947
pipeline,913,2.0435
pipeline,914,1.9507
pipeline,915,3.7931
pipeline,916,1.9993
pipeline,917,2.2397
pipeline,918,2.1856
pipeline,919,2.1514
pipeline,920,1.9644
pipeline,921,4.4231
pipeline,922,2.0743
pipeline,923,1.8333
pipeline,924,2.1510
pipeline,925,2.1156
pipeline,926,1.7736
pipeline,927,2.5062
pipeline,928,1.8591
pipeline,929,2.0152
pipeline,930,1.9277
pipeline,931,2.3019
pipeline,932,1.8738
pipeline,933,2.1812
pipeline,934,2.7484
pipeline,935,2.1377
pipeline,936,2.1076
pipeline,937,2.1132
pipeline,938,2.0992
pipeline,939,1.9037
pipeline,940,2.4426
pipeline,941,2.2772
pipeline,942,1.9675
pipeline,943,1.8562
pipeline,944,1.9086
pipeline,945,2.1914
pipeline,946,2.4714
pipeline,947,3.1384
pipeline,948,2.1147
pipeline,949,1.8372
pipeline,950,1.8718
pipeline,951,1.7898
pipeline,952,1.8375
pipeline,953,1.9838
pipeline,954,3.0258
pipeline,955,1.9526
pipeline,956,1.9772
pipeline,957,1.9972
pipeline,958,1.8797
pipeline,959,1.8066
pipeline,960,2.0423
pipeline,961,2.7434
pipeline,962,1.9314
pipeline,963,2.0031
pipeline,964,2.0106
pipeline,965,1.9547
pipeline,966,2.0329
pipeline,967,3.1950
pipeline,968,2.1857
pipeline,969,1.9398
pipeline,970,1.9476
pipeline,971,1.9684
pipeline,972,1.8528
pipeline,973,1.9842
pipeline,974,2.8856
pipeline,975,2.0508
pipeline,976,2.1449
pipeline,977,2.1984
pipeline,978,1.8971
pipeline,979,1.8828
pipeline,980,1.8763
pipeline,981,2.2477
pipeline,982,2.1774
pipeline,983,1.8387
pipeline,984,2.1965
pipeline,985,1.9585
pipeline,986,1.8421
pipeline,987,1.8541
pipeline,988,2.7107
pipeline,989,1.8468
pipeline,990,2.0046
pipeline,991,1.9872
pipeline,992,1.8398
pipeline,993,2.0319
pipeline,994,2.4323
pipeline,995,2.4304
pipeline,996,1.9237
pipeline,997,1.9821
pipeline,998,1.8823
pipeline,999,1.9249
pipeline,1000,1.8716
pipeline,1001,2.0408
pipeline,1002,1.9351
pipeline,1003,1.9215
pipeline,1004,1.8307
pipeline,1005,1.9931
pipeline,1006,1.9055
pipeline,1007,1.9795
pipeline,1008,2.0663
pipeline,1009,2.4711
pipeline,1010,1.8794
pipeline,1011,1.8619
pipeline,1012,2.3029
pipeline,1013,1.9633
pipeline,1014,1.9349
pipeline,1015,1.9417
pipeline,1016,2.9799
pipeline,1017,1.9877
pipeline,1018,1.9758
pipeline,1019,1.9042
pipeline,1020,2.0800
pipeline,1021,2.2212
pipeline,1022,2.1415
pipeline,1023,2.8587
pipeline,1024,1.9063
pipeline,1025,1.9836
pipeline,1026,1.9334
pipeline,1027,1.9544
pipeline,1028,1.9821
pipeline,1029,2.7520
pipeline,1030,2.0822
pipeline,1031,1.8862
pipeline,1032,1.9257
pipeline,1033,1.9589
pipeline,1034,1.8614
pipeline,1035,2.1609
pipeline,1036,2.6313
pipeline,1037,1.8817
pipeline,1038,1.9083
pipeline,1039,2.1248
pipeline,1040,1.9935
pipeline,1041,2.1497
pipeline,1042,1.8761
pipeline,1043,3.1905
pipeline,1044,1.9300
pipeline,1045,1.9929
pipeline,1046,2.0723
pipeline,1047,1.9020
pipeline,1048,1.8958
pipeline,1049,2.9319
pipeline,1050,2.0823
pipeline,1051,1.9853
pipeline,1052,1.7784
pipeline,1053,1.8536
pipeline,1054,1.8660
pipeline,1055,1.9375
pipeline,1056,2.6428
pipeline,1057,2.1614
pipeline,1058,2.0367
pipeline,1059,2.0703
pipeline,1060,1.8870
pipeline,1061,2.0770
pipeline,1062,1.8744
pipeline,1063,3.0398
pipeline,1064,2.1459
pipeline,1065,2.1283
pipeline,1066,1.8891
pipeline,1067,1.8450
pipeline,1068,1.8164
pipeline,1069,2.3445
pipeline,1070,2.5296
pipeline,1071,1.8891
pipeline,1072,1.9850
pipeline,1073,1.9574
pipeline,1074,1.9780
pipeline,1075,1.9449
pipeline,1076,3.0733
pipeline,1077,2.2646
pipeline,1078,1.9811
pipeline,1079,2.0372
pipeline,1080,1.9325
pipeline,1081,1.8608
pipeline,1082,1.8444
pipeline,1083,2.7001
pipeline,1084,1.9367
pipeline,1085,2.0168
pipeline,1086,1.9929
pipeline,1087,2.1076
pipeline,1088,2.1451
pipeline,1089,2.0001
pipeline,1090,2.9631
pipeline,1091,1.9508
pipeline,1092,1.8832
pipeline,1093,1.8678
pipeline,1094,2.1031
pipeline,1095,1.9115
pipeline,1096,1.8256
pipeline,1097,2.7117
pipeline,1098,1.9095
pipeline,1099,1.8372
pipeline,1100,1.8287
pipeline,1101,2.0151
pipeline,1102,1.9195
pipeline,1103,2.7188
pipeline,1104,1.9924
pipeline,1105,1.9697
pipeline,1106,1.9952
pipeline,1107,1.8255
pipeline,1108,2.1188
pipeline,1109,1.8721
pipeline,1110,2.6155
pipeline,1111,2.2370
pipeline,1112,2.0267
pipeline,1113,1.8773
pipeline,1114,1.8750
pipeline,1115,1.9447
pipeline,1116,2.1646
pipeline,1117,3.7849
pipeline,1118,2.0061
pipeline,1119,1.9597
pipeline,1120,1.9007
pipeline,1121,1.8467
pipeline,1122,1.8982
pipeline,1123,2.1485
pipeline,1124,2.4703
pipeline,1125,2.2427
pipeline,1126,1.9054
pipeline,1127,1.8778
pipeline,1128,1.9733
pipeline,1129,1.8511
pipeline,1130,3.0912
pipeline,1131,2.1969
pipeline,1132,1.9803
pipeline,1133,1.8946
pipeline,1134,1.9442
pipeline,1135,1.8956
pipeline,1136,1.7831
pipeline,1137,2.5570
pipeline,1138,1.8689
pipeline,1139,1.8485
pipeline,1140,1.8370
pipeline,1141,1.8878
pipeline,1142,1.8729
pipeline,1143,1.7872
pipeline,1144,1.9488
pipeline,1145,2.3721
pipeline,1146,1.8769
pipeline,1147,1.9325
pipeline,1148,1.7935
pipeline,1149,2.1458
pipeline,1150,1.9435
pipeline,1151,1.8640
pipeline,1152,3.0869
pipeline,1153,1.9275
pipeline,1154,1.8712
pipeline,1155,2.0249
pipeline,1156,1.9160
pipeline,1157,2.0704
pipeline,1158,2.1116
pipeline,1159,2.3527
pipeline,1160,2.0025
pipeline,1161,2.0345
pipeline,1162,2.0470
pipeline,1163,2.0998
pipeline,1164,2.2401
pipeline,1165,2.9461
pipeline,1166,2.0087
pipeline,1167,1.8404
pipeline,1168,1.8360
pipeline,1169,1.8816
pipeline,1170,2.0763
pipeline,1171,2.0650
pipeline,1172,2.3587
pipeline,1173,1.9147
pipeline,1174,1.7887
pipeline,1175,1.8996
pipeline,1176,1.9405
pipeline,1177,2.0352
pipeline,1178,1.9797
pipeline,1179,2.5909
pipeline,1180,1.8782
pipeline,1181,1.9632
pipeline,1182,1.9340
pipeline,1183,1.7982
pipeline,1184,2.1799
pipeline,1185,2.2051
pipeline,1186,2.8745
pipeline,1187,1.9876
pipeline,1188,2.0691
pipeline,1189,2.0878
pipeline,1190,2.1585
pipeline,1191,1.8073
pipeline,1192,2.3992
pipeline,1193,2.3628
pipeline,1194,2.0101
pipeline,1195,1.9142
pipeline,1196,2.1084
pipeline,1197,1.8997
pipeline,1198,1.8587
pipeline,1199,2.5071
pipeline,1200,2.5500
pipeline,1201,1.9191
pipeline,1202,2.0581
pipeline,1203,1.8496
pipeline,1204,2.1130
pipeline,1205,2.0929
pipeline,1206,2.5163
pipeline,1207,2.3190
pipeline,1208,1.9753
pipeline,1209,2.3898
pipeline,1210,2.0358
pipeline,1211,2.1738
pipeline,1212,2.9591
pipeline,1213,2.1030
pipeline,1214,2.1517
pipeline,1215,1.9225
pipeline,1216,2.1645
pipeline,1217,1.9671
pipeline,1218,1.9810
pipeline,1219,2.5214
pipeline,1220,2.3010
pipeline,1221,2.1324
pipeline,1222,1.9598
pipeline,1223,1.8966
pipeline,1224,1.7482
pipeline,1225,1.7946
pipeline,1226,2.7755
pipeline,1227,1.9330
pipeline,1228,2.3924
pipeline,1229,1.7958
pipeline,1230,1.8348
pipeline,1231,2.0460
pipeline,1232,2.0404
pipeline,1233,2.6331
pipeline,1234,2.0769
pipeline,1235,1.9944
pipeline,1236,2.0837
pipeline,1237,1.9377
pipeline,1238,1.8923
pipeline,1239,3.1919
pipeline,1240,1.7789
pipeline,1241,1.9457
pipeline,1242,1.9467
pipeline,1243,1.7695
pipeline,1244,2.4711
pipeline,1245,2.0505
pipeline,1246,3.1441
pipeline,1247,2.0372
pipeline,1248,1.9643
pipeline,1249,2.0284
pipeline,1250,1.8747
pipeline,1251,2.0590
pipeline,1252,2.2195
pipeline,1253,2.3444
pipeline,1254,2.0269
pipeline,1255,1.9445
pipeline,1256,2.0258
pipeline,1257,1.9351
pipeline,1258,2.2585
pipeline,1259,2.6386
pipeline,1260,2.1504
pipeline,1261,2.0213
pipeline,1262,2.1274
pipeline,1263,1.7824
pipeline,1264,1.9392
pipeline,1265,2.2485
pipeline,1266,2.8483
pipeline,1267,2.0160
pipeline,1268,2.0828
pipeline,1269,2.2299
pipeline,1270,1.9108
pipeline,1271,1.9247
pipeline,1272,2.9997
pipeline,1273,1.9201
pipeline,1274,1.8087
pipeline,1275,1.8494
pipeline,1276,1.9746
pipeline,1277,1.7916
pipeline,1278,2.2495
pipeline,1279,3.0706
pipeline,1280,2.2289
pipeline,1281,1.8123
pipeline,1282,1.9830
pipeline,1283,1.9020
pipeline,1284,1.8605
pipeline,1285,2.0194
pipeline,1286,3.0366
pipeline,1287,2.1359
pipeline,1288,1.9836
pipeline,1289,1.8389
pipeline,1290,2.1377
pipeline,1291,1.8190
pipeline,1292,2.2965
pipeline,1293,2.1014
pipeline,1294,2.1227
pipeline,1295,1.9765
pipeline,1296,1.8277
pipeline,1297,1.9032
pipeline,1298,1.7711
pipeline,1299,2.2750
pipeline,1300,2.3586
pipeline,1301,1.9296
pipeline,1302,1.9298
pipeline,1303,2.1333
pipeline,1304,2.0958
pipeline,1305,2.2327
pipeline,1306,2.8170
pipeline,1307,1.9496
pipeline,1308,1.9196
pipeline,1309,1.8713
pipeline,1310,2.0439
pipeline,1311,1.9609
pipeline,1312,1.9416
pipeline,1313,3.1003
pipeline,1314,2.0490
pipeline,1315,1.9272
pipeline,1316,1.8113
pipeline,1317,1.9898
pipeline,1318,2.5404
pipeline,1319,2.4955
pipeline,1320,2.1010
pipeline,1321,1.9683
pipeline,1322,2.0291
pipeline,1323,1.8518
pipeline,1324,1.7643
pipeline,1325,2.2739
pipeline,1326,2.9015
pipeline,1327,1.9986
pipeline,1328,1.8831
pipeline,1329,1.7980
pipeline,1330,1.7580
pipeline,1331,1.9091
pipeline,1332,1.8760
pipeline,1333,3.0925
pipeline,1334,2.2280
pipeline,1335,1.8112
pipeline,1336,1.7885
pipeline,1337,2.0263
pipeline,1338,1.9050
pipeline,1339,1.8526
pipeline,1340,2.4319
pipeline,1341,2.1473
pipeline,1342,2.1448
pipeline,1343,1.9088
pipeline,1344,1.8457
pipeline,1345,1.9542
pipeline,1346,2.1060
pipeline,1347,3.0437
pipeline,1348,1.9067
pipeline,1349,2.0140
pipeline,1350,1.7588
pipeline,1351,1.7448
pipeline,1352,1.7516
pipeline,1353,1.7358
pipeline,1354,3.2135
pipeline,1355,1.9804
pipeline,1356,2.4119
pipeline,1357,2.0599
pipeline,1358,1.9745
pipeline,1359,2.1060
pipeline,1360,2.0286
pipeline,1361,2.4971
pipeline,1362,2.4127
pipeline,1363,1.8143
pipeline,1364,1.8296
pipeline,1365,1.8939
pipeline,1366,1.7575
pipeline,1367,2.1771
pipeline,1368,2.5919
pipeline,1369,1.9913
pipeline,1370,2.1544
pipeline,1371,1.9805
pipeline,1372,2.0146
pipeline,1373,1.9041
pipeline,1374,2.8943
pipeline,1375,2.1741
pipeline,1376,1.9176
pipeline,1377,2.1377
pipeline,1378,1.9192
pipeline,1379,1.9881
pipeline,1380,2.6084
pipeline,1381,2.4304
pipeline,1382,1.8893
pipeline,1383,2.0511
pipeline,1384,1.9711
pipeline,1385,2.2593
pipeline,1386,2.1413
pipeline,1387,2.8003
pipeline,1388,1.9947
pipeline,1389,2.1502
pipeline,1390,2.0040
pipeline,1391,2.0078
pipeline,1392,2.2956
pipeline,1393,2.4702
pipeline,1394,2.4859
pipeline,1395,1.9857
pipeline,1396,1.9514
pipeline,1397,1.9231
pipeline,1398,1.9160
pipeline,1399,1.9384
pipeline,1400,3.3182
pipeline,1401,2.0182
pipeline,1402,1.9239
pipeline,1403,2.1045
pipeline,1404,2.1561
pipeline,1405,1.8482
pipeline,1406,1.9724
pipeline,1407,3.1397
pipeline,1408,2.1663
pipeline,1409,2.0158
pipeline,1410,1.9922
pipeline,1411,2.0797
pipeline,1412,2.4309
pipeline,1413,2.6049
pipeline,1414,1.9864
pipeline,1415,1.8880
pipeline,1416,2.0302
pipeline,1417,1.9538
pipeline,1418,1.9385
pipeline,1419,1.9664
pipeline,1420,2.6949
pipeline,1421,1.9682
pipeline,1422,1.9845
pipeline,1423,2.0971
pipeline,1424,1.8776
pipeline,1425,1.8303
pipeline,1426,1.9871
pipeline,1427,2.3124
pipeline,1428,2.0614
pipeline,1429,2.1406
pipeline,1430,1.8541
pipeline,1431,1.8917
pipeline,1432,2.0362
pipeline,1433,1.8553
pipeline,1434,3.6679
pipeline,1435,1.9609
pipeline,1436,2.1559
pipeline,1437,1.9313
pipeline,1438,1.8618
pipeline,1439,1.8068
pipeline,1440,2.1031
pipeline,1441,2.1708
pipeline,1442,2.0227
pipeline,1443,2.2548
pipeline,1444,2.0873
pipeline,1445,1.9112
pipeline,1446,1.9686
pipeline,1447,2.9606
pipeline,1448,2.0624
pipeline,1449,1.8606
pipeline,1450,1.8130
pipeline,1451,2.1193
pipeline,1452,1.8717
pipeline,1453,1.9076
pipeline,1454,3.0028
pipeline,1455,1.9715
pipeline,1456,2.0236
pipeline,1457,1.9794
pipeline,1458,3.0018
pipeline,1459,1.8732
pipeline,1460,2.2454
pipeline,1461,2.1893
pipeline,1462,1.9750
pipeline,1463,1.8368
pipeline,1464,1.8115
pipeline,1465,2.0148
pipeline,1466,1.9353
pipeline,1467,3.0633
pipeline,1468,1.9761
pipeline,1469,2.1453
pipeline,1470,1.9984
pipeline,1471,1.8908
pipeline,1472,2.4080
pipeline,1473,1.9067
pipeline,1474,2.6769
pipeline,1475,2.0166
pipeline,1476,2.0214
pipeline,1477,1.9310
pipeline,1478,1.8829
pipeline,1479,2.1602
pipeline,1480,2.0682
pipeline,1481,2.6386
pipeline,1482,1.9151
pipeline,1483,1.8592
pipeline,1484,1.9447
pipeline,1485,2.1684
pipeline,1486,1.8350
pipeline,1487,2.8014
pipeline,1488,2.2839
pipeline,1489,2.1600
pipeline,1490,2.2261
pipeline,1491,2.0500
pipeline,1492,1.9789
pipeline,1493,2.0378
pipeline,1494,2.5063
pipeline,1495,2.2572
pipeline,1496,2.1679
pipeline,1497,2.0819
pipeline,1498,1.9648
pipeline,1499,1.8767
pipeline,1500,1.8739
pipeline,1501,3.0282
pipeline,1502,2.2211
pipeline,1503,1.8690
pipeline,1504,2.1493
pipeline,1505,1.8509
pipeline,1506,1.9855
pipeline,1507,2.6827
pipeline,1508,1.9126
pipeline,1509,2.2129
pipeline,1510,1.7925
pipeline,1511,1.9156
pipeline,1512,1.8975
pipeline,1513,2.1546
pipeline,1514,2.4714
pipeline,1515,1.8905
pipeline,1516,1.9619
pipeline,1517,2.3645
pipeline,1518,1.9002
pipeline,1519,1.8709
pipeline,1520,1.9135
pipeline,1521,2.6560
pipeline,1522,1.8616
pipeline,1523,1.9258
pipeline,1524,2.0317
pipeline,1525,2.0279
pipeline,1526,1.9059
pipeline,1527,1.8525
pipeline,1528,2.7040
pipeline,1529,2.0332
pipeline,1530,1.9465
pipeline,1531,2.1878
pipeline,1532,2.1597
pipeline,1533,1.9685
pipeline,1534,2.3898
pipeline,1535,2.4258
pipeline,1536,1.9235
pipeline,1537,1.8699
pipeline,1538,1.9378
pipeline,1539,1.8801
pipeline,1540,2.0740
pipeline,1541,2.9941
pipeline,1542,2.0311
pipeline,1543,1.9824
pipeline,1544,1.9565
pipeline,1545,1.9076
pipeline,1546,2.1027
pipeline,1547,2.6221
pipeline,1548,2.5795
pipeline,1549,2.2707
pipeline,1550,1.8475
pipeline,1551,2.1263
pipeline,1552,1.9975
pipeline,1553,1.8627
pipeline,1554,2.3235
pipeline,1555,2.3722
pipeline,1556,2.0148
pipeline,1557,1.9371
pipeline,1558,2.0576
pipeline,1559,1.9972
pipeline,1560,1.9638
pipeline,1561,2.7312
pipeline,1562,2.1526
pipeline,1563,1.9293
pipeline,1564,2.0755
pipeline,1565,1.9038
pipeline,1566,1.8819
pipeline,1567,1.8554
pipeline,1568,2.7646
pipeline,1569,2.1759
pipeline,1570,2.0508
pipeline,1571,1.9125
pipeline,1572,1.8035
pipeline,1573,1.8819
pipeline,1574,1.9677
pipeline,1575,2.1809
pipeline,1576,2.3362
pipeline,1577,1.9795
pipeline,1578,1.9308
pipeline,1579,2.1282
pipeline,1580,2.1146
pipeline,1581,1.8444
pipeline,1582,2.8717
pipeline,1583,1.8475
pipeline,1584,1.8175
pipeline,1585,1.8427
pipeline,1586,1.8832
pipeline,1587,1.8792
pipeline,1588,1.9128
pipeline,1589,3.0827
pipeline,1590,1.8362
pipeline,1591,1.8799
pipeline,1592,1.8634
pipeline,1593,1.8137
pipeline,1594,1.9956
pipeline,1595,1.8903
pipeline,1596,2.7437
pipeline,1597,1.9230
pipeline,1598,1.8553
pipeline,1599,2.3494
pipeline,1600,2.0074
pipeline,1601,1.8472
pipeline,1602,2.2287
pipeline,1603,2.2088
pipeline,1604,2.0969
pipeline,1605,2.0507
pipeline,1606,2.0491
pipeline,1607,1.9254
pipeline,1608,2.2567
pipeline,1609,2.6585
pipeline,1610,1.9468
pipeline,1611,2.0137
pipeline,1612,1.8493
pipeline,1613,1.8363
pipeline,1614,1.7525
pipeline,1615,2.0333
pipeline,1616,2.5926
pipeline,1617,2.1816
pipeline,1618,1.9808
pipeline,1619,2.0032
pipeline,1620,1.9492
pipeline,1621,2.0095
pipeline,1622,1.9846
pipeline,1623,2.6543
pipeline,1624,1.9377
pipeline,1625,1.9601
pipeline,1626,2.0900
pipeline,1627,2.0938
pipeline,1628,2.1588
pipeline,1629,1.9067
pipeline,1630,3.3114
pipeline,1631,1.9752
pipeline,1632,2.0582
pipeline,1633,1.9114
pipeline,1634,1.7457
pipeline,1635,1.8895
pipeline,1636,3.0144
pipeline,1637,2.1857
pipeline,1638,2.1570
pipeline,1639,1.7806
pipeline,1640,2.0032
pipeline,1641,1.7549
pipeline,1642,1.7422
pipeline,1643,2.9169
pipeline,1644,2.3115
pipeline,1645,1.8126
pipeline,1646,2.0407
pipeline,1647,1.9626
pipeline,1648,1.8496
pipeline,1649,2.0805
pipeline,1650,3.0531
pipeline,1651,2.1626
pipeline,1652,2.1472
pipeline,1653,1.8731
pipeline,1654,1.9985
pipeline,1655,1.8395
pipeline,1656,2.2442
pipeline,1657,2.4317
pipeline,1658,2.0684
pipeline,1659,2.2644
pipeline,1660,2.1355
pipeline,1661,1.9053
pipeline,1662,1.8691
pipeline,1663,2.4766
pipeline,1664,2.1704
pipeline,1665,1.8675
pipeline,1666,1.9510
pipeline,1667,2.0589
pipeline,1668,1.9682
pipeline,1669,1.9366
pipeline,1670,3.0792
pipeline,1671,2.3190
pipeline,1672,1.8937
pipeline,1673,2.0305
pipeline,1674,2.5248
pipeline,1675,1.8985
pipeline,1676,3.2733
pipeline,1677,2.0911
pipeline,1678,1.8681
pipeline,1679,1.9193
pipeline,1680,1.8620
pipeline,1681,2.0779
pipeline,1682,1.9578
pipeline,1683,2.4452
pipeline,1684,2.3072
pipeline,1685,2.1268
pipeline,1686,1.9545
pipeline,1687,1.9953
pipeline,1688,2.0734
pipeline,1689,3.1523
pipeline,1690,2.1577
pipeline,1691,2.0032
pipeline,1692,2.0813
pipeline,1693,2.1553
pipeline,1694,2.1026
pipeline,1695,2.0478
pipeline,1696,2.7204
pipeline,1697,1.9553
pipeline,1698,1.9241
pipeline,1699,2.0613
pipeline,1700,2.1233
pipeline,1701,2.0903
pipeline,1702,2.3694
pipeline,1703,3.0012
pipeline,1704,2.2095
pipeline,1705,1.8701
pipeline,1706,2.0072
pipeline,1707,1.8547
pipeline,1708,1.8638
pipeline,1709,3.0522
pipeline,1710,2.1431
pipeline,1711,1.9028
pipeline,1712,2.0427
pipeline,1713,1.9814
pipeline,1714,1.8603
pipeline,1715,2.5428
pipeline,1716,2.6257
pipeline,1717,1.9971
pipeline,1718,1.9304
pipeline,1719,1.9215
pipeline,1720,2.2786
pipeline,1721,2.0125
pipeline,1722,2.7441
pipeline,1723,2.1677
pipeline,1724,1.9810
pipeline,1725,1.9020
pipeline,1726,1.9042
pipeline,1727,1.8279
pipeline,1728,1.8305
pipeline,1729,3.2507
pipeline,1730,2.0160
pipeline,1731,2.0434
pipeline,1732,1.9606
pipeline,1733,1.8856
pipeline,1734,1.8471
pipeline,1735,1.8661
pipeline,1736,3.1011
pipeline,1737,1.9891
pipeline,1738,2.0197
pipeline,1739,2.0415
pipeline,1740,2.1191
pipeline,1741,1.9309
pipeline,1742,2.6011
pipeline,1743,2.0308
pipeline,1744,1.8818
pipeline,1745,1.9379
pipeline,1746,1.9004
pipeline,1747,1.9954
pipeline,1748,1.9045
pipeline,1749,2.6243
pipeline,1750,2.0085
pipeline,1751,2.0217
pipeline,1752,1.9032
pipeline,1753,2.1109
pipeline,1754,2.7171
pipeline,1755,2.2853
pipeline,1756,2.4327
pipeline,1757,2.0305
pipeline,1758,1.8673
pipeline,1759,1.8825
pipeline,1760,1.9825
pipeline,1761,1.9534
pipeline,1762,2.5495
pipeline,1763,2.0403
pipeline,1764,2.0409
pipeline,1765,1.9415
pipeline,1766,1.9696
pipeline,1767,2.0593
pipeline,1768,2.1740
pipeline,1769,2.2602
pipeline,1770,2.1746
pipeline,1771,1.9228
pipeline,1772,1.8899
pipeline,1773,1.8184
pipeline,1774,1.8432
pipeline,1775,2.0780
pipeline,1776,2.5873
pipeline,1777,2.4534
pipeline,1778,2.0451
pipeline,1779,1.8877
pipeline,1780,1.8463
pipeline,1781,1.8170
pipeline,1782,1.8519
pipeline,1783,2.2645
pipeline,1784,1.9976
pipeline,1785,2.1649
pipeline,1786,2.0719
pipeline,1787,2.0462
pipeline,1788,2.0094
pipeline,1789,1.9958
pipeline,1790,2.8336
pipeline,1791,2.1143
pipeline,1792,1.9700
pipeline,1793,1.8246
pipeline,1794,1.9820
pipeline,1795,1.8808
pipeline,1796,2.0002
pipeline,1797,2.7284
pipeline,1798,1.9938
pipeline,1799,2.1298
pipeline,1800,1.9990
pipeline,1801,1.9667
pipeline,1802,1.8910
pipeline,1803,1.8111
pipeline,1804,2.8167
pipeline,1805,1.9850
pipeline,1806,2.2215
pipeline,1807,2.1915
pipeline,1808,2.0251
pipeline,1809,2.0298
pipeline,1810,3.2854
pipeline,1811,2.0620
pipeline,1812,1.9098
pipeline,1813,2.0692
pipeline,1814,2.1578
pipeline,1815,2.4134
pipeline,1816,2.7359
pipeline,1817,2.1020
pipeline,1818,1.9835
pipeline,1819,1.8873
pipeline,1820,1.9345
pipeline,1821,1.9774
pipeline,1822,2.0185
pipeline,1823,2.6046
pipeline,1824,2.1317
pipeline,1825,1.9648
pipeline,1826,2.0740
pipeline,1827,2.1820
pipeline,1828,1.9861
pipeline,1829,1.8849
pipeline,1830,2.5631
pipeline,1831,1.9825
pipeline,1832,2.0222
pipeline,1833,1.9189
pipeline,1834,2.2794
pipeline,1835,2.3892
pipeline,1836,2.5063
pipeline,1837,2.4481
pipeline,1838,1.9420
pipeline,1839,1.9666
pipeline,1840,2.0234
pipeline,1841,2.0113
pipeline,1842,2.0961
pipeline,1843,3.1334
pipeline,1844,2.0190
pipeline,1845,1.8520
pipeline,1846,1.8929
pipeline,1847,1.7653
pipeline,1848,1.9706
pipeline,1849,1.8942
pipeline,1850,3.1073
pipeline,1851,2.1955
pipeline,1852,2.2093
pipeline,1853,1.9009
pipeline,1854,1.9037
pipeline,1855,1.9896
pipeline,1856,2.0129
pipeline,1857,2.4979
pipeline,1858,1.8879
pipeline,1859,2.0758
pipeline,1860,2.0317
pipeline,1861,1.8454
pipeline,1862,2.0998
pipeline,1863,1.9843
pipeline,1864,2.5811
pipeline,1865,1.9760
pipeline,1866,1.8548
pipeline,1867,1.9027
pipeline,1868,2.0534
pipeline,1869,1.9283
pipeline,1870,3.0619
pipeline,1871,2.1168
pipeline,1872,1.9799
pipeline,1873,2.0676
pipeline,1874,1.9557
pipeline,1875,1.9612
pipeline,1876,2.1038
pipeline,1877,2.7729
pipeline,1878,1.8429
pipeline,1879,2.1067
pipeline,1880,1.9692
pipeline,1881,2.2625
pipeline,1882,2.0564
pipeline,1883,2.5856
pipeline,1884,2.5211
pipeline,1885,2.6394
pipeline,1886,2.0096
pipeline,1887,2.4411
pipeline,1888,1.8804
pipeline,1889,4.9986
pipeline,1890,2.1866
pipeline,1891,1.8520
pipeline,1892,1.8533
pipeline,1893,2.1158
pipeline,1894,2.3436
pipeline,1895,2.2327
pipeline,1896,4.0053
pipeline,1897,2.0805
pipeline,1898,2.0730
pipeline,1899,3.1159
pipeline,1900,7.7121
pipeline,1901,2.0711
pipeline,1902,1.9421
pipeline,1903,1.8913
pipeline,1904,4.2424
pipeline,1905,2.5757
pipeline,1906,2.0825
pipeline,1907,2.0445
pipeline,1908,1.9661
pipeline,1909,2.1222
pipeline,1910,2.0274
pipeline,1911,3.1189
pipeline,1912,2.2653
pipeline,1913,2.0776
pipeline,1914,2.0764
pipeline,1915,2.0141
pipeline,1916,2.2208
pipeline,1917,5.2174
pipeline,1918,2.1352
pipeline,1919,2.0928
pipeline,1920,3.7139
pipeline,1921,4.8743
pipeline,1922,2.5060
pipeline,1923,2.6311
pipeline,1924,2.0765
pipeline,1925,2.1133
pipeline,1926,4.8514
pipeline,1927,3.5454
pipeline,1928,2.1843
pipeline,1929,1.9991
pipeline,1930,2.0624
pipeline,1931,4.7672
pipeline,1932,2.5683
pipeline,1933,2.1099
pipeline,1934,2.0455
pipeline,1935,1.8771
pipeline,1936,5.2201
pipeline,1937,2.0808
pipeline,1938,2.2307
pipeline,1939,2.0598
pipeline,1940,2.1176
pipeline,1941,3.6756
pipeline,1942,3.4271
pipeline,1943,2.0080
pipeline,1944,2.1378
pipeline,1945,1.8512
pipeline,1946,1.8408
pipeline,1947,6.4278
pipeline,1948,2.0675
pipeline,1949,1.8809
pipeline,1950,2.0669
pipeline,1951,1.9992
pipeline,1952,2.2492
pipeline,1953,2.4496
pipeline,1954,1.9289
pipeline,1955,1.9039
pipeline,1956,1.9818
pipeline,1957,3.7540
pipeline,1958,4.7746
pipeline,1959,2.2348
pipeline,1960,2.3886
pipeline,1961,1.9385
pipeline,1962,2.1207
pipeline,1963,2.1770
pipeline,1964,3.4543
pipeline,1965,2.0227
pipeline,1966,2.0424
pipeline,1967,1.9087
pipeline,1968,2.0647
pipeline,1969,1.8993
pipeline,1970,2.7130
pipeline,1971,2.4081
pipeline,1972,2.1043
pipeline,1973,1.9314
pipeline,1974,2.0168
pipeline,1975,5.4820
pipeline,1976,2.1832
pipeline,1977,3.0477
pipeline,1978,1.9475
pipeline,1979,1.9570
pipeline,1980,1.8678
pipeline,1981,1.8097
pipeline,1982,1.9701
pipeline,1983,2.0805
pipeline,1984,1.9609
pipeline,1985,2.0188
pipeline,1986,1.8115
pipeline,1987,1.7539
pipeline,1988,1.8595
pipeline,1989,1.9804
pipeline,1990,2.8238
pipeline,1991,1.9703
pipeline,1992,1.8151
pipeline,1993,1.8652
pipeline,1994,4.7069
pipeline,1995,2.3064
pipeline,1996,1.9685
pipeline,1997,2.9048
pipeline,1998,2.0437
pipeline,1999,1.9598
pipeline,2000,3.2635
pipeline,2001,3.4330
pipeline,2002,3.8823
pipeline,2003,3.0542
pipeline,2004,2.1970
pipeline,2005,4.8606
pipeline,2006,1.9690
pipeline,2007,2.0170
pipeline,2008,1.9163
pipeline,2009,1.9372
pipeline,2010,1.7558
pipeline,2011,3.6444
pipeline,2012,2.0042
pipeline,2013,2.3149
pipeline,2014,1.9266
pipeline,2015,3.0490
pipeline,2016,3.4553
pipeline,2017,1.9682
pipeline,2018,1.9107
pipeline,2019,1.9892
pipeline,2020,1.8985
pipeline,2021,1.9813
pipeline,2022,1.8291
pipeline,2023,4.1210
pipeline,2024,2.0626
pipeline,2025,1.7838
pipeline,2026,2.0038
pipeline,2027,1.8766
pipeline,2028,1.8811
pipeline,2029,4.1452
pipeline,2030,2.1150
pipeline,2031,1.8555
pipeline,2032,1.9089
pipeline,2033,1.8075
pipeline,2034,1.8935
pipeline,2035,3.3888
pipeline,2036,2.7862
pipeline,2037,1.7858
pipeline,2038,1.7503
pipeline,2039,1.9738
pipeline,2040,2.0328
pipeline,2041,1.8117
pipeline,2042,1.9289
pipeline,2043,3.0476
pipeline,2044,2.0236
pipeline,2045,2.3639
pipeline,2046,2.0643
pipeline,2047,1.9207
pipeline,2048,3.3386
pipeline,2049,2.2565
pipeline,2050,2.1184
pipeline,2051,1.8808
pipeline,2052,1.9058
pipeline,2053,1.8122
pipeline,2054,1.7839
pipeline,2055,3.4083
pipeline,2056,2.2493
pipeline,2057,1.9666
pipeline,2058,1.8438
pipeline,2059,2.9949
pipeline,2060,1.8402
pipeline,2061,3.1963
pipeline,2062,1.8958
pipeline,2063,2.0002
pipeline,2064,2.1067
pipeline,2065,1.8632
pipeline,2066,1.9143
pipeline,2067,1.8474
pipeline,2068,2.2003
pipeline,2069,2.3061
pipeline,2070,1.9448
pipeline,2071,2.0481
pipeline,2072,1.9391
pipeline,2073,1.8687
pipeline,2074,3.1952
pipeline,2075,2.1650
pipeline,2076,3.9586
pipeline,2077,2.1272
pipeline,2078,2.0358
pipeline,2079,2.0164
pipeline,2080,4.5682
pipeline,2081,1.8514
pipeline,2082,2.0320
pipeline,2083,1.9426
pipeline,2084,3.3479
pipeline,2085,3.5837
pipeline,2086,2.2023
pipeline,2087,2.1901
pipeline,2088,2.2362
pipeline,2089,2.2292
pipeline,2090,1.9967
pipeline,2091,2.2548
pipeline,2092,2.3461
pipeline,2093,1.8114
pipeline,2094,2.0176
pipeline,2095,1.9262
pipeline,2096,1.7560
pipeline,2097,1.9385
pipeline,2098,4.6373
pipeline,2099,2.1211
pipeline,2100,3.1666
pipeline,2101,1.8089
pipeline,2102,1.9469
pipeline,2103,2.9194
pipeline,2104,2.6907
pipeline,2105,2.0506
pipeline,2106,1.8655
pipeline,2107,1.8975
pipeline,2108,1.8789
pipeline,2109,1.9801
pipeline,2110,2.6658
pipeline,2111,3.6323
pipeline,2112,1.9612
pipeline,2113,1.9057
pipeline,2114,2.0350
pipeline,2115,1.9034
pipeline,2116,3.0939
pipeline,2117,2.0728
pipeline,2118,2.3522
pipeline,2119,1.8440
pipeline,2120,1.8567
pipeline,2121,1.9370
pipeline,2122,3.2248
pipeline,2123,2.1033
pipeline,2124,2.0732
pipeline,2125,2.0168
pipeline,2126,1.8619
pipeline,2127,1.8127
pipeline,2128,1.8620
pipeline,2129,2.1046
pipeline,2130,3.1085
pipeline,2131,1.9701
pipeline,2132,2.4106
pipeline,2133,2.6217
pipeline,2134,1.8789
pipeline,2135,2.3285
pipeline,2136,2.1690
pipeline,2137,1.8487
pipeline,2138,1.7370
pipeline,2139,2.0354
pipeline,2140,2.2232
pipeline,2141,1.8009
pipeline,2142,4.9167
pipeline,2143,1.9108
pipeline,2144,3.4718
pipeline,2145,1.7997
pipeline,2146,2.0617
pipeline,2147,2.9344
pipeline,2148,3.8121
pipeline,2149,1.8120
pipeline,2150,1.8431
pipeline,2151,2.0093
pipeline,2152,1.9768
pipeline,2153,4.2104
pipeline,2154,2.0761
pipeline,2155,1.8339
pipeline,2156,2.0226
pipeline,2157,1.8245
pipeline,2158,1.7575
pipeline,2159,2.9788
pipeline,2160,2.0281
pipeline,2161,4.0661
pipeline,2162,3.1325
pipeline,2163,1.9288
pipeline,2164,1.8400
pipeline,2165,2.7125
pipeline,2166,2.1885
pipeline,2167,1.9084
pipeline,2168,2.0461
pipeline,2169,2.0235
pipeline,2170,3.2675
pipeline,2171,2.3053
pipeline,2172,2.2673
pipeline,2173,1.9178
pipeline,2174,1.9462
pipeline,2175,1.9179
pipeline,2176,2.1910
pipeline,2177,1.8203
pipeline,2178,2.8172
pipeline,2179,2.3292
pipeline,2180,1.9345
pipeline,2181,1.8653
pipeline,2182,1.8585
pipeline,2183,1.8916
pipeline,2184,5.9530
pipeline,2185,3.0622
pipeline,2186,1.7828
pipeline,2187,1.8695
pipeline,2188,1.7633
pipeline,2189,4.5689
pipeline,2190,1.8530
pipeline,2191,2.0883
pipeline,2192,1.8924
pipeline,2193,1.8658
pipeline,2194,1.8447
pipeline,2195,1.8438
pipeline,2196,2.6108
pipeline,2197,2.0185
pipeline,2198,1.9869
pipeline,2199,2.0766
pipeline,2200,1.8210
pipeline,2201,1.7691
pipeline,2202,2.0635
pipeline,2203,3.4422
pipeline,2204,1.8887
pipeline,2205,1.8012
pipeline,2206,1.9743
pipeline,2207,1.8037
pipeline,2208,1.8119
pipeline,2209,5.2625
pipeline,2210,2.0526
pipeline,2211,1.8150
pipeline,2212,3.0273
pipeline,2213,1.9801
pipeline,2214,2.8496
pipeline,2215,2.0683
pipeline,2216,2.0013
pipeline,2217,1.8545
pipeline,2218,1.9473
pipeline,2219,1.8427
pipeline,2220,2.9965
pipeline,2221,2.9860
pipeline,2222,2.2394
pipeline,2223,1.9770
pipeline,2224,2.4022
pipeline,2225,1.9779
pipeline,2226,2.0627
pipeline,2227,2.3198
pipeline,2228,2.2860
pipeline,2229,2.0229
pipeline,2230,3.3877
pipeline,2231,2.1487
pipeline,2232,1.9214
pipeline,2233,2.3819
pipeline,2234,2.9396
pipeline,2235,1.9181
pipeline,2236,1.9843
pipeline,2237,2.0131
pipeline,2238,1.8846
pipeline,2239,3.7508
pipeline,2240,2.9651
pipeline,2241,1.8622
pipeline,2242,1.9050
pipeline,2243,1.8523
pipeline,2244,2.0425
pipeline,2245,5.1808
pipeline,2246,2.0143
pipeline,2247,2.0538
pipeline,2248,2.1373
pipeline,2249,1.8643
pipeline,2250,1.8692
pipeline,2251,4.6783
pipeline,2252,2.1302
pipeline,2253,2.2172
pipeline,2254,1.9948
pipeline,2255,1.7941
pipeline,2256,3.6531
pipeline,2257,3.3070
pipeline,2258,2.0087
pipeline,2259,2.1502
pipeline,2260,2.0513
pipeline,2261,1.8848
pipeline,2262,2.2920
pipeline,2263,2.8998
pipeline,2264,1.9150
pipeline,2265,1.9828
pipeline,2266,1.8816
pipeline,2267,2.0290
pipeline,2268,1.8554
pipeline,2269,3.4070
pipeline,2270,2.0764
pipeline,2271,1.9353
pipeline,2272,2.0631
pipeline,2273,3.5763
pipeline,2274,3.3950
pipeline,2275,3.2511
pipeline,2276,1.8515
pipeline,2277,1.8216
pipeline,2278,1.9006
pipeline,2279,2.0769
pipeline,2280,4.5154
pipeline,2281,2.1063
pipeline,2282,1.8160
pipeline,2283,1.9946
pipeline,2284,2.0096
pipeline,2285,2.0941
pipeline,2286,4.4761
pipeline,2287,2.0320
pipeline,2288,1.8981
pipeline,2289,1.8886
pipeline,2290,1.9730
pipeline,2291,1.8640
pipeline,2292,4.0514
pipeline,2293,1.9963
pipeline,2294,2.0881
pipeline,2295,2.0109
pipeline,2296,2.1156
pipeline,2297,2.0196
pipeline,2298,4.8505
pipeline,2299,1.8737
pipeline,2300,2.0556
pipeline,2301,1.9251
pipeline,2302,1.9996
pipeline,2303,1.8947
pipeline,2304,3.4649
pipeline,2305,2.0643
pipeline,2306,2.0369
pipeline,2307,2.0126
pipeline,2308,1.9072
pipeline,2309,1.8586
pipeline,2310,3.4788
pipeline,2311,2.6227
pipeline,2312,1.9224
pipeline,2313,1.9467
pipeline,2314,1.9685
pipeline,2315,1.8906
pipeline,2316,1.8140
pipeline,2317,2.2126
pipeline,2318,2.1638
pipeline,2319,2.0860
pipeline,2320,1.9209
pipeline,2321,1.9329
pipeline,2322,1.9489
pipeline,2323,1.8660
pipeline,2324,4.3319
pipeline,2325,1.8910
pipeline,2326,2.0780
pipeline,2327,1.9461
pipeline,2328,1.8325
pipeline,2329,2.2880
pipeline,2330,2.2868
pipeline,2331,2.4809
pipeline,2332,1.8909
pipeline,2333,4.7717
pipeline,2334,1.8553
pipeline,2335,3.7260
pipeline,2336,2.2700
pipeline,2337,2.0896
pipeline,2338,1.8049
pipeline,2339,2.2517
pipeline,2340,2.2581
pipeline,2341,4.2210
pipeline,2342,2.0041
pipeline,2343,1.9676
pipeline,2344,1.8350
pipeline,2345,1.8593
pipeline,2346,2.0844
pipeline,2347,2.1489
pipeline,2348,2.3397
pipeline,2349,2.0279
pipeline,2350,2.0717
pipeline,2351,2.0589
pipeline,2352,1.7825
pipeline,2353,1.8907
pipeline,2354,3.5605
pipeline,2355,1.8940
pipeline,2356,2.0130
pipeline,2357,1.9445
pipeline,2358,1.9553
pipeline,2359,1.9331
pipeline,2360,6.1095
pipeline,2361,1.9247
pipeline,2362,1.9802
pipeline,2363,2.1089
pipeline,2364,1.8396
pipeline,2365,1.8507
pipeline,2366,2.1608
pipeline,2367,3.4044
pipeline,2368,1.9107
pipeline,2369,2.0488
pipeline,2370,2.0329
pipeline,2371,2.0246
pipeline,2372,1.9790
pipeline,2373,3.2182
pipeline,2374,2.0141
pipeline,2375,1.8570
pipeline,2376,1.9227
pipeline,2377,2.0454
pipeline,2378,1.9678
pipeline,2379,4.8713
pipeline,2380,2.7881
pipeline,2381,2.2207
pipeline,2382,2.2227
pipeline,2383,1.8446
pipeline,2384,4.8999
pipeline,2385,2.0555
pipeline,2386,2.0753
pipeline,2387,1.9622
pipeline,2388,1.8162
pipeline,2389,1.9524
pipeline,2390,3.8226
pipeline,2391,2.0125
pipeline,2392,1.9206
pipeline,2393,2.4143
pipeline,2394,2.0453
pipeline,2395,1.8702
pipeline,2396,2.5091
pipeline,2397,2.1523
pipeline,2398,2.1395
pipeline,2399,1.7975
pipeline,2400,1.8638
pipeline,2401,2.0437
pipeline,2402,1.9307
pipeline,2403,3.3954
pipeline,2404,2.1027
pipeline,2405,1.8806
pipeline,2406,1.7712
pipeline,2407,2.0690
pipeline,2408,2.0100
pipeline,2409,4.6521
pipeline,2410,1.8334
pipeline,2411,1.8915
pipeline,2412,1.7935
pipeline,2413,1.8258
pipeline,2414,1.8105
pipeline,2415,3.4202
pipeline,2416,3.0447
pipeline,2417,1.9984
pipeline,2418,2.0815
pipeline,2419,3.1878
pipeline,2420,1.8603
pipeline,2421,5.0787
pipeline,2422,3.1165
pipeline,2423,3.6570
pipeline,2424,6.0191
pipeline,2425,3.7219
pipeline,2426,4.0702
pipeline,2427,3.9703
pipeline,2428,4.0428
pipeline,2429,3.3339
pipeline,2430,2.9435
pipeline,2431,3.0583
pipeline,2432,4.2279
pipeline,2433,2.0267
pipeline,2434,2.0164
pipeline,2435,2.7520
pipeline,2436,2.0318
pipeline,2437,1.8570
pipeline,2438,2.0056
pipeline,2439,2.0448
pipeline,2440,2.4652
pipeline,2441,2.1288
pipeline,2442,2.4788
pipeline,2443,4.3952
pipeline,2444,3.7768
pipeline,2445,2.1249
pipeline,2446,2.0196
pipeline,2447,2.0084
pipeline,2448,1.9440
pipeline,2449,4.7322
pipeline,2450,1.8271
pipeline,2451,1.8005
pipeline,2452,3.8609
pipeline,2453,1.8019
pipeline,2454,4.2928
pipeline,2455,1.8175
pipeline,2456,1.9713
pipeline,2457,1.9056
pipeline,2458,2.0214
pipeline,2459,1.9087
pipeline,2460,3.2312
pipeline,2461,1.8853
pipeline,2462,1.8518
pipeline,2463,1.8907
pipeline,2464,1.9196
pipeline,2465,1.8123
pipeline,2466,1.9260
pipeline,2467,3.4224
pipeline,2468,2.7403
pipeline,2469,2.1949
pipeline,2470,1.9720
pipeline,2471,1.9227
pipeline,2472,1.8418
pipeline,2473,2.0705
pipeline,2474,3.1015
pipeline,2475,1.8997
pipeline,2476,1.8438
pipeline,2477,1.8931
pipeline,2478,1.8499
pipeline,2479,1.8514
pipeline,2480,6.7967
pipeline,2481,1.8360
pipeline,2482,1.9468
pipeline,2483,2.0172
pipeline,2484,1.9022
pipeline,2485,3.5817
pipeline,2486,1.9828
pipeline,2487,1.9294
pipeline,2488,1.9927
pipeline,2489,1.8394
pipeline,2490,4.5658
pipeline,2491,2.2266
pipeline,2492,2.1518
pipeline,2493,1.9857
pipeline,2494,2.0839
pipeline,2495,2.1914
pipeline,2496,3.1859
pipeline,2497,3.3379
pipeline,2498,2.0391
pipeline,2499,1.9484
pipeline,2500,1.8167
pipeline,2501,2.0273
pipeline,2502,3.8530
pipeline,2503,2.4576
pipeline,2504,2.0063
pipeline,2505,2.0875
pipeline,2506,1.9712
pipeline,2507,1.8717
pipeline,2508,1.8984
pipeline,2509,1.9985
pipeline,2510,1.9064
pipeline,2511,2.1098
pipeline,2512,2.2843
pipeline,2513,2.1045
pipeline,2514,1.8823
pipeline,2515,3.3611
pipeline,2516,2.5534
pipeline,2517,2.0566
pipeline,2518,2.1231
pipeline,2519,2.2003
pipeline,2520,1.8830
pipeline,2521,1.8474
pipeline,2522,2.2527
pipeline,2523,2.0137
pipeline,2524,1.9543
pipeline,2525,1.8565
pipeline,2526,1.8733
pipeline,2527,2.0342
pipeline,2528,2.1112
pipeline,2529,3.8710
pipeline,2530,2.1090
pipeline,2531,1.8902
pipeline,2532,2.0465
pipeline,2533,1.8318
pipeline,2534,2.1531
pipeline,2535,5.6193
pipeline,2536,1.9160
pipeline,2537,2.0579
pipeline,2538,1.8863
pipeline,2539,1.9837
pipeline,2540,2.9213
pipeline,2541,2.0836
pipeline,2542,2.1063
pipeline,2543,2.0827
pipeline,2544,1.7902
pipeline,2545,1.8906
pipeline,2546,2.1526
pipeline,2547,2.8851
pipeline,2548,2.4131
pipeline,2549,2.0560
pipeline,2550,2.1978
pipeline,2551,2.0171
pipeline,2552,1.8308
pipeline,2553,2.9232
pipeline,2554,2.1942
pipeline,2555,3.2050
pipeline,2556,2.0423
pipeline,2557,2.1125
pipeline,2558,1.8535
pipeline,2559,3.5134
pipeline,2560,2.0301
pipeline,2561,2.6015
pipeline,2562,1.8349
pipeline,2563,2.0535
pipeline,2564,2.0743
pipeline,2565,3.5533
pipeline,2566,2.8912
pipeline,2567,1.9364
pipeline,2568,1.8192
pipeline,2569,2.1938
pipeline,2570,3.0058
pipeline,2571,4.6484
pipeline,2572,1.9967
pipeline,2573,1.9269
pipeline,2574,2.0294
pipeline,2575,1.9301
pipeline,2576,3.3215
pipeline,2577,2.2158
pipeline,2578,1.9678
pipeline,2579,1.8412
pipeline,2580,2.0112
pipeline,2581,3.0048
pipeline,2582,3.0315
pipeline,2583,3.2133
pipeline,2584,1.8968
pipeline,2585,1.8618
pipeline,2586,2.0225
pipeline,2587,1.8715
pipeline,2588,2.0525
pipeline,2589,4.9750
pipeline,2590,1.9314
pipeline,2591,1.8833
pipeline,2592,1.8373
pipeline,2593,2.0084
pipeline,2594,3.1069
pipeline,2595,3.0100
pipeline,2596,2.2639
pipeline,2597,1.8837
pipeline,2598,1.9589
pipeline,2599,3.4815
pipeline,2600,3.8340
pipeline,2601,2.1079
pipeline,2602,2.0051
pipeline,2603,1.9971
pipeline,2604,2.0386
pipeline,2605,1.8706
pipeline,2606,3.0930
pipeline,2607,2.2054
pipeline,2608,1.9203
pipeline,2609,1.9386
pipeline,2610,1.8405
pipeline,2611,1.8725
pipeline,2612,1.8804
pipeline,2613,2.5813
pipeline,2614,2.4870
pipeline,2615,2.0471
pipeline,2616,1.8882
pipeline,2617,2.0145
pipeline,2618,1.9873
pipeline,2619,1.8579
pipeline,2620,2.4416
pipeline,2621,1.8929
pipeline,2622,2.1143
pipeline,2623,1.8618
pipeline,2624,1.8129
pipeline,2625,1.7990
pipeline,2626,2.0124
pipeline,2627,3.1350
pipeline,2628,2.0880
pipeline,2629,1.8546
pipeline,2630,1.8931
pipeline,2631,1.8044
pipeline,2632,1.8540
pipeline,2633,4.7547
pipeline,2634,2.0249
pipeline,2635,1.9065
pipeline,2636,1.9580
pipeline,2637,2.0432
pipeline,2638,2.1781
pipeline,2639,3.6651
pipeline,2640,2.3038
pipeline,2641,2.2107
pipeline,2642,1.9821
pipeline,2643,2.3691
pipeline,2644,1.9232
pipeline,2645,2.6132
pipeline,2646,2.5165
pipeline,2647,2.0645
pipeline,2648,2.1274
pipeline,2649,1.9791
pipeline,2650,1.9636
pipeline,2651,1.8354
pipeline,2652,2.1960
pipeline,2653,2.5154
pipeline,2654,1.8478
pipeline,2655,1.8889
pipeline,2656,1.8229
pipeline,2657,1.7798
pipeline,2658,1.9931
pipeline,2659,2.0924
pipeline,2660,2.4212
pipeline,2661,1.9634
pipeline,2662,1.8577
pipeline,2663,1.9602
pipeline,2664,3.0083
pipeline,2665,2.0374
pipeline,2666,2.7473
pipeline,2667,1.8281
pipeline,2668,2.0489
pipeline,2669,1.8249
pipeline,2670,3.3105
pipeline,2671,1.9125
pipeline,2672,2.7006
pipeline,2673,2.1276
pipeline,2674,2.1091
pipeline,2675,1.9854
pipeline,2676,1.7732
pipeline,2677,1.8430
pipeline,2678,5.4472
pipeline,2679,1.9231
pipeline,2680,1.9283
pipeline,2681,2.1028
pipeline,2682,1.9745
pipeline,2683,3.9016
pipeline,2684,2.0600
pipeline,2685,2.1772
pipeline,2686,2.9606
pipeline,2687,1.9475
pipeline,2688,2.3525
pipeline,2689,2.0798
pipeline,2690,2.5913
pipeline,2691,2.2092
pipeline,2692,1.7582
pipeline,2693,1.7936
pipeline,2694,1.8302
pipeline,2695,1.8363
pipeline,2696,4.6051
pipeline,2697,1.8680
pipeline,2698,2.2368
pipeline,2699,1.8839
pipeline,2700,1.8494
pipeline,2701,1.8366
pipeline,2702,4.1195
pipeline,2703,1.7922
pipeline,2704,1.9099
pipeline,2705,1.9935
pipeline,2706,1.9418
pipeline,2707,1.8499
pipeline,2708,3.2777
pipeline,2709,2.0393
pipeline,2710,1.8349
pipeline,2711,2.0442
pipeline,2712,1.8423
pipeline,2713,3.1839
pipeline,2714,2.8535
pipeline,2715,3.3390
pipeline,2716,1.8167
pipeline,2717,2.6677
pipeline,2718,1.8022
pipeline,2719,1.8977
pipeline,2720,3.2037
pipeline,2721,2.5741
pipeline,2722,1.9604
pipeline,2723,1.7783
pipeline,2724,1.9113
pipeline,2725,2.0848
pipeline,2726,1.9080
pipeline,2727,3.5605
pipeline,2728,1.9597
pipeline,2729,3.0221
pipeline,2730,1.9456
pipeline,2731,1.8153
pipeline,2732,2.3462
pipeline,2733,3.3638
pipeline,2734,1.9323
pipeline,2735,1.8212
pipeline,2736,1.9941
pipeline,2737,1.9856
pipeline,2738,1.8014
pipeline,2739,4.8843
pipeline,2740,1.8669
pipeline,2741,1.8940
pipeline,2742,1.7976
pipeline,2743,1.9975
pipeline,2744,1.8477
pipeline,2745,3.4321
pipeline,2746,3.1506
pipeline,2747,1.9067
pipeline,2748,1.8195
pipeline,2749,1.9271
pipeline,2750,1.9600
pipeline,2751,3.0111
pipeline,2752,3.0520
pipeline,2753,1.8938
pipeline,2754,2.1424
pipeline,2755,3.3536
pipeline,2756,3.0590
pipeline,2757,1.9575
pipeline,2758,2.0515
pipeline,2759,1.9557
pipeline,2760,1.9051
pipeline,2761,1.7768
pipeline,2762,1.9715
pipeline,2763,3.4987
pipeline,2764,2.8895
pipeline,2765,2.1960
pipeline,2766,1.9056
pipeline,2767,1.9120
pipeline,2768,1.8848
pipeline,2769,2.9626
pipeline,2770,1.9505
pipeline,2771,1.8659
pipeline,2772,4.4997
pipeline,2773,2.1229
pipeline,2774,2.2961
pipeline,2775,2.8459
pipeline,2776,1.8886
pipeline,2777,1.9953
pipeline,2778,2.1158
pipeline,2779,1.8429
pipeline,2780,1.9827
pipeline,2781,3.7689
pipeline,2782,2.7096
pipeline,2783,1.9750
pipeline,2784,1.8291
pipeline,2785,2.1791
pipeline,2786,4.8361
pipeline,2787,3.7240
pipeline,2788,1.8648
pipeline,2789,1.9406
pipeline,2790,1.8656
pipeline,2791,2.0177
pipeline,2792,3.7149
pipeline,2793,2.1662
pipeline,2794,1.9100
pipeline,2795,2.0830
pipeline,2796,1.8995
pipeline,2797,3.3083
pipeline,2798,2.1169
pipeline,2799,2.1108
pipeline,2800,1.8657
pipeline,2801,1.9880
pipeline,2802,1.9746
pipeline,2803,1.7371
pipeline,2804,1.7837
pipeline,2805,4.9413
pipeline,2806,1.8878
pipeline,2807,1.8248
pipeline,2808,1.7865
pipeline,2809,1.8329
pipeline,2810,1.8112
pipeline,2811,3.7773
pipeline,2812,1.9248
pipeline,2813,1.8038
pipeline,2814,3.1554
pipeline,2815,1.8568
pipeline,2816,1.9330
pipeline,2817,3.0047
pipeline,2818,2.1374
pipeline,2819,2.6195
pipeline,2820,1.8509
pipeline,2821,1.9408
pipeline,2822,1.8932
pipeline,2823,1.8076
pipeline,2824,2.1844
pipeline,2825,2.4440
pipeline,2826,1.7859
pipeline,2827,1.9602
pipeline,2828,2.0532
pipeline,2829,1.7932
pipeline,2830,1.7883
pipeline,2831,2.0007
pipeline,2832,2.0797
pipeline,2833,2.0343
pipeline,2834,2.0178
pipeline,2835,2.1781
pipeline,2836,2.0278
pipeline,2837,1.9184
pipeline,2838,2.0099
pipeline,2839,3.6035
pipeline,2840,1.8204
pipeline,2841,1.8916
pipeline,2842,2.3041
pipeline,2843,1.8529
pipeline,2844,4.1998
pipeline,2845,1.8221
pipeline,2846,2.0765
pipeline,2847,1.8603
pipeline,2848,1.8838
pipeline,2849,2.0388
pipeline,2850,3.4712
pipeline,2851,2.3124
pipeline,2852,2.0117
pipeline,2853,1.9946
pipeline,2854,1.9870
pipeline,2855,1.8250
pipeline,2856,4.7458
pipeline,2857,2.0760
pipeline,2858,1.8466
pipeline,2859,2.0126
pipeline,2860,1.9607
pipeline,2861,1.9975
pipeline,2862,5.1730
pipeline,2863,1.9444
pipeline,2864,1.8522
pipeline,2865,1.9074
pipeline,2866,2.2928
pipeline,2867,1.9220
pipeline,2868,3.3719
pipeline,2869,1.8170
pipeline,2870,2.0877
pipeline,2871,2.0351
pipeline,2872,1.9011
pipeline,2873,1.9732
pipeline,2874,3.4526
pipeline,2875,4.7246
pipeline,2876,1.8706
pipeline,2877,1.8353
pipeline,2878,1.8022
pipeline,2879,1.8049
pipeline,2880,3.7527
pipeline,2881,1.7894
pipeline,2882,2.0447
pipeline,2883,1.8942
pipeline,2884,1.8263
pipeline,2885,1.8079
pipeline,2886,1.7291
pipeline,2887,4.4246
pipeline,2888,2.1537
pipeline,2889,1.8601
pipeline,2890,1.8730
pipeline,2891,1.7822
pipeline,2892,1.7904
pipeline,2893,3.4330
pipeline,2894,1.8696
pipeline,2895,1.7435
pipeline,2896,2.0171
pipeline,2897,1.9731
pipeline,2898,2.1918
pipeline,2899,2.0405
pipeline,2900,2.2407
pipeline,2901,2.3387
pipeline,2902,2.1034
pipeline,2903,1.9783
pipeline,2904,2.0055
pipeline,2905,1.8931
pipeline,2906,4.7815
pipeline,2907,2.2588
pipeline,2908,2.0342
pipeline,2909,2.1047
pipeline,2910,2.0111
pipeline,2911,3.8196
pipeline,2912,2.0359
pipeline,2913,2.0488
pipeline,2914,1.9671
pipeline,2915,1.8807
pipeline,2916,1.9286
pipeline,2917,1.9309
pipeline,2918,3.1735
pipeline,2919,2.0724
pipeline,2920,2.0973
pipeline,2921,2.8124
pipeline,2922,1.7986
pipeline,2923,1.9996
pipeline,2924,2.3797
pipeline,2925,2.5315
pipeline,2926,2.0576
pipeline,2927,2.0707
pipeline,2928,1.8029
pipeline,2929,1.7872
pipeline,2930,1.8381
pipeline,2931,4.2964
pipeline,2932,2.0580
pipeline,2933,1.9643
pipeline,2934,1.8514
pipeline,2935,2.0211
pipeline,2936,1.8279
pipeline,2937,3.9297
pipeline,2938,1.8802
pipeline,2939,1.9222
pipeline,2940,2.0284
pipeline,2941,1.8039
pipeline,2942,4.5744
pipeline,2943,2.6511
pipeline,2944,1.9880
pipeline,2945,1.8397
pipeline,2946,1.8902
pipeline,2947,1.8131
pipeline,2948,4.3707
pipeline,2949,3.1572
pipeline,2950,2.3175
pipeline,2951,1.8965
pipeline,2952,1.9864
pipeline,2953,1.7881
pipeline,2954,2.9590
pipeline,2955,3.1688
pipeline,2956,2.0002
pipeline,2957,1.9279
pipeline,2958,1.9501
pipeline,2959,1.7998
pipeline,2960,1.8150
pipeline,2961,3.1410
pipeline,2962,1.8888
pipeline,2963,1.9940
pipeline,2964,3.1800
pipeline,2965,2.2158
pipeline,2966,1.8290
pipeline,2967,4.3570
pipeline,2968,1.9952
pipeline,2969,1.8285
pipeline,2970,1.7851
pipeline,2971,1.8682
pipeline,2972,1.9197
pipeline,2973,3.3816
pipeline,2974,1.8953
pipeline,2975,1.9182
pipeline,2976,1.8982
pipeline,2977,1.7746
pipeline,2978,1.9652
pipeline,2979,1.7901
pipeline,2980,1.9093
pipeline,2981,3.1986
pipeline,2982,1.9360
pipeline,2983,1.7976
pipeline,2984,1.9250
pipeline,2985,2.0696
pipeline,2986,3.3669
pipeline,2987,3.7066
pipeline,2988,1.9456
pipeline,2989,1.9613
pipeline,2990,1.8023
pipeline,2991,1.9557
pipeline,2992,2.1323
pipeline,2993,4.2488
pipeline,2994,2.2424
pipeline,2995,2.0018
pipeline,2996,1.9448
pipeline,2997,1.9247
pipeline,2998,1.9667
pipeline,2999,3.8529
pipeline,3000,2.1039
pipeline,3001,1.9663
pipeline,3002,1.7944
pipeline,3003,1.7951
pipeline,3004,3.5563
pipeline,3005,2.0752
pipeline,3006,4.3692
pipeline,3007,3.0319
pipeline,3008,1.8249
pipeline,3009,4.6530
pipeline,3010,2.0965
pipeline,3011,1.8877
pipeline,3012,1.8449
pipeline,3013,1.9628
pipeline,3014,1.8549
pipeline,3015,1.8432
pipeline,3016,2.8592
pipeline,3017,2.0666
pipeline,3018,1.9076
pipeline,3019,1.7768
pipeline,3020,3.2681
pipeline,3021,3.4081
pipeline,3022,2.5157
pipeline,3023,2.0036
pipeline,3024,1.9700
pipeline,3025,1.8257
pipeline,3026,1.9426
pipeline,3027,3.5944
pipeline,3028,2.4424
pipeline,3029,2.1425
pipeline,3030,1.9001
pipeline,3031,1.9913
pipeline,3032,2.0426
pipeline,3033,2.0014
pipeline,3034,2.2583
pipeline,3035,3.1082
pipeline,3036,1.9279
pipeline,3037,1.8419
pipeline,3038,2.0092
pipeline,3039,2.0010
pipeline,3040,4.8962
pipeline,3041,2.1390
pipeline,3042,2.0533
pipeline,3043,1.9628
pipeline,3044,2.1532
pipeline,3045,1.8931
pipeline,3046,2.2025
pipeline,3047,2.1938
pipeline,3048,1.9983
pipeline,3049,3.0834
pipeline,3050,1.8696
pipeline,3051,1.9284
pipeline,3052,5.0984
pipeline,3053,2.0604
pipeline,3054,1.8619
pipeline,3055,1.7986
pipeline,3056,1.8141
pipeline,3057,1.8848
pipeline,3058,3.7091
pipeline,3059,2.2739
pipeline,3060,1.9851
pipeline,3061,1.9018
pipeline,3062,1.8326
pipeline,3063,1.7788
pipeline,3064,3.2390
pipeline,3065,2.9697
pipeline,3066,1.8977
pipeline,3067,1.8462
pipeline,3068,1.9399
pipeline,3069,2.0466
pipeline,3070,2.7827
pipeline,3071,2.2259
pipeline,3072,2.1180
pipeline,3073,1.9852
pipeline,3074,2.0210
pipeline,3075,1.7990
pipeline,3076,1.8420
pipeline,3077,4.4271
pipeline,3078,3.1295
pipeline,3079,1.9932
pipeline,3080,2.0618
pipeline,3081,1.8123
pipeline,3082,1.7710
pipeline,3083,2.4915
pipeline,3084,2.0347
pipeline,3085,2.2560
pipeline,3086,2.1343
pipeline,3087,2.0651
pipeline,3088,1.9863
pipeline,3089,3.2643
pipeline,3090,2.3395
pipeline,3091,2.0948
pipeline,3092,2.2591
pipeline,3093,1.9537
pipeline,3094,1.9253
pipeline,3095,1.8943
pipeline,3096,3.4845
pipeline,3097,1.9973
pipeline,3098,1.8573
pipeline,3099,2.1678
pipeline,3100,1.9600
pipeline,3101,1.8961
pipeline,3102,3.2713
pipeline,3103,2.2100
pipeline,3104,1.8665
pipeline,3105,1.9383
pipeline,3106,1.9798
pipeline,3107,1.9879
pipeline,3108,2.0781
pipeline,3109,3.6327
pipeline,3110,5.2066
pipeline,3111,1.8335
pipeline,3112,2.2006
pipeline,3113,1.9055
pipeline,3114,3.2223
pipeline,3115,2.0015
pipeline,3116,1.8933
pipeline,3117,1.8853
pipeline,3118,1.8226
pipeline,3119,2.4170
pipeline,3120,1.9749
pipeline,3121,3.3628
pipeline,3122,2.1286
pipeline,3123,2.1180
pipeline,3124,1.9118
pipeline,3125,1.9059
pipeline,3126,2.2013
pipeline,3127,2.9807
pipeline,3128,1.9535
pipeline,3129,1.7800
pipeline,3130,2.0470
pipeline,3131,3.1633
pipeline,3132,3.2445
pipeline,3133,3.9881
pipeline,3134,2.0626
pipeline,3135,1.9792
pipeline,3136,2.7724
pipeline,3137,3.1304
pipeline,3138,2.9615
pipeline,3139,1.9916
pipeline,3140,1.8428
pipeline,3141,1.7737
pipeline,3142,1.8491
pipeline,3143,1.9611
pipeline,3144,3.3602
pipeline,3145,2.0049
pipeline,3146,1.8368
pipeline,3147,1.8789
pipeline,3148,1.7746
pipeline,3149,1.8916
pipeline,3150,3.2834
pipeline,3151,1.8806
pipeline,3152,2.3494
pipeline,3153,2.1564
pipeline,3154,1.9482
pipeline,3155,1.8209
pipeline,3156,1.8224
pipeline,3157,2.4757
pipeline,3158,3.4572
pipeline,3159,2.1009
pipeline,3160,1.9431
pipeline,3161,1.8452
pipeline,3162,1.7957
pipeline,3163,1.9038
pipeline,3164,2.4305
pipeline,3165,1.8587
pipeline,3166,1.8591
pipeline,3167,2.2446
pipeline,3168,2.0204
pipeline,3169,2.1721
pipeline,3170,3.5661
pipeline,3171,2.0675
pipeline,3172,1.8539
pipeline,3173,1.9893
pipeline,3174,1.7738
pipeline,3175,3.5262
pipeline,3176,2.8427
pipeline,3177,2.4323
pipeline,3178,1.9515
pipeline,3179,1.8854
pipeline,3180,1.8139
pipeline,3181,1.9829
pipeline,3182,3.8566
pipeline,3183,4.4025
pipeline,3184,2.0983
pipeline,3185,1.9203
pipeline,3186,2.0748
pipeline,3187,2.1191
pipeline,3188,2.3327
pipeline,3189,2.0793
pipeline,3190,2.1316
pipeline,3191,2.0771
pipeline,3192,1.9314
pipeline,3193,2.0830
pipeline,3194,3.5479
pipeline,3195,1.9109
pipeline,3196,2.1025
pipeline,3197,1.9235
pipeline,3198,1.9670
pipeline,3199,2.2001
pipeline,3200,2.1317
pipeline,3201,3.7519
pipeline,3202,1.8594
pipeline,3203,2.2911
pipeline,3204,1.9771
pipeline,3205,2.0208
pipeline,3206,4.4658
pipeline,3207,1.9513
pipeline,3208,2.0371
pipeline,3209,2.0589
pipeline,3210,1.9537
pipeline,3211,1.9849
pipeline,3212,2.3001
pipeline,3213,1.8148
pipeline,3214,2.1251
pipeline,3215,2.1092
pipeline,3216,1.9813
pipeline,3217,1.8299
pipeline,3218,1.8444
pipeline,3219,1.9034
pipeline,3220,5.5976
pipeline,3221,1.9848
pipeline,3222,2.0884
pipeline,3223,2.0194
pipeline,3224,1.8643
pipeline,3225,2.6852
pipeline,3226,1.9513
pipeline,3227,2.0077
pipeline,3228,2.0796
pipeline,3229,2.2938
pipeline,3230,2.0915
pipeline,3231,1.8735
pipeline,3232,3.1628
pipeline,3233,2.0837
pipeline,3234,1.9840
pipeline,3235,2.5096
pipeline,3236,1.9264
pipeline,3237,1.9983
pipeline,3238,3.7215
pipeline,3239,4.6460
pipeline,3240,1.8304
pipeline,3241,1.9373
pipeline,3242,1.7988
pipeline,3243,2.7932
pipeline,3244,2.3503
pipeline,3245,2.2664
pipeline,3246,1.9921
pipeline,3247,2.0218
pipeline,3248,1.7879
pipeline,3249,2.9928
pipeline,3250,2.4758
pipeline,3251,2.2123
pipeline,3252,2.2566
pipeline,3253,1.8768
pipeline,3254,1.9768
pipeline,3255,1.9253
pipeline,3256,3.4534
pipeline,3257,1.8140
pipeline,3258,1.8483
pipeline,3259,1.8279
pipeline,3260,1.9380
pipeline,3261,1.9252
pipeline,3262,4.5619
pipeline,3263,2.4236
pipeline,3264,1.8230
pipeline,3265,1.8876
pipeline,3266,1.8269
pipeline,3267,1.8201
pipeline,3268,1.7266
pipeline,3269,4.7851
pipeline,3270,1.9601
pipeline,3271,1.8923
pipeline,3272,1.8783
pipeline,3273,1.8830
pipeline,3274,2.3253
pipeline,3275,2.4066
pipeline,3276,2.1585
pipeline,3277,1.8967
pipeline,3278,1.8305
pipeline,3279,2.0276
pipeline,3280,1.8528
pipeline,3281,1.8178
pipeline,3282,2.2286
pipeline,3283,4.0392
pipeline,3284,1.8658
pipeline,3285,1.8550
pipeline,3286,2.0147
pipeline,3287,1.8465
pipeline,3288,2.7472
pipeline,3289,2.0650
pipeline,3290,1.9428
pipeline,3291,2.3584
pipeline,3292,1.9450
pipeline,3293,2.0084
pipeline,3294,1.8530
pipeline,3295,2.1103
pipeline,3296,2.0676
pipeline,3297,2.0989
pipeline,3298,2.2887
pipeline,3299,1.8426
pipeline,3300,2.0218
pipeline,3301,2.7327
pipeline,3302,2.4635
pipeline,3303,2.1687
pipeline,3304,1.8566
pipeline,3305,1.9410
pipeline,3306,1.9846
pipeline,3307,1.9516
pipeline,3308,4.5720
pipeline,3309,2.1193
pipeline,3310,2.0157
pipeline,3311,1.8017
pipeline,3312,3.2511
pipeline,3313,4.2316
pipeline,3314,2.0244
pipeline,3315,1.8775
pipeline,3316,2.0481
pipeline,3317,1.8914
pipeline,3318,2.1584
pipeline,3319,1.8382
pipeline,3320,2.1862
pipeline,3321,1.8891
pipeline,3322,2.0274
pipeline,3323,1.8670
pipeline,3324,1.8445
pipeline,3325,1.8170
pipeline,3326,2.9852
pipeline,3327,2.0939
pipeline,3328,2.0396
pipeline,3329,1.9059
pipeline,3330,1.8633
pipeline,3331,2.9293
pipeline,3332,1.8611
pipeline,3333,2.0372
pipeline,3334,3.3800
pipeline,3335,2.1404
pipeline,3336,1.9322
pipeline,3337,1.8833
pipeline,3338,1.9544
pipeline,3339,4.5490
pipeline,3340,2.1443
pipeline,3341,2.0156
pipeline,3342,1.8769
pipeline,3343,2.1696
pipeline,3344,1.8060
pipeline,3345,2.6089
pipeline,3346,2.1939
pipeline,3347,2.0147
pipeline,3348,1.9763
pipeline,3349,2.0276
pipeline,3350,1.9327
pipeline,3351,1.9005
pipeline,3352,1.9068
pipeline,3353,2.5112
pipeline,3354,1.9015
pipeline,3355,1.9924
pipeline,3356,1.9199
pipeline,3357,3.1242
pipeline,3358,4.1340
pipeline,3359,1.9416
pipeline,3360,1.7962
pipeline,3361,1.9775
pipeline,3362,2.0005
pipeline,3363,1.8733
pipeline,3364,3.4390
pipeline,3365,1.9538
pipeline,3366,1.9686
pipeline,3367,1.8793
pipeline,3368,1.8403
pipeline,3369,2.0042
pipeline,3370,2.4022
pipeline,3371,3.3325
pipeline,3372,2.0650
pipeline,3373,2.1814
pipeline,3374,1.8575
pipeline,3375,1.8587
pipeline,3376,2.0082
pipeline,3377,1.8247
pipeline,3378,2.7800
pipeline,3379,1.8999
pipeline,3380,1.9418
pipeline,3381,2.1187
pipeline,3382,2.2330
pipeline,3383,2.0805
pipeline,3384,5.3469
pipeline,3385,1.8408
pipeline,3386,1.8502
pipeline,3387,1.8049
pipeline,3388,1.9289
pipeline,3389,1.8606
pipeline,3390,2.5069
pipeline,3391,1.8912
pipeline,3392,2.2429
pipeline,3393,1.8348
pipeline,3394,1.8305
pipeline,3395,1.9353
pipeline,3396,2.1659
pipeline,3397,3.7366
pipeline,3398,1.8938
pipeline,3399,1.8667
pipeline,3400,1.8478
pipeline,3401,1.8879
pipeline,3402,4.7649
pipeline,3403,3.2248
pipeline,3404,2.2275
pipeline,3405,1.8910
pipeline,3406,1.8810
pipeline,3407,1.8335
pipeline,3408,3.6071
pipeline,3409,2.9983
pipeline,3410,2.1802
pipeline,3411,2.0878
pipeline,3412,1.8218
pipeline,3413,2.0450
pipeline,3414,3.4474
pipeline,3415,3.1081
pipeline,3416,1.8874
pipeline,3417,3.3418
pipeline,3418,2.1157
pipeline,3419,2.8953
pipeline,3420,3.6634
pipeline,3421,1.9714
pipeline,3422,1.9938
pipeline,3423,2.1732
pipeline,3424,1.9929
pipeline,3425,2.0948
pipeline,3426,2.5684
pipeline,3427,1.9629
pipeline,3428,1.9625
pipeline,3429,1.8680
pipeline,3430,2.1738
pipeline,3431,2.0703
pipeline,3432,2.1342
pipeline,3433,2.3507
pipeline,3434,2.4646
pipeline,3435,1.9262
pipeline,3436,1.9984
pipeline,3437,1.9549
pipeline,3438,2.0302
pipeline,3439,2.1867
pipeline,3440,2.1714
pipeline,3441,1.8675
pipeline,3442,1.9884
pipeline,3443,1.8111
pipeline,3444,1.7594
pipeline,3445,1.9353
pipeline,3446,2.2180
pipeline,3447,2.1531
pipeline,3448,1.9803
pipeline,3449,1.8310
pipeline,3450,1.8380
pipeline,3451,1.9567
pipeline,3452,1.7906
pipeline,3453,3.7199
pipeline,3454,1.8694
pipeline,3455,1.9551
pipeline,3456,1.9294
pipeline,3457,1.8008
pipeline,3458,1.8337
pipeline,3459,1.7865
pipeline,3460,3.5707
pipeline,3461,2.1635
pipeline,3462,4.0964
pipeline,3463,1.9046
pipeline,3464,1.8151
pipeline,3465,4.3627
pipeline,3466,2.0758
pipeline,3467,1.8532
pipeline,3468,2.0731
pipeline,3469,1.9142
pipeline,3470,2.0133
pipeline,3471,2.0557
pipeline,3472,2.3360
pipeline,3473,1.9436
pipeline,3474,2.0329
pipeline,3475,2.0303
pipeline,3476,2.0513
pipeline,3477,1.7919
pipeline,3478,3.7290
pipeline,3479,2.6849
pipeline,3480,2.1336
pipeline,3481,3.5776
pipeline,3482,1.9942
pipeline,3483,2.1209
pipeline,3484,2.3180
pipeline,3485,3.0779
pipeline,3486,2.0584
pipeline,3487,2.0343
pipeline,3488,3.2915
pipeline,3489,2.1994
pipeline,3490,2.5455
pipeline,3491,1.8745
pipeline,3492,1.9520
pipeline,3493,1.8709
pipeline,3494,2.1142
pipeline,3495,2.0970
pipeline,3496,2.1753
pipeline,3497,2.2471
pipeline,3498,2.0723
pipeline,3499,2.1901
pipeline,3500,1.9034
pipeline,3501,2.0613
pipeline,3502,2.1199
pipeline,3503,1.9776
pipeline,3504,2.4284
pipeline,3505,3.1309
pipeline,3506,2.0040
pipeline,3507,3.0827
pipeline,3508,3.7454
pipeline,3509,2.4653
pipeline,3510,2.1717
pipeline,3511,2.1390
pipeline,3512,2.1389
pipeline,3513,1.9242
pipeline,3514,2.0024
pipeline,3515,4.5001
pipeline,3516,1.9334
pipeline,3517,2.0106
pipeline,3518,1.8721
pipeline,3519,4.3280
pipeline,3520,3.7897
pipeline,3521,2.0391
pipeline,3522,2.0955
pipeline,3523,1.7876
pipeline,3524,1.9710
pipeline,3525,2.2073
pipeline,3526,1.9968
pipeline,3527,2.0915
pipeline,3528,2.0409
pipeline,3529,1.9026
pipeline,3530,3.4636
pipeline,3531,6.3975
pipeline,3532,2.3556
pipeline,3533,1.9619
pipeline,3534,1.9162
pipeline,3535,1.8084
pipeline,3536,5.4649
pipeline,3537,2.0070
pipeline,3538,2.0844
pipeline,3539,2.0447
pipeline,3540,1.8322
pipeline,3541,1.8745
pipeline,3542,4.3690
pipeline,3543,3.0311
pipeline,3544,2.1648
pipeline,3545,2.2580
pipeline,3546,1.9651
pipeline,3547,3.7572
pipeline,3548,2.8322
pipeline,3549,1.8124
pipeline,3550,1.8816
pipeline,3551,2.1105
pipeline,3552,2.0936
pipeline,3553,4.9173
pipeline,3554,2.0839
pipeline,3555,1.9192
pipeline,3556,1.8106
pipeline,3557,1.8214
pipeline,3558,2.2737
pipeline,3559,1.8109
pipeline,3560,2.2484
pipeline,3561,2.3189
pipeline,3562,2.2910
pipeline,3563,1.8831
pipeline,3564,1.7969
pipeline,3565,1.8616
pipeline,3566,2.4255
pipeline,3567,2.1223
pipeline,3568,1.8759
pipeline,3569,1.9061
pipeline,3570,2.0025
pipeline,3571,1.8627
pipeline,3572,3.6698
pipeline,3573,3.3372
pipeline,3574,1.9604
pipeline,3575,1.8812
pipeline,3576,1.7872
pipeline,3577,1.9464
pipeline,3578,3.6217
pipeline,3579,3.7595
pipeline,3580,2.0064
pipeline,3581,2.0484
pipeline,3582,1.9763
pipeline,3583,2.0642
pipeline,3584,4.7510
pipeline,3585,2.1926
pipeline,3586,3.0803
pipeline,3587,1.9751
pipeline,3588,1.8988
pipeline,3589,5.2247
pipeline,3590,2.5136
pipeline,3591,1.9386
pipeline,3592,1.8562
pipeline,3593,1.9928
pipeline,3594,1.9382
pipeline,3595,3.4725
pipeline,3596,1.9062
pipeline,3597,1.9511
pipeline,3598,1.8731
pipeline,3599,1.8274
pipeline,3600,6.0112
pipeline,3601,1.9595
pipeline,3602,2.1604
pipeline,3603,2.2720
pipeline,3604,1.8322
pipeline,3605,2.0287
pipeline,3606,2.4659
pipeline,3607,2.1091
pipeline,3608,2.1127
pipeline,3609,1.9794
pipeline,3610,2.0599
pipeline,3611,1.9331
pipeline,3612,4.7316
pipeline,3613,2.1019
pipeline,3614,1.9140
pipeline,3615,1.9084
pipeline,3616,1.8379
pipeline,3617,1.9611
pipeline,3618,1.8916
pipeline,3619,2.8523
pipeline,3620,1.9459
pipeline,3621,2.0324
pipeline,3622,2.1532
pipeline,3623,1.8584
pipeline,3624,5.4966
pipeline,3625,2.3612
pipeline,3626,1.9896
pipeline,3627,2.0071
pipeline,3628,1.9253
pipeline,3629,1.9565
pipeline,3630,4.3631
pipeline,3631,2.5293
pipeline,3632,1.9667
pipeline,3633,1.8808
pipeline,3634,2.0692
pipeline,3635,2.1314
pipeline,3636,6.3868
pipeline,3637,2.1169
pipeline,3638,1.9029
pipeline,3639,1.8066
pipeline,3640,2.0290
pipeline,3641,5.0371
pipeline,3642,4.8631
pipeline,3643,2.2553
pipeline,3644,1.8464
pipeline,3645,5.3609
pipeline,3646,2.2034
pipeline,3647,2.0813
pipeline,3648,1.8689
pipeline,3649,1.8713
pipeline,3650,4.8648
pipeline,3651,1.9600
pipeline,3652,2.1155
pipeline,3653,1.8553
pipeline,3654,2.0795
pipeline,3655,1.8733
pipeline,3656,4.0331
pipeline,3657,3.6920
pipeline,3658,2.3140
pipeline,3659,2.0988
pipeline,3660,1.9915
pipeline,3661,5.4367
pipeline,3662,1.9730
pipeline,3663,1.8704
pipeline,3664,2.0591
pipeline,3665,1.9430
pipeline,3666,1.8960
pipeline,3667,2.1100
pipeline,3668,2.1522
pipeline,3669,2.0083
pipeline,3670,1.9550
pipeline,3671,1.8950
pipeline,3672,2.1177
pipeline,3673,1.8664
pipeline,3674,1.9440
pipeline,3675,4.0509
pipeline,3676,2.0398
pipeline,3677,2.0404
pipeline,3678,2.1624
pipeline,3679,1.9192
pipeline,3680,1.8343
pipeline,3681,2.0952
pipeline,3682,4.2869
pipeline,3683,2.1018
pipeline,3684,2.0868
pipeline,3685,2.4426
pipeline,3686,3.0847
pipeline,3687,2.0032
pipeline,3688,2.0753
pipeline,3689,1.9036
pipeline,3690,1.9477
pipeline,3691,1.9612
pipeline,3692,5.7399
pipeline,3693,2.3474
pipeline,3694,2.0101
pipeline,3695,1.9140
pipeline,3696,2.0148
pipeline,3697,4.1103
pipeline,3698,2.4338
pipeline,3699,1.9855
pipeline,3700,1.8999
pipeline,3701,1.8427
pipeline,3702,1.9893
pipeline,3703,2.9040
pipeline,3704,2.2573
pipeline,3705,1.9982
pipeline,3706,1.8774
pipeline,3707,1.9176
pipeline,3708,3.4486
pipeline,3709,4.8007
pipeline,3710,2.1055
pipeline,3711,1.9110
pipeline,3712,1.9602
pipeline,3713,1.8076
pipeline,3714,1.8318
pipeline,3715,1.8698
pipeline,3716,2.8281
pipeline,3717,2.0845
pipeline,3718,2.2149
pipeline,3719,2.1279
pipeline,3720,1.9377
pipeline,3721,1.8611
pipeline,3722,2.2900
pipeline,3723,1.8869
pipeline,3724,5.2270
pipeline,3725,2.4606
pipeline,3726,2.2691
pipeline,3727,3.7756
pipeline,3728,2.0632
pipeline,3729,2.0163
pipeline,3730,1.9542
pipeline,3731,1.9489
pipeline,3732,1.7899
pipeline,3733,3.8311
pipeline,3734,2.0030
pipeline,3735,1.8253
pipeline,3736,1.9208
pipeline,3737,1.8935
pipeline,3738,2.1859
pipeline,3739,3.7993
pipeline,3740,1.9918
pipeline,3741,2.0375
pipeline,3742,1.8783
pipeline,3743,1.7941
pipeline,3744,1.7989
pipeline,3745,4.4685
pipeline,3746,1.9964
pipeline,3747,1.8492
pipeline,3748,1.8194
pipeline,3749,1.8385
pipeline,3750,1.7497
pipeline,3751,1.9702
pipeline,3752,2.0177
pipeline,3753,3.7808
pipeline,3754,2.0050
pipeline,3755,1.8769
pipeline,3756,1.9683
pipeline,3757,1.8705
pipeline,3758,1.8817
pipeline,3759,3.2981
pipeline,3760,2.1582
pipeline,3761,2.1112
pipeline,3762,1.9971
pipeline,3763,2.0119
pipeline,3764,1.7619
pipeline,3765,3.1014
pipeline,3766,3.6463
pipeline,3767,2.1245
pipeline,3768,1.9655
pipeline,3769,2.0093
pipeline,3770,1.7750
pipeline,3771,2.3263
pipeline,3772,2.4593
pipeline,3773,2.2187
pipeline,3774,1.8683
pipeline,3775,1.7951
pipeline,3776,1.8244
pipeline,3777,1.8180
pipeline,3778,4.6502
pipeline,3779,1.9789
pipeline,3780,2.2704
pipeline,3781,1.8808
pipeline,3782,1.8898
pipeline,3783,2.0393
pipeline,3784,2.2560
pipeline,3785,2.0912
pipeline,3786,1.8888
pipeline,3787,2.0149
pipeline,3788,1.8883
pipeline,3789,1.8672
pipeline,3790,2.0669
pipeline,3791,3.7961
pipeline,3792,2.1721
pipeline,3793,1.9089
pipeline,3794,2.1553
pipeline,3795,1.8001
pipeline,3796,4.5811
pipeline,3797,3.1956
pipeline,3798,1.8470
pipeline,3799,1.8993
pipeline,3800,2.1100
pipeline,3801,1.9758
pipeline,3802,2.5284
pipeline,3803,3.8416
pipeline,3804,2.0193
pipeline,3805,1.8251
pipeline,3806,1.8965
pipeline,3807,2.0091
pipeline,3808,1.8794
pipeline,3809,2.1689
pipeline,3810,2.0318
pipeline,3811,4.0590
pipeline,3812,3.5724
pipeline,3813,3.0159
pipeline,3814,3.2202
pipeline,3815,2.0333
pipeline,3816,1.9289
pipeline,3817,1.8647
pipeline,3818,1.7802
pipeline,3819,1.8725
pipeline,3820,2.1057
pipeline,3821,2.7856
pipeline,3822,1.8669
pipeline,3823,2.1642
pipeline,3824,1.9514
pipeline,3825,1.8788
pipeline,3826,1.9267
pipeline,3827,2.2694
pipeline,3828,2.2730
pipeline,3829,1.8955
pipeline,3830,1.9566
pipeline,3831,1.7969
pipeline,3832,1.9582
pipeline,3833,1.9071
pipeline,3834,2.3042
pipeline,3835,2.1970
pipeline,3836,1.8503
pipeline,3837,1.8527
pipeline,3838,1.9637
pipeline,3839,1.9693
pipeline,3840,2.0244
pipeline,3841,4.1922
pipeline,3842,2.0873
pipeline,3843,2.0724
pipeline,3844,1.9607
pipeline,3845,1.8807
pipeline,3846,1.8560
pipeline,3847,2.4620
pipeline,3848,2.1957
pipeline,3849,1.8539
pipeline,3850,2.1074
pipeline,3851,1.9811
pipeline,3852,2.0244
pipeline,3853,1.9132
pipeline,3854,5.9473
pipeline,3855,1.9815
pipeline,3856,1.8884
pipeline,3857,2.1476
pipeline,3858,2.1272
pipeline,3859,4.3236
pipeline,3860,1.8747
pipeline,3861,1.8834
pipeline,3862,2.1309
pipeline,3863,1.9772
pipeline,3864,2.0884
pipeline,3865,4.2418
pipeline,3866,2.0859
pipeline,3867,1.9247
pipeline,3868,2.3081
pipeline,3869,1.9890
pipeline,3870,1.7780
pipeline,3871,5.5259
pipeline,3872,1.9170
pipeline,3873,1.8652
pipeline,3874,1.9857
pipeline,3875,2.1161
pipeline,3876,3.4761
pipeline,3877,2.3289
pipeline,3878,1.9066
pipeline,3879,1.9962
pipeline,3880,1.8277
pipeline,3881,1.7881
pipeline,3882,2.0582
pipeline,3883,2.3083
pipeline,3884,2.2377
pipeline,3885,2.0177
pipeline,3886,1.7964
pipeline,3887,1.8300
pipeline,3888,1.9055
pipeline,3889,1.8367
pipeline,3890,3.4981
pipeline,3891,1.9734
pipeline,3892,1.9851
pipeline,3893,1.9409
pipeline,3894,1.9816
pipeline,3895,1.7617
pipeline,3896,3.4665
pipeline,3897,2.3264
pipeline,3898,2.0911
pipeline,3899,2.8950
pipeline,3900,2.1835
pipeline,3901,2.0853
pipeline,3902,2.2051
pipeline,3903,2.7363
pipeline,3904,1.9496
pipeline,3905,2.1313
pipeline,3906,1.9569
pipeline,3907,1.8475
pipeline,3908,1.9304
pipeline,3909,1.9159
pipeline,3910,2.2626
pipeline,3911,2.1715
pipeline,3912,1.8039
pipeline,3913,2.0247
pipeline,3914,1.7653
pipeline,3915,2.1040
pipeline,3916,2.0107
pipeline,3917,2.3778
pipeline,3918,2.0095
pipeline,3919,1.9999
pipeline,3920,1.8023
pipeline,3921,1.8400
pipeline,3922,2.0298
pipeline,3923,3.9661
pipeline,3924,1.9952
pipeline,3925,1.8531
pipeline,3926,1.9831
pipeline,3927,1.8590
pipeline,3928,5.1353
pipeline,3929,2.6167
pipeline,3930,2.0781
pipeline,3931,2.0506
pipeline,3932,1.9721
pipeline,3933,1.7632
pipeline,3934,3.1862
pipeline,3935,2.2700
pipeline,3936,1.9569
pipeline,3937,1.8938
pipeline,3938,2.2735
pipeline,3939,2.6715
pipeline,3940,5.1454
pipeline,3941,1.9693
pipeline,3942,1.9524
pipeline,3943,3.0898
pipeline,3944,6.9049
pipeline,3945,2.2957
pipeline,3946,2.2007
pipeline,3947,1.8475
pipeline,3948,1.7462
pipeline,3949,1.8178
pipeline,3950,2.1096
pipeline,3951,2.3143
pipeline,3952,1.9955
pipeline,3953,2.0109
pipeline,3954,2.0029
pipeline,3955,2.0324
pipeline,3956,2.0047
pipeline,3957,4.8164
pipeline,3958,1.8441
pipeline,3959,1.9810
pipeline,3960,1.8780
pipeline,3961,1.8746
pipeline,3962,1.8777
pipeline,3963,1.8753
pipeline,3964,3.6458
pipeline,3965,1.9956
pipeline,3966,1.9222
pipeline,3967,1.9175
pipeline,3968,3.4230
pipeline,3969,2.1319
pipeline,3970,2.4349
pipeline,3971,2.0216
pipeline,3972,2.1444
pipeline,3973,2.1233
pipeline,3974,1.9720
pipeline,3975,1.8743
pipeline,3976,2.0092
pipeline,3977,2.2309
pipeline,3978,2.1286
pipeline,3979,1.9092
pipeline,3980,1.8868
pipeline,3981,2.0732
pipeline,3982,1.8755
pipeline,3983,2.2498
pipeline,3984,1.9334
pipeline,3985,3.0384
pipeline,3986,3.1314
pipeline,3987,1.8305
pipeline,3988,1.8633
pipeline,3989,3.1703
pipeline,3990,2.0172
pipeline,3991,2.0501
pipeline,3992,2.4720
pipeline,3993,1.9990
pipeline,3994,1.9193
pipeline,3995,2.1105
pipeline,3996,3.0897
pipeline,3997,2.0415
pipeline,3998,1.9782
pipeline,3999,1.9903
pipeline,4000,1.9337
pipeline,4001,1.9290
pipeline,4002,3.1729
pipeline,4003,2.0578
pipeline,4004,1.9818
pipeline,4005,3.0236
pipeline,4006,2.1578
pipeline,4007,2.7547
pipeline,4008,1.9954
pipeline,4009,2.0393
pipeline,4010,2.7790
pipeline,4011,1.7471
pipeline,4012,1.7854
pipeline,4013,2.2344
pipeline,4014,1.8852
pipeline,4015,2.4438
pipeline,4016,1.8608
pipeline,4017,1.8653
pipeline,4018,1.8484
pipeline,4019,1.7667
pipeline,4020,1.7791
pipeline,4021,2.0660
pipeline,4022,2.0931
pipeline,4023,2.3036
pipeline,4024,1.9258
pipeline,4025,1.9786
pipeline,4026,2.0623
pipeline,4027,1.8839
pipeline,4028,1.9216
pipeline,4029,2.7484
pipeline,4030,1.9178
pipeline,4031,1.9501
pipeline,4032,1.8688
pipeline,4033,1.8014
pipeline,4034,1.9281
pipeline,4035,2.2166
pipeline,4036,3.2411
pipeline,4037,2.1077
pipeline,4038,2.2591
pipeline,4039,2.1666
pipeline,4040,2.0800
pipeline,4041,2.0961
pipeline,4042,3.3025
pipeline,4043,2.3424
pipeline,4044,1.9371
pipeline,4045,1.8347
pipeline,4046,1.9042
pipeline,4047,1.9666
pipeline,4048,3.8245
pipeline,4049,4.2584
pipeline,4050,1.8417
pipeline,4051,1.8267
pipeline,4052,1.9513
pipeline,4053,4.7241
pipeline,4054,1.9536
pipeline,4055,1.8540
pipeline,4056,1.7885
pipeline,4057,2.8592
pipeline,4058,1.7987
pipeline,4059,3.1728
pipeline,4060,1.9105
pipeline,4061,1.9185
pipeline,4062,1.7881
pipeline,4063,1.8314
pipeline,4064,2.0105
pipeline,4065,3.0820
pipeline,4066,3.4741
pipeline,4067,1.9287
pipeline,4068,1.9588
pipeline,4069,1.9152
pipeline,4070,2.1563
pipeline,4071,5.7333
pipeline,4072,1.8305
pipeline,4073,1.9744
pipeline,4074,1.8793
pipeline,4075,3.4833
pipeline,4076,4.0669
pipeline,4077,2.4358
pipeline,4078,2.3352
pipeline,4079,2.0555
pipeline,4080,2.1653
pipeline,4081,3.6510
pipeline,4082,3.2330
pipeline,4083,1.9898
pipeline,4084,2.0126
pipeline,4085,2.0822
pipeline,4086,2.0803
pipeline,4087,2.4323
pipeline,4088,1.9857
pipeline,4089,2.3510
pipeline,4090,1.8527
pipeline,4091,1.8812
pipeline,4092,1.9134
pipeline,4093,2.0536
pipeline,4094,2.9749
pipeline,4095,2.3374
pipeline,4096,1.8679
pipeline,4097,1.8890
pipeline,4098,1.9257
pipeline,4099,2.1643
pipeline,4100,4.6186
pipeline,4101,2.1665
pipeline,4102,1.8448
pipeline,4103,1.7955
pipeline,4104,1.9493
pipeline,4105,1.7993
pipeline,4106,1.8158
pipeline,4107,2.2801
pipeline,4108,1.8751
pipeline,4109,2.2220
pipeline,4110,1.9139
pipeline,4111,1.8426
pipeline,4112,2.3320
pipeline,4113,1.8834
pipeline,4114,4.2965
pipeline,4115,2.1153
pipeline,4116,1.9538
pipeline,4117,1.9080
pipeline,4118,1.9807
pipeline,4119,2.0622
pipeline,4120,2.0456
pipeline,4121,3.5355
pipeline,4122,2.7244
pipeline,4123,1.8422
pipeline,4124,1.9630
pipeline,4125,2.0763
pipeline,4126,2.1447
pipeline,4127,2.2995
pipeline,4128,1.9076
pipeline,4129,1.9754
pipeline,4130,1.9347
pipeline,4131,1.8446
pipeline,4132,1.9764
pipeline,4133,3.8928
pipeline,4134,1.9360
pipeline,4135,2.2584
pipeline,4136,1.9306
pipeline,4137,2.1913
pipeline,4138,1.9714
pipeline,4139,4.2758
pipeline,4140,1.9710
pipeline,4141,1.9327
pipeline,4142,1.9971
pipeline,4143,1.8105
pipeline,4144,1.9276
pipeline,4145,2.7055
pipeline,4146,2.1156
pipeline,4147,2.0733
pipeline,4148,1.9300
pipeline,4149,2.0105
pipeline,4150,1.9261
pipeline,4151,2.1070
pipeline,4152,2.2027
pipeline,4153,2.1149
pipeline,4154,2.0036
pipeline,4155,2.0436
pipeline,4156,1.8445
pipeline,4157,1.8247
pipeline,4158,1.9789
pipeline,4159,5.1105
pipeline,4160,2.0366
pipeline,4161,1.9436
pipeline,4162,1.8809
pipeline,4163,3.4971
pipeline,4164,2.3598
pipeline,4165,1.7641
pipeline,4166,2.0974
pipeline,4167,2.0680
pipeline,4168,1.7764
pipeline,4169,2.2564
pipeline,4170,1.9993
pipeline,4171,2.4857
pipeline,4172,1.9540
pipeline,4173,1.9170
pipeline,4174,1.9340
pipeline,4175,1.8985
pipeline,4176,1.9417
pipeline,4177,1.9903
pipeline,4178,2.1222
pipeline,4179,3.1609
pipeline,4180,1.8793
pipeline,4181,1.8938
pipeline,4182,1.8456
pipeline,4183,1.8262
pipeline,4184,2.8860
pipeline,4185,2.2488
pipeline,4186,2.0293
pipeline,4187,2.0643
pipeline,4188,1.9244
pipeline,4189,1.7866
pipeline,4190,1.8862
pipeline,4191,4.4079
pipeline,4192,2.0699
pipeline,4193,2.0421
pipeline,4194,1.8853
pipeline,4195,1.8897
pipeline,4196,4.8542
pipeline,4197,2.0643
pipeline,4198,2.0217
pipeline,4199,1.9443
pipeline,4200,1.7661
pipeline,4201,1.7226
pipeline,4202,1.9932
pipeline,4203,3.9178
pipeline,4204,2.0804
pipeline,4205,2.0215
pipeline,4206,1.9136
pipeline,4207,3.2968
pipeline,4208,3.3095
pipeline,4209,2.0592
pipeline,4210,1.8542
pipeline,4211,1.8704
pipeline,4212,1.9848
pipeline,4213,2.3750
pipeline,4214,1.9138
pipeline,4215,2.2110
pipeline,4216,2.7859
pipeline,4217,1.9026
pipeline,4218,2.0867
pipeline,4219,1.9250
pipeline,4220,2.1159
pipeline,4221,1.9183
pipeline,4222,3.1540
pipeline,4223,2.0920
pipeline,4224,1.8993
pipeline,4225,1.8076
pipeline,4226,1.8036
pipeline,4227,1.8011
pipeline,4228,2.2569
pipeline,4229,3.3598
pipeline,4230,1.9329
pipeline,4231,1.7869
pipeline,4232,1.8538
pipeline,4233,1.7478
pipeline,4234,1.8999
pipeline,4235,3.4256
pipeline,4236,1.9390
pipeline,4237,1.8417
pipeline,4238,1.8463
pipeline,4239,1.8263
pipeline,4240,3.3074
pipeline,4241,4.7180
pipeline,4242,2.2992
pipeline,4243,2.1503
pipeline,4244,1.8638
pipeline,4245,2.0238
pipeline,4246,1.7560
pipeline,4247,5.1046
pipeline,4248,2.1530
pipeline,4249,1.7778
pipeline,4250,1.8123
pipeline,4251,3.5070
pipeline,4252,5.3619
pipeline,4253,2.0334
pipeline,4254,1.9128
pipeline,4255,2.0414
pipeline,4256,2.3223
pipeline,4257,2.3236
pipeline,4258,2.0805
pipeline,4259,1.9236
pipeline,4260,1.8712
pipeline,4261,1.7706
pipeline,4262,1.8191
pipeline,4263,1.8206
pipeline,4264,3.7134
pipeline,4265,1.9483
pipeline,4266,1.8232
pipeline,4267,1.8702
pipeline,4268,1.9365
pipeline,4269,1.8349
pipeline,4270,1.8925
pipeline,4271,3.7156
pipeline,4272,2.0530
pipeline,4273,1.8524
pipeline,4274,1.8319
pipeline,4275,1.8918
pipeline,4276,2.0338
pipeline,4277,3.1744
pipeline,4278,2.7666
pipeline,4279,2.1065
pipeline,4280,1.8290
pipeline,4281,2.1341
pipeline,4282,2.0747
pipeline,4283,3.0645
pipeline,4284,1.8948
pipeline,4285,1.9330
pipeline,4286,1.7843
pipeline,4287,1.9701
pipeline,4288,1.8552
pipeline,4289,2.3010
pipeline,4290,1.9432
pipeline,4291,2.5690
pipeline,4292,2.1976
pipeline,4293,2.0674
pipeline,4294,2.2394
pipeline,4295,1.9188
pipeline,4296,1.8503
pipeline,4297,2.2476
pipeline,4298,2.3644
pipeline,4299,2.3577
pipeline,4300,1.9860
pipeline,4301,2.0034
pipeline,4302,2.2589
pipeline,4303,1.8996
pipeline,4304,2.4892
pipeline,4305,1.8760
pipeline,4306,2.0117
pipeline,4307,1.8207
pipeline,4308,1.9889
pipeline,4309,1.8824
pipeline,4310,1.7450
pipeline,4311,2.1711
pipeline,4312,2.3578
pipeline,4313,1.9241
pipeline,4314,1.8925
pipeline,4315,1.8780
pipeline,4316,1.9090
pipeline,4317,1.9913
pipeline,4318,2.0662
pipeline,4319,2.2147
pipeline,4320,2.2233
pipeline,4321,1.8371
pipeline,4322,1.8550
pipeline,4323,1.7819
pipeline,4324,2.1014
pipeline,4325,3.3380
pipeline,4326,1.7786
pipeline,4327,1.8337
pipeline,4328,2.0830
pipeline,4329,1.8034
pipeline,4330,1.8548
pipeline,4331,1.7943
pipeline,4332,1.8953
pipeline,4333,1.8607
pipeline,4334,2.1632
pipeline,4335,3.7589
pipeline,4336,1.9833
pipeline,4337,2.1063
pipeline,4338,2.1152
pipeline,4339,2.2113
pipeline,4340,1.9114
pipeline,4341,2.1999
pipeline,4342,1.8004
pipeline,4343,2.3326
pipeline,4344,2.0343
pipeline,4345,4.1867
pipeline,4346,1.9732
pipeline,4347,1.9554
pipeline,4348,1.8913
pipeline,4349,2.1461
pipeline,4350,1.8398
pipeline,4351,1.9152
pipeline,4352,2.2452
pipeline,4353,1.8568
pipeline,4354,2.0861
pipeline,4355,1.8120
pipeline,4356,1.9348
pipeline,4357,2.1328
pipeline,4358,1.7963
pipeline,4359,3.0004
pipeline,4360,1.9719
pipeline,4361,2.0333
pipeline,4362,1.8366
pipeline,4363,1.8205
pipeline,4364,2.2046
pipeline,4365,2.1933
pipeline,4366,3.0107
pipeline,4367,2.0054
pipeline,4368,1.8570
pipeline,4369,1.8273
pipeline,4370,1.7555
pipeline,4371,3.2230
pipeline,4372,2.9452
pipeline,4373,2.0660
pipeline,4374,2.0557
pipeline,4375,2.1168
pipeline,4376,1.9420
pipeline,4377,2.3029
pipeline,4378,2.7301
pipeline,4379,2.0503
pipeline,4380,2.0368
pipeline,4381,1.8297
pipeline,4382,1.7832
pipeline,4383,1.7983
pipeline,4384,4.5362
pipeline,4385,2.3801
pipeline,4386,1.8031
pipeline,4387,1.9306
pipeline,4388,2.0768
pipeline,4389,1.8939
pipeline,4390,3.3590
pipeline,4391,1.9354
pipeline,4392,1.9631
pipeline,4393,1.8510
pipeline,4394,1.9214
pipeline,4395,1.8239
pipeline,4396,1.9907
pipeline,4397,3.4016
pipeline,4398,1.8795
pipeline,4399,1.9391
pipeline,4400,1.9495
pipeline,4401,1.8105
pipeline,4402,1.9781
pipeline,4403,3.5617
pipeline,4404,2.9651
pipeline,4405,3.1638
pipeline,4406,2.2108
pipeline,4407,1.8358
pipeline,4408,1.8407
pipeline,4409,3.6196
pipeline,4410,2.1117
pipeline,4411,1.8349
pipeline,4412,1.8303
pipeline,4413,2.3504
pipeline,4414,2.1918
pipeline,4415,4.3130
pipeline,4416,1.8613
pipeline,4417,1.8052
pipeline,4418,1.8434
pipeline,4419,1.9188
pipeline,4420,1.8790
pipeline,4421,1.8679
pipeline,4422,3.0103
pipeline,4423,2.0984
pipeline,4424,2.5045
pipeline,4425,1.9611
pipeline,4426,1.7838
pipeline,4427,2.0723
pipeline,4428,2.2420
pipeline,4429,2.8340
pipeline,4430,2.1712
pipeline,4431,2.0564
pipeline,4432,1.8978
pipeline,4433,1.8962
pipeline,4434,1.9315
pipeline,4435,3.4860
pipeline,4436,1.9794
pipeline,4437,2.0224
pipeline,4438,2.0322
pipeline,4439,1.8225
pipeline,4440,2.8504
pipeline,4441,2.9423
pipeline,4442,2.0998
pipeline,4443,1.8313
pipeline,4444,2.0765
pipeline,4445,1.9156
pipeline,4446,1.9188
pipeline,4447,1.9917
pipeline,4448,2.8963
pipeline,4449,3.2909
pipeline,4450,1.9190
pipeline,4451,1.9255
pipeline,4452,1.8492
pipeline,4453,3.1570
pipeline,4454,3.0666
pipeline,4455,1.9183
pipeline,4456,1.8506
pipeline,4457,2.9208
pipeline,4458,1.7777
pipeline,4459,3.2346
pipeline,4460,2.0602
pipeline,4461,1.9908
pipeline,4462,1.9080
pipeline,4463,1.8881
pipeline,4464,2.1180
pipeline,4465,1.8624
pipeline,4466,2.2578
pipeline,4467,4.1353
pipeline,4468,2.2904
pipeline,4469,1.9923
pipeline,4470,2.9681
pipeline,4471,2.5781
pipeline,4472,1.9853
pipeline,4473,1.8026
pipeline,4474,1.7773
pipeline,4475,2.0668
pipeline,4476,1.8755
pipeline,4477,4.5387
pipeline,4478,2.0188
pipeline,4479,1.9734
pipeline,4480,2.0105
pipeline,4481,1.7631
pipeline,4482,2.2717
pipeline,4483,1.9061
pipeline,4484,2.9591
pipeline,4485,1.9066
pipeline,4486,1.9434
pipeline,4487,1.8673
pipeline,4488,1.9235
pipeline,4489,2.0544
pipeline,4490,2.0204
pipeline,4491,2.5895
pipeline,4492,1.9647
pipeline,4493,1.9221
pipeline,4494,1.8760
pipeline,4495,1.7423
pipeline,4496,1.8660
pipeline,4497,2.0156
pipeline,4498,3.3965
pipeline,4499,1.9050
pipeline,4500,1.8596
pipeline,4501,1.8384
pipeline,4502,1.8898
pipeline,4503,2.1021
pipeline,4504,2.9671
pipeline,4505,2.9390
pipeline,4506,1.9259
pipeline,4507,1.7913
pipeline,4508,1.8156
pipeline,4509,1.7875
pipeline,4510,1.7589
pipeline,4511,3.2820
pipeline,4512,4.5380
pipeline,4513,2.9778
pipeline,4514,1.9323
pipeline,4515,1.9009
pipeline,4516,3.1299
pipeline,4517,2.3245
pipeline,4518,2.0058
pipeline,4519,1.8528
pipeline,4520,1.9566
pipeline,4521,3.2147
pipeline,4522,3.6789
pipeline,4523,2.1332
pipeline,4524,1.8465
pipeline,4525,1.7856
pipeline,4526,2.1023
pipeline,4527,1.8366
pipeline,4528,3.6300
pipeline,4529,2.0475
pipeline,4530,2.0789
pipeline,4531,1.9126
pipeline,4532,2.0449
pipeline,4533,1.9881
pipeline,4534,3.3896
pipeline,4535,3.0982
pipeline,4536,1.8701
pipeline,4537,2.1456
pipeline,4538,1.9708
pipeline,4539,1.9445
pipeline,4540,4.6425
pipeline,4541,2.0369
pipeline,4542,1.8900
pipeline,4543,2.0104
pipeline,4544,1.8876
pipeline,4545,1.9164
pipeline,4546,3.0044
pipeline,4547,2.0184
pipeline,4548,1.9061
pipeline,4549,1.8946
pipeline,4550,1.8595
pipeline,4551,2.2258
pipeline,4552,2.0574
pipeline,4553,2.9928
pipeline,4554,2.2785
pipeline,4555,1.8794
pipeline,4556,2.9209
pipeline,4557,1.8015
pipeline,4558,2.2871
pipeline,4559,2.3002
pipeline,4560,3.7088
pipeline,4561,1.9175
pipeline,4562,2.0357
pipeline,4563,3.4557
pipeline,4564,3.2678
pipeline,4565,3.1499
pipeline,4566,1.7891
pipeline,4567,1.9354
pipeline,4568,1.8388
pipeline,4569,2.0362
pipeline,4570,2.0439
pipeline,4571,3.2117
pipeline,4572,1.9377
pipeline,4573,1.9790
pipeline,4574,1.8484
pipeline,4575,2.1415
pipeline,4576,1.9073
pipeline,4577,4.5499
pipeline,4578,2.1771
pipeline,4579,3.5232
pipeline,4580,1.9918
pipeline,4581,1.8905
pipeline,4582,4.7402
pipeline,4583,2.1374
pipeline,4584,1.8476
pipeline,4585,1.8527
pipeline,4586,1.9004
pipeline,4587,1.8246
pipeline,4588,1.8459
pipeline,4589,2.7174
pipeline,4590,2.0631
pipeline,4591,1.9222
pipeline,4592,2.0308
pipeline,4593,2.1694
pipeline,4594,1.8639
pipeline,4595,3.3377
pipeline,4596,1.9355
pipeline,4597,2.0236
pipeline,4598,1.9002
pipeline,4599,2.0665
pipeline,4600,1.9057
pipeline,4601,1.9921
pipeline,4602,2.4125
pipeline,4603,3.4167
pipeline,4604,2.0443
pipeline,4605,1.8963
pipeline,4606,3.6051
pipeline,4607,5.7051
pipeline,4608,2.0799
pipeline,4609,2.1112
pipeline,4610,2.0857
pipeline,4611,2.2694
pipeline,4612,4.4698
pipeline,4613,2.0083
pipeline,4614,2.0744
pipeline,4615,2.1102
pipeline,4616,1.8888
pipeline,4617,2.1634
pipeline,4618,2.3539
pipeline,4619,2.1386
pipeline,4620,3.5374
pipeline,4621,1.9683
pipeline,4622,2.0562
pipeline,4623,1.9724
pipeline,4624,3.1940
pipeline,4625,1.8288
pipeline,4626,1.9037
pipeline,4627,1.8243
pipeline,4628,1.8294
pipeline,4629,1.9698
pipeline,4630,3.7030
pipeline,4631,3.0750
pipeline,4632,1.8189
pipeline,4633,1.8226
pipeline,4634,1.9529
pipeline,4635,1.8761
pipeline,4636,3.7781
pipeline,4637,2.8601
pipeline,4638,1.8902
pipeline,4639,3.2845
pipeline,4640,1.8641
pipeline,4641,4.0143
pipeline,4642,2.1961
pipeline,4643,1.8530
pipeline,4644,1.8121
pipeline,4645,1.9394
pipeline,4646,2.0160
pipeline,4647,4.4803
pipeline,4648,2.2302
pipeline,4649,1.9643
pipeline,4650,1.9725
pipeline,4651,1.7894
pipeline,4652,1.7805
pipeline,4653,1.9652
pipeline,4654,5.2382
pipeline,4655,2.2802
pipeline,4656,1.9739
pipeline,4657,1.8657
pipeline,4658,1.9130
pipeline,4659,1.9921
pipeline,4660,3.0815
pipeline,4661,1.7807
pipeline,4662,3.2350
pipeline,4663,2.0207
pipeline,4664,1.8345
pipeline,4665,1.7938
pipeline,4666,1.9330
pipeline,4667,1.8603
pipeline,4668,2.1902
pipeline,4669,2.1101
pipeline,4670,1.9938
pipeline,4671,1.9301
pipeline,4672,1.9250
pipeline,4673,2.2064
pipeline,4674,2.0652
pipeline,4675,1.9622
pipeline,4676,2.1611
pipeline,4677,1.9874
pipeline,4678,1.9861
pipeline,4679,1.7482
pipeline,4680,4.1311
pipeline,4681,1.8098
pipeline,4682,1.8068
pipeline,4683,1.9210
pipeline,4684,2.8354
pipeline,4685,1.7482
pipeline,4686,2.3364
pipeline,4687,3.3403
pipeline,4688,1.9515
pipeline,4689,2.0094
pipeline,4690,2.0280
pipeline,4691,2.2971
pipeline,4692,2.3757
pipeline,4693,3.0596
pipeline,4694,1.9965
pipeline,4695,1.7986
pipeline,4696,1.9658
pipeline,4697,1.9284
pipeline,4698,2.2022
pipeline,4699,2.1908
pipeline,4700,3.5350
pipeline,4701,1.8888
pipeline,4702,2.2284
pipeline,4703,1.9108
pipeline,4704,1.9021
pipeline,4705,2.0326
pipeline,4706,2.1503
pipeline,4707,1.8858
pipeline,4708,2.0229
pipeline,4709,1.9518
pipeline,4710,1.9690
pipeline,4711,1.8197
pipeline,4712,2.4185
pipeline,4713,2.1129
pipeline,4714,2.1190
pipeline,4715,1.8932
pipeline,4716,1.8213
pipeline,4717,2.0413
pipeline,4718,1.9566
pipeline,4719,2.2581
pipeline,4720,3.7434
pipeline,4721,1.7664
pipeline,4722,1.8165
pipeline,4723,1.8055
pipeline,4724,1.9287
pipeline,4725,3.2867
pipeline,4726,1.8846
pipeline,4727,2.7339
pipeline,4728,2.0476
pipeline,4729,1.9160
pipeline,4730,1.9253
pipeline,4731,2.0632
pipeline,4732,2.2446
pipeline,4733,2.0356
pipeline,4734,1.7910
pipeline,4735,2.0532
pipeline,4736,1.8033
pipeline,4737,1.7862
pipeline,4738,2.2271
pipeline,4739,3.8669
pipeline,4740,1.9816
pipeline,4741,1.9723
pipeline,4742,2.1089
pipeline,4743,1.9079
pipeline,4744,1.9367
pipeline,4745,2.1301
pipeline,4746,2.3062
pipeline,4747,1.8632
pipeline,4748,2.1309
pipeline,4749,1.9752
pipeline,4750,2.4536
pipeline,4751,1.7566
pipeline,4752,4.5518
pipeline,4753,2.0103
pipeline,4754,2.1353
pipeline,4755,1.9329
pipeline,4756,1.9076
pipeline,4757,3.6719
pipeline,4758,4.1876
pipeline,4759,2.1253
pipeline,4760,1.9396
pipeline,4761,2.0093
pipeline,4762,2.0390
pipeline,4763,2.0946
pipeline,4764,2.2544
pipeline,4765,1.9748
pipeline,4766,1.8106
pipeline,4767,1.8474
pipeline,4768,1.7624
pipeline,4769,1.8175
pipeline,4770,5.0362
pipeline,4771,1.7842
pipeline,4772,2.0166
pipeline,4773,1.8790
pipeline,4774,2.7276
pipeline,4775,2.9014
pipeline,4776,2.8536
pipeline,4777,1.9005
pipeline,4778,1.8129
pipeline,4779,1.7620
pipeline,4780,1.7500
pipeline,4781,2.0778
pipeline,4782,3.5625
pipeline,4783,2.3272
pipeline,4784,1.9916
pipeline,4785,1.9250
pipeline,4786,1.9039
pipeline,4787,2.0079
pipeline,4788,2.5204
pipeline,4789,2.0415
pipeline,4790,2.0618
pipeline,4791,1.7511
pipeline,4792,2.0266
pipeline,4793,1.9683
pipeline,4794,1.9023
pipeline,4795,3.1712
pipeline,4796,2.2611
pipeline,4797,1.8324
pipeline,4798,1.9612
pipeline,4799,1.8554
pipeline,4800,3.3675
pipeline,4801,2.1363
pipeline,4802,2.1355
pipeline,4803,1.9810
pipeline,4804,2.1400
pipeline,4805,2.0791
pipeline,4806,2.1757
pipeline,4807,1.9490
pipeline,4808,1.9146
pipeline,4809,2.6105
pipeline,4810,2.1610
pipeline,4811,2.0020
pipeline,4812,2.0729
pipeline,4813,2.9650
pipeline,4814,1.8985
pipeline,4815,2.8229
pipeline,4816,2.1208
pipeline,4817,2.0034
pipeline,4818,2.1490
pipeline,4819,2.0031
pipeline,4820,2.1311
pipeline,4821,5.0797
pipeline,4822,2.3112
pipeline,4823,2.0131
pipeline,4824,1.8679
pipeline,4825,1.9612
pipeline,4826,2.0640
pipeline,4827,2.9918
pipeline,4828,2.3880
pipeline,4829,1.8970
pipeline,4830,2.1922
pipeline,4831,1.8077
pipeline,4832,2.0194
pipeline,4833,4.6827
pipeline,4834,2.0224
pipeline,4835,1.9978
pipeline,4836,2.0081
pipeline,4837,2.0106
pipeline,4838,1.8997
pipeline,4839,1.9922
pipeline,4840,2.4034
pipeline,4841,2.0391
pipeline,4842,1.9182
pipeline,4843,1.7141
pipeline,4844,2.0636
pipeline,4845,1.7871
pipeline,4846,2.0529
pipeline,4847,1.9263
pipeline,4848,2.1113
pipeline,4849,1.8485
pipeline,4850,1.8696
pipeline,4851,1.9270
pipeline,4852,1.9064
pipeline,4853,3.6041
pipeline,4854,2.4560
pipeline,4855,2.1203
pipeline,4856,1.8490
pipeline,4857,2.0783
pipeline,4858,4.7350
pipeline,4859,4.1807
pipeline,4860,2.0910
pipeline,4861,1.9435
pipeline,4862,1.8479
pipeline,4863,1.7391
pipeline,4864,5.0737
pipeline,4865,1.9682
pipeline,4866,1.8100
pipeline,4867,2.1203
pipeline,4868,2.1007
pipeline,4869,1.8507
pipeline,4870,2.0657
pipeline,4871,3.4167
pipeline,4872,1.9600
pipeline,4873,1.8156
pipeline,4874,2.2638
pipeline,4875,2.0707
pipeline,4876,3.7190
pipeline,4877,1.8345
pipeline,4878,2.3038
pipeline,4879,2.1138
pipeline,4880,2.6798
pipeline,4881,3.3871
pipeline,4882,2.5281
pipeline,4883,2.1318
pipeline,4884,2.2332
pipeline,4885,2.0916
pipeline,4886,1.9275
pipeline,4887,1.8883
pipeline,4888,4.1332
pipeline,4889,1.8938
pipeline,4890,1.8533
pipeline,4891,1.8902
pipeline,4892,2.0096
pipeline,4893,2.2641
pipeline,4894,1.9972
pipeline,4895,1.9657
pipeline,4896,1.9793
pipeline,4897,1.8104
pipeline,4898,1.9159
pipeline,4899,1.8524
pipeline,4900,1.9388
pipeline,4901,1.8104
pipeline,4902,2.7069
pipeline,4903,1.8934
pipeline,4904,1.8776
pipeline,4905,1.8346
pipeline,4906,1.9402
pipeline,4907,1.8270
pipeline,4908,4.6121
pipeline,4909,2.1734
pipeline,4910,1.9074
pipeline,4911,1.8408
pipeline,4912,1.9080
pipeline,4913,1.9366
pipeline,4914,3.5623
pipeline,4915,3.6286
pipeline,4916,2.0169
pipeline,4917,1.8578
pipeline,4918,1.8910
pipeline,4919,1.9717
pipeline,4920,2.1803
pipeline,4921,4.4810
pipeline,4922,1.9951
pipeline,4923,1.9346
pipeline,4924,1.8158
pipeline,4925,2.1754
pipeline,4926,2.9091
pipeline,4927,2.2579
pipeline,4928,2.4788
pipeline,4929,1.7855
pipeline,4930,1.7548
pipeline,4931,1.7827
pipeline,4932,3.4321
pipeline,4933,3.2111
pipeline,4934,1.8778
pipeline,4935,2.1170
pipeline,4936,1.8515
pipeline,4937,1.8872
pipeline,4938,2.2164
pipeline,4939,2.7068
pipeline,4940,1.8667
pipeline,4941,2.1479
pipeline,4942,1.8246
pipeline,4943,2.0016
pipeline,4944,1.8230
pipeline,4945,1.8196
pipeline,4946,2.7854
pipeline,4947,2.1722
pipeline,4948,1.9609
pipeline,4949,1.8525
pipeline,4950,2.0441
pipeline,4951,1.7917
pipeline,4952,4.5556
pipeline,4953,1.8445
pipeline,4954,1.9392
pipeline,4955,1.9452
pipeline,4956,1.8696
pipeline,4957,2.0725
pipeline,4958,4.7583
pipeline,4959,1.9802
pipeline,4960,1.9303
pipeline,4961,1.8631
pipeline,4962,1.9064
pipeline,4963,1.8074
pipeline,4964,3.5848
pipeline,4965,1.9037
pipeline,4966,1.7950
pipeline,4967,1.7545
pipeline,4968,3.1634
pipeline,4969,1.9669
pipeline,4970,3.0605
pipeline,4971,2.0157
pipeline,4972,2.2314
pipeline,4973,1.8091
pipeline,4974,1.8305
pipeline,4975,1.8477
pipeline,4976,1.9822
pipeline,4977,2.5922
pipeline,4978,2.8606
pipeline,4979,2.0925
pipeline,4980,2.0418
pipeline,4981,1.8572
pipeline,4982,1.8661
pipeline,4983,4.5196
pipeline,4984,2.0137
pipeline,4985,1.8648
pipeline,4986,2.0036
pipeline,4987,1.8657
pipeline,4988,1.8405
pipeline,4989,2.1542
pipeline,4990,2.0541
pipeline,4991,1.8557
pipeline,4992,1.8265
pipeline,4993,2.2993
pipeline,4994,1.9532
pipeline,4995,1.7825
pipeline,4996,3.7836
pipeline,4997,4.5153
pipeline,4998,2.2931
pipeline,4999,1.9038
