"component","iteration","latency_ms"
"risk","0","0.0847"
"risk","1","0.0841"
"risk","2","0.0819"
"risk","3","0.1009"
"risk","4","0.0837"
"risk","5","0.0922"
"risk","6","0.0840"
"risk","7","0.0826"
"risk","8","0.1001"
"risk","9","0.0847"
"risk","10","0.0833"
"risk","11","0.0840"
"risk","12","0.0827"
"risk","13","0.0916"
"risk","14","0.0825"
"risk","15","0.0835"
"risk","16","0.0832"
"risk","17","0.0826"
"risk","18","0.0813"
"risk","19","0.0821"
"risk","20","0.0821"
"risk","21","0.0837"
"risk","22","0.0825"
"risk","23","0.0818"
"risk","24","0.0809"
"risk","25","0.0832"
"risk","26","0.0826"
"risk","27","0.0820"
"risk","28","0.0849"
"risk","29","0.0805"
"risk","30","0.0837"
"risk","31","0.0829"
"risk","32","0.0848"
"risk","33","0.0890"
"risk","34","0.0838"
"risk","35","0.0817"
"risk","36","0.0792"
"risk","37","0.0839"
"risk","38","0.0826"
"risk","39","0.0838"
"risk","40","0.0835"
"risk","41","0.0812"
"risk","42","0.0822"
"risk","43","0.0824"
"risk","44","0.0815"
"risk","45","0.0863"
"risk","46","0.0843"
"risk","47","0.0821"
"risk","48","0.0828"
"risk","49","0.1298"
"risk","50","0.1037"
"risk","51","0.0956"
"risk","52","0.0823"
"risk","53","0.0811"
"risk","54","0.0951"
"risk","55","0.1128"
"risk","56","0.1021"
"risk","57","0.1046"
"risk","58","0.0906"
"risk","59","0.0877"
"risk","60","0.1252"
"risk","61","0.1840"
"risk","62","0.0849"
"risk","63","0.1906"
"risk","64","0.0927"
"risk","65","0.0925"
"risk","66","0.1104"
"risk","67","0.0884"
"risk","68","0.0948"
"risk","69","0.0836"
"risk","70","0.0861"
"risk","71","0.0891"
"risk","72","0.1160"
"risk","73","0.0916"
"risk","74","0.0858"
"risk","75","0.0781"
"risk","76","0.0846"
"risk","77","0.1042"
"risk","78","0.1013"
"risk","79","0.0972"
"risk","80","1.4104"
"risk","81","0.2783"
"risk","82","0.3178"
"risk","83","0.1934"
"risk","84","0.0931"
"risk","85","0.0944"
"risk","86","0.2657"
"risk","87","0.1160"
"risk","88","0.1070"
"risk","89","0.0888"
"risk","90","0.0897"
"risk","91","0.5191"
"risk","92","0.0870"
"risk","93","0.7821"
"risk","94","0.0914"
"risk","95","0.0845"
"risk","96","0.1098"
"risk","97","0.0833"
"risk","98","0.1388"
"risk","99","0.0891"
"risk","100","0.0863"
"risk","101","0.0849"
"risk","102","0.0856"
"risk","103","0.0847"
"risk","104","0.0859"
"risk","105","0.0893"
"risk","106","0.0867"
"risk","107","0.0955"
"risk","108","0.0890"
"risk","109","0.0861"
"risk","110","0.0835"
"risk","111","0.0842"
"risk","112","0.0960"
"risk","113","0.0837"
"risk","114","0.0869"
"risk","115","0.0839"
"risk","116","0.0926"
"risk","117","0.0872"
"risk","118","0.0874"
"risk","119","0.0855"
"risk","120","0.0939"
"risk","121","0.0869"
"risk","122","0.0854"
"risk","123","0.0874"
"risk","124","0.0882"
"risk","125","0.0876"
"risk","126","0.0972"
"risk","127","0.0852"
"risk","128","0.0866"
"risk","129","0.0862"
"risk","130","0.0844"
"risk","131","0.0872"
"risk","132","0.0821"
"risk","133","0.0836"
"risk","134","0.0844"
"risk","135","0.0834"
"risk","136","0.0833"
"risk","137","0.0853"
"risk","138","0.0848"
"risk","139","0.1350"
"risk","140","0.0842"
"risk","141","0.0877"
"risk","142","0.1174"
"risk","143","0.0854"
"risk","144","0.0869"
"risk","145","0.0836"
"risk","146","0.0873"
"risk","147","0.0867"
"risk","148","0.0843"
"risk","149","0.0879"
"risk","150","0.0885"
"risk","151","0.0844"
"risk","152","0.0862"
"risk","153","0.0853"
"risk","154","0.0838"
"risk","155","0.0919"
"risk","156","0.0872"
"risk","157","0.0862"
"risk","158","0.0837"
"risk","159","0.0833"
"risk","160","0.0858"
"risk","161","0.0842"
"risk","162","0.0849"
"risk","163","0.0867"
"risk","164","0.0849"
"risk","165","0.0855"
"risk","166","0.0844"
"risk","167","0.0828"
"risk","168","0.0834"
"risk","169","0.0977"
"risk","170","0.0845"
"risk","171","0.0842"
"risk","172","0.0856"
"risk","173","0.0933"
"risk","174","0.0844"
"risk","175","0.0850"
"risk","176","0.0987"
"risk","177","0.0826"
"risk","178","0.0824"
"risk","179","0.0832"
"risk","180","0.0846"
"risk","181","0.0941"
"risk","182","0.4121"
"risk","183","0.1179"
"risk","184","0.1429"
"risk","185","0.1745"
"risk","186","0.0857"
"risk","187","0.0846"
"risk","188","0.1038"
"risk","189","0.0912"
"risk","190","0.0874"
"risk","191","0.0901"
"risk","192","0.0868"
"risk","193","0.0833"
"risk","194","0.0889"
"risk","195","0.0833"
"risk","196","0.0852"
"risk","197","0.8528"
"risk","198","0.9336"
"risk","199","0.2889"
"risk","200","0.1711"
"risk","201","0.0875"
"risk","202","0.0898"
"risk","203","0.1577"
"risk","204","0.0889"
"risk","205","0.1028"
"risk","206","0.0944"
"risk","207","0.0944"
"risk","208","0.0899"
"risk","209","0.0898"
"risk","210","0.1099"
"risk","211","0.0905"
"risk","212","0.0879"
"risk","213","0.2354"
"risk","214","0.1667"
"risk","215","0.0901"
"risk","216","0.0994"
"risk","217","0.0909"
"risk","218","0.0847"
"risk","219","0.0952"
"risk","220","0.0848"
"risk","221","0.0872"
"risk","222","0.0847"
"risk","223","0.0847"
"risk","224","0.0874"
"risk","225","0.0910"
"risk","226","0.0924"
"risk","227","0.1183"
"risk","228","0.1079"
"risk","229","0.2599"
"risk","230","0.1073"
"risk","231","0.0856"
"risk","232","0.1415"
"risk","233","0.0891"
"risk","234","0.0864"
"risk","235","0.0892"
"risk","236","0.0865"
"risk","237","0.0868"
"risk","238","0.0970"
"risk","239","0.0844"
"risk","240","0.0868"
"risk","241","0.0858"
"risk","242","0.0847"
"risk","243","0.0847"
"risk","244","0.0845"
"risk","245","0.0857"
"risk","246","0.0866"
"risk","247","0.0850"
"risk","248","0.0837"
"risk","249","0.0936"
"risk","250","0.0850"
"risk","251","0.0878"
"risk","252","0.0820"
"risk","253","0.0915"
"risk","254","0.0852"
"risk","255","0.0835"
"risk","256","0.0842"
"risk","257","0.0832"
"risk","258","0.0872"
"risk","259","0.1591"
"risk","260","0.0921"
"risk","261","0.1027"
"risk","262","0.0892"
"risk","263","0.0850"
"risk","264","0.0839"
"risk","265","0.1785"
"risk","266","0.0881"
"risk","267","0.0838"
"risk","268","0.0873"
"risk","269","0.1773"
"risk","270","0.0869"
"risk","271","0.1984"
"risk","272","0.0924"
"risk","273","0.0925"
"risk","274","0.0852"
"risk","275","0.0866"
"risk","276","0.0846"
"risk","277","0.0851"
"risk","278","0.0825"
"risk","279","0.0878"
"risk","280","0.0838"
"risk","281","0.0852"
"risk","282","0.0851"
"risk","283","0.0866"
"risk","284","0.0842"
"risk","285","0.0866"
"risk","286","0.0887"
"risk","287","0.0830"
"risk","288","0.0862"
"risk","289","0.0857"
"risk","290","0.1027"
"risk","291","0.0917"
"risk","292","0.0846"
"risk","293","0.0838"
"risk","294","0.0879"
"risk","295","0.0837"
"risk","296","0.0967"
"risk","297","0.0852"
"risk","298","0.0851"
"risk","299","0.0879"
"risk","300","0.0842"
"risk","301","0.0846"
"risk","302","0.0833"
"risk","303","0.1015"
"risk","304","0.0872"
"risk","305","0.0854"
"risk","306","0.0843"
"risk","307","0.0872"
"risk","308","0.0839"
"risk","309","0.0925"
"risk","310","0.0853"
"risk","311","0.0939"
"risk","312","0.0850"
"risk","313","0.0844"
"risk","314","0.0857"
"risk","315","0.0920"
"risk","316","0.0846"
"risk","317","0.0834"
"risk","318","0.0869"
"risk","319","0.0844"
"risk","320","0.0867"
"risk","321","0.0984"
"risk","322","0.0854"
"risk","323","0.0865"
"risk","324","0.0850"
"risk","325","0.0846"
"risk","326","0.0858"
"risk","327","0.3383"
"risk","328","0.4624"
"risk","329","0.1140"
"risk","330","0.0951"
"risk","331","0.0880"
"risk","332","0.0965"
"risk","333","0.0839"
"risk","334","0.0862"
"risk","335","0.3724"
"risk","336","0.0950"
"risk","337","0.0849"
"risk","338","0.3986"
"risk","339","0.0874"
"risk","340","0.1409"
"risk","341","0.0865"
"risk","342","0.9709"
"risk","343","0.1496"
"risk","344","0.0850"
"risk","345","0.1525"
"risk","346","0.0870"
"risk","347","0.0842"
"risk","348","0.0841"
"risk","349","0.1368"
"risk","350","0.0840"
"risk","351","0.0836"
"risk","352","0.0861"
"risk","353","0.2484"
"risk","354","0.0899"
"risk","355","0.0929"
"risk","356","0.0846"
"risk","357","0.0838"
"risk","358","0.0849"
"risk","359","0.0848"
"risk","360","0.0861"
"risk","361","0.0754"
"risk","362","0.0819"
"risk","363","0.0856"
"risk","364","0.0856"
"risk","365","0.0840"
"risk","366","0.0852"
"risk","367","0.0867"
"risk","368","0.0843"
"risk","369","0.1212"
"risk","370","0.1490"
"risk","371","0.1272"
"risk","372","0.0904"
"risk","373","0.0913"
"risk","374","0.0835"
"risk","375","0.0835"
"risk","376","0.0828"
"risk","377","0.1096"
"risk","378","0.0840"
"risk","379","0.0854"
"risk","380","0.0820"
"risk","381","0.0849"
"risk","382","0.0828"
"risk","383","0.1239"
"risk","384","0.0869"
"risk","385","0.0855"
"risk","386","0.0848"
"risk","387","0.0813"
"risk","388","0.0881"
"risk","389","0.0830"
"risk","390","0.1155"
"risk","391","0.0897"
"risk","392","0.0834"
"risk","393","0.0853"
"risk","394","0.0856"
"risk","395","0.0864"
"risk","396","0.0823"
"risk","397","0.0830"
"risk","398","0.0863"
"risk","399","0.0846"
"risk","400","0.0850"
"risk","401","0.1153"
"risk","402","0.0824"
"risk","403","0.0915"
"risk","404","0.0856"
"risk","405","0.0841"
"risk","406","0.0841"
"risk","407","0.1493"
"risk","408","0.0891"
"risk","409","0.0837"
"risk","410","0.0861"
"risk","411","0.0844"
"risk","412","0.0837"
"risk","413","0.0864"
"risk","414","0.0860"
"risk","415","0.0893"
"risk","416","0.0867"
"risk","417","0.0834"
"risk","418","0.0935"
"risk","419","0.0845"
"risk","420","0.0846"
"risk","421","0.0830"
"risk","422","0.0865"
"risk","423","0.0841"
"risk","424","0.0839"
"risk","425","0.0847"
"risk","426","0.0849"
"risk","427","0.0957"
"risk","428","0.0995"
"risk","429","0.0965"
"risk","430","0.1080"
"risk","431","0.0896"
"risk","432","0.1603"
"risk","433","0.0856"
"risk","434","0.0844"
"risk","435","0.1734"
"risk","436","0.0842"
"risk","437","0.1414"
"risk","438","0.0840"
"risk","439","0.0849"
"risk","440","0.0952"
"risk","441","0.0913"
"risk","442","0.1389"
"risk","443","0.1446"
"risk","444","0.0858"
"risk","445","0.0914"
"risk","446","0.1779"
"risk","447","0.0850"
"risk","448","0.1553"
"risk","449","0.0872"
"risk","450","0.0866"
"risk","451","0.0984"
"risk","452","0.0859"
"risk","453","1.7646"
"risk","454","0.2310"
"risk","455","0.1872"
"risk","456","0.0882"
"risk","457","0.0931"
"risk","458","0.1605"
"risk","459","0.5493"
"risk","460","0.8516"
"risk","461","0.1109"
"risk","462","0.0836"
"risk","463","0.1112"
"risk","464","0.1939"
"risk","465","0.1482"
"risk","466","0.1157"
"risk","467","0.0786"
"risk","468","0.1617"
"risk","469","0.1624"
"risk","470","0.0838"
"risk","471","0.0874"
"risk","472","0.0839"
"risk","473","0.0840"
"risk","474","0.2544"
"risk","475","0.0963"
"risk","476","0.0946"
"risk","477","0.0908"
"risk","478","0.1497"
"risk","479","0.0871"
"risk","480","0.1789"
"risk","481","0.0912"
"risk","482","0.0896"
"risk","483","0.0892"
"risk","484","0.0844"
"risk","485","0.0843"
"risk","486","0.1348"
"risk","487","0.0835"
"risk","488","0.0835"
"risk","489","0.1510"
"risk","490","0.0858"
"risk","491","0.0861"
"risk","492","0.0985"
"risk","493","0.0909"
"risk","494","0.0831"
"risk","495","0.0826"
"risk","496","0.0867"
"risk","497","0.1454"
"risk","498","0.0875"
"risk","499","0.0838"
"risk","500","0.0849"
"risk","501","0.0937"
"risk","502","0.0848"
"risk","503","0.1486"
"risk","504","0.0860"
"risk","505","0.0861"
"risk","506","0.0845"
"risk","507","0.0845"
"risk","508","0.0857"
"risk","509","0.0856"
"risk","510","0.0833"
"risk","511","0.0895"
"risk","512","0.0845"
"risk","513","0.0852"
"risk","514","0.0827"
"risk","515","0.1110"
"risk","516","0.0907"
"risk","517","0.1206"
"risk","518","0.0982"
"risk","519","0.0914"
"risk","520","0.0841"
"risk","521","0.0949"
"risk","522","0.1521"
"risk","523","0.1404"
"risk","524","0.1631"
"risk","525","0.1617"
"risk","526","0.0866"
"risk","527","0.1019"
"risk","528","0.0898"
"risk","529","0.1423"
"risk","530","0.1391"
"risk","531","0.0995"
"risk","532","0.1389"
"risk","533","0.1372"
"risk","534","0.0847"
"risk","535","0.1395"
"risk","536","0.1390"
"risk","537","0.0908"
"risk","538","0.0842"
"risk","539","0.0836"
"risk","540","0.0930"
"risk","541","0.1087"
"risk","542","0.0817"
"risk","543","0.1643"
"risk","544","0.0886"
"risk","545","0.0836"
"risk","546","0.1009"
"risk","547","0.1422"
"risk","548","0.0856"
"risk","549","0.0852"
"risk","550","0.0852"
"risk","551","0.1237"
"risk","552","0.0881"
"risk","553","0.0905"
"risk","554","0.1895"
"risk","555","0.0911"
"risk","556","1.5065"
"risk","557","0.1702"
"risk","558","0.1615"
"risk","559","0.1446"
"risk","560","0.1002"
"risk","561","0.1257"
"risk","562","0.0870"
"risk","563","0.1196"
"risk","564","0.0866"
"risk","565","0.1020"
"risk","566","0.0941"
"risk","567","0.1483"
"risk","568","0.5497"
"risk","569","0.1335"
"risk","570","0.0878"
"risk","571","0.1526"
"risk","572","0.0932"
"risk","573","0.1651"
"risk","574","1.3233"
"risk","575","0.0893"
"risk","576","0.2613"
"risk","577","0.1508"
"risk","578","0.1056"
"risk","579","0.0917"
"risk","580","0.0936"
"risk","581","0.0852"
"risk","582","0.1063"
"risk","583","2.2976"
"risk","584","0.1435"
"risk","585","0.2058"
"risk","586","0.1106"
"risk","587","0.0902"
"risk","588","0.0989"
"risk","589","0.1425"
"risk","590","0.0934"
"risk","591","0.0888"
"risk","592","0.0929"
"risk","593","0.1947"
"risk","594","0.0935"
"risk","595","0.0866"
"risk","596","0.0934"
"risk","597","0.0990"
"risk","598","0.1573"
"risk","599","0.1609"
"risk","600","0.0888"
"risk","601","0.1947"
"risk","602","0.0921"
"risk","603","0.2013"
"risk","604","0.1417"
"risk","605","0.1505"
"risk","606","0.0972"
"risk","607","0.0965"
"risk","608","0.1000"
"risk","609","0.1810"
"risk","610","0.0869"
"risk","611","0.1565"
"risk","612","0.0890"
"risk","613","0.1515"
"risk","614","0.0891"
"risk","615","0.0908"
"risk","616","0.0880"
"risk","617","0.1833"
"risk","618","0.0878"
"risk","619","0.1758"
"risk","620","0.0862"
"risk","621","0.0917"
"risk","622","0.1788"
"risk","623","0.0908"
"risk","624","0.0936"
"risk","625","0.1815"
"risk","626","0.0870"
"risk","627","0.1615"
"risk","628","0.0913"
"risk","629","1.4977"
"risk","630","0.2262"
"risk","631","0.0964"
"risk","632","0.0969"
"risk","633","0.1267"
"risk","634","0.1922"
"risk","635","0.1213"
"risk","636","0.1630"
"risk","637","0.1026"
"risk","638","0.0878"
"risk","639","0.0983"
"risk","640","0.0916"
"risk","641","0.1081"
"risk","642","0.0862"
"risk","643","0.6654"
"risk","644","0.6855"
"risk","645","0.1309"
"risk","646","0.1483"
"risk","647","0.0891"
"risk","648","0.1662"
"risk","649","0.1483"
"risk","650","0.1387"
"risk","651","0.1784"
"risk","652","0.1821"
"risk","653","0.0880"
"risk","654","0.0913"
"risk","655","0.0975"
"risk","656","0.0926"
"risk","657","0.0896"
"risk","658","0.0929"
"risk","659","0.0878"
"risk","660","0.0852"
"risk","661","0.2040"
"risk","662","0.0912"
"risk","663","0.0963"
"risk","664","0.1744"
"risk","665","0.1421"
"risk","666","0.1753"
"risk","667","0.1735"
"risk","668","0.1436"
"risk","669","0.1453"
"risk","670","0.0933"
"risk","671","0.0959"
"risk","672","0.1748"
"risk","673","0.0859"
"risk","674","0.3799"
"risk","675","0.1644"
"risk","676","0.1003"
"risk","677","0.0930"
"risk","678","0.0839"
"risk","679","0.0860"
"risk","680","0.1281"
"risk","681","0.0790"
"risk","682","0.1518"
"risk","683","0.0838"
"risk","684","0.1462"
"risk","685","0.0863"
"risk","686","0.0806"
"risk","687","0.0810"
"risk","688","0.0813"
"risk","689","0.0896"
"risk","690","0.0809"
"risk","691","0.1416"
"risk","692","0.0827"
"risk","693","0.0818"
"risk","694","0.1404"
"risk","695","0.0819"
"risk","696","0.0816"
"risk","697","0.0814"
"risk","698","0.1492"
"risk","699","0.0807"
"risk","700","0.0810"
"risk","701","0.0804"
"risk","702","0.1460"
"risk","703","0.0834"
"risk","704","0.0811"
"risk","705","0.0827"
"risk","706","0.0812"
"risk","707","1.5842"
"risk","708","0.1613"
"risk","709","0.0803"
"risk","710","0.1402"
"risk","711","0.0890"
"risk","712","0.0840"
"risk","713","0.0794"
"risk","714","0.0801"
"risk","715","0.1611"
"risk","716","0.0819"
"risk","717","0.0809"
"risk","718","1.3180"
"risk","719","0.1477"
"risk","720","0.1393"
"risk","721","0.1600"
"risk","722","0.1196"
"risk","723","0.0940"
"risk","724","0.1102"
"risk","725","0.0909"
"risk","726","0.1405"
"risk","727","0.1450"
"risk","728","0.1030"
"risk","729","0.1516"
"risk","730","0.1472"
"risk","731","0.0915"
"risk","732","0.5108"
"risk","733","0.8017"
"risk","734","0.1760"
"risk","735","0.0909"
"risk","736","0.1431"
"risk","737","0.2178"
"risk","738","0.1844"
"risk","739","0.0886"
"risk","740","0.0907"
"risk","741","0.0825"
"risk","742","0.1446"
"risk","743","0.0858"
"risk","744","0.1451"
"risk","745","0.0962"
"risk","746","0.0782"
"risk","747","0.0948"
"risk","748","0.1111"
"risk","749","0.1408"
"risk","750","0.1429"
"risk","751","0.0902"
"risk","752","0.1401"
"risk","753","0.0872"
"risk","754","0.0820"
"risk","755","0.1408"
"risk","756","0.0929"
"risk","757","0.1400"
"risk","758","0.1540"
"risk","759","0.1555"
"risk","760","0.0929"
"risk","761","0.1757"
"risk","762","0.1415"
"risk","763","0.0896"
"risk","764","0.1432"
"risk","765","0.1385"
"risk","766","0.1445"
"risk","767","0.1853"
"risk","768","0.1713"
"risk","769","0.0918"
"risk","770","0.1427"
"risk","771","0.0889"
"risk","772","0.0928"
"risk","773","0.1124"
"risk","774","0.1413"
"risk","775","0.0927"
"risk","776","0.0932"
"risk","777","0.1773"
"risk","778","0.2508"
"risk","779","0.1601"
"risk","780","0.1612"
"risk","781","0.0921"
"risk","782","0.0886"
"risk","783","0.1815"
"risk","784","0.0972"
"risk","785","0.1433"
"risk","786","0.0858"
"risk","787","0.1469"
"risk","788","0.1384"
"risk","789","0.0881"
"risk","790","0.0924"
"risk","791","0.1426"
"risk","792","0.0924"
"risk","793","0.0902"
"risk","794","0.0828"
"risk","795","0.0892"
"risk","796","0.1720"
"risk","797","0.1667"
"risk","798","0.1389"
"risk","799","0.0886"
"risk","800","0.0897"
"risk","801","0.1175"
"risk","802","0.1429"
"risk","803","0.1403"
"risk","804","0.0922"
"risk","805","0.0926"
"risk","806","0.1400"
"risk","807","0.0894"
"risk","808","0.1396"
"risk","809","0.0893"
"risk","810","0.0940"
"risk","811","0.1864"
"risk","812","0.0887"
"risk","813","0.0966"
"risk","814","1.3071"
"risk","815","0.0877"
"risk","816","0.0983"
"risk","817","0.1087"
"risk","818","0.2061"
"risk","819","0.1501"
"risk","820","0.1045"
"risk","821","0.0967"
"risk","822","0.0943"
"risk","823","0.0828"
"risk","824","0.1713"
"risk","825","0.0905"
"risk","826","0.1101"
"risk","827","0.1378"
"risk","828","0.0944"
"risk","829","0.4917"
"risk","830","0.8092"
"risk","831","0.1781"
"risk","832","0.1192"
"risk","833","0.0950"
"risk","834","0.1493"
"risk","835","0.0893"
"risk","836","0.1826"
"risk","837","0.0863"
"risk","838","0.1723"
"risk","839","0.0911"
"risk","840","0.0943"
"risk","841","0.0945"
"risk","842","0.0914"
"risk","843","0.0923"
"risk","844","0.0938"
"risk","845","0.0852"
"risk","846","0.0897"
"risk","847","0.1736"
"risk","848","0.0905"
"risk","849","0.0917"
"risk","850","0.1117"
"risk","851","0.0915"
"risk","852","0.1678"
"risk","853","0.0882"
"risk","854","0.1374"
"risk","855","0.0840"
"risk","856","0.0846"
"risk","857","0.0848"
"risk","858","0.0847"
"risk","859","0.0840"
"risk","860","0.0937"
"risk","861","0.1561"
"risk","862","0.0808"
"risk","863","0.0838"
"risk","864","0.0806"
"risk","865","0.0820"
"risk","866","0.0824"
"risk","867","0.0803"
"risk","868","0.1738"
"risk","869","0.0843"
"risk","870","0.0826"
"risk","871","0.1121"
"risk","872","0.0815"
"risk","873","0.0813"
"risk","874","0.0826"
"risk","875","0.1732"
"risk","876","0.0797"
"risk","877","0.0805"
"risk","878","0.1344"
"risk","879","0.0850"
"risk","880","0.0779"
"risk","881","0.1446"
"risk","882","0.0804"
"risk","883","0.1352"
"risk","884","0.0801"
"risk","885","0.1374"
"risk","886","0.0825"
"risk","887","0.1391"
"risk","888","0.0805"
"risk","889","0.0818"
"risk","890","0.0790"
"risk","891","0.0871"
"risk","892","0.1728"
"risk","893","0.0816"
"risk","894","0.1342"
"risk","895","0.0814"
"risk","896","0.0807"
"risk","897","0.0805"
"risk","898","0.0803"
"risk","899","0.0820"
"risk","900","0.0832"
"risk","901","0.0808"
"risk","902","0.2132"
"risk","903","0.1103"
"risk","904","0.0870"
"risk","905","0.0831"
"risk","906","0.1025"
"risk","907","0.0834"
"risk","908","0.0842"
"risk","909","0.1574"
"risk","910","0.0832"
"risk","911","0.0895"
"risk","912","0.0980"
"risk","913","0.3890"
"risk","914","0.0904"
"risk","915","0.1039"
"risk","916","0.1070"
"risk","917","0.0919"
"risk","918","0.0842"
"risk","919","0.1742"
"risk","920","0.0933"
"risk","921","0.0986"
"risk","922","0.0940"
"risk","923","0.1359"
"risk","924","1.1392"
"risk","925","0.1167"
"risk","926","0.1052"
"risk","927","0.1078"
"risk","928","0.1416"
"risk","929","0.0960"
"risk","930","0.0909"
"risk","931","0.0993"
"risk","932","0.1136"
"risk","933","0.1654"
"risk","934","0.0851"
"risk","935","0.0918"
"risk","936","0.0850"
"risk","937","0.0894"
"risk","938","0.0832"
"risk","939","0.0891"
"risk","940","0.0818"
"risk","941","0.6408"
"risk","942","0.6862"
"risk","943","0.1821"
"risk","944","0.0864"
"risk","945","0.0881"
"risk","946","0.1887"
"risk","947","0.0867"
"risk","948","0.0890"
"risk","949","0.1387"
"risk","950","0.0872"
"risk","951","0.0899"
"risk","952","0.0841"
"risk","953","0.0911"
"risk","954","0.0866"
"risk","955","0.0868"
"risk","956","0.0981"
"risk","957","0.0874"
"risk","958","0.0895"
"risk","959","0.0892"
"risk","960","0.0884"
"risk","961","0.0893"
"risk","962","0.1038"
"risk","963","0.0820"
"risk","964","0.0823"
"risk","965","0.1362"
"risk","966","0.0851"
"risk","967","0.0844"
"risk","968","0.0852"
"risk","969","0.1371"
"risk","970","0.0823"
"risk","971","0.1386"
"risk","972","0.0908"
"risk","973","0.0833"
"risk","974","0.1390"
"risk","975","0.0824"
"risk","976","0.1365"
"risk","977","0.0858"
"risk","978","0.0914"
"risk","979","0.0899"
"risk","980","0.1071"
"risk","981","0.0825"
"risk","982","0.0921"
"risk","983","0.0830"
"risk","984","0.1400"
"risk","985","0.0859"
"risk","986","0.0867"
"risk","987","0.0826"
"risk","988","0.2048"
"risk","989","0.0815"
"risk","990","0.1523"
"risk","991","0.0999"
"risk","992","0.0836"
"risk","993","0.0902"
"risk","994","0.0833"
"risk","995","0.1371"
"risk","996","0.0812"
"risk","997","0.1375"
"risk","998","0.0853"
"risk","999","0.0819"
"risk","1000","0.1356"
"risk","1001","0.0883"
"risk","1002","0.0920"
"risk","1003","0.0901"
"risk","1004","0.0892"
"risk","1005","0.0875"
"risk","1006","0.0895"
"risk","1007","0.0881"
"risk","1008","0.0845"
"risk","1009","0.0880"
"risk","1010","0.2792"
"risk","1011","0.2050"
"risk","1012","0.0883"
"risk","1013","0.1416"
"risk","1014","0.0836"
"risk","1015","0.0897"
"risk","1016","0.1421"
"risk","1017","0.1326"
"risk","1018","0.0832"
"risk","1019","0.0827"
"risk","1020","0.1095"
"risk","1021","0.0825"
"risk","1022","0.0834"
"risk","1023","0.0838"
"risk","1024","0.0809"
"risk","1025","0.0830"
"risk","1026","0.0823"
"risk","1027","0.0819"
"risk","1028","0.0828"
"risk","1029","0.0834"
"risk","1030","0.2342"
"risk","1031","0.1078"
"risk","1032","0.0944"
"risk","1033","0.0826"
"risk","1034","0.0814"
"risk","1035","0.0839"
"risk","1036","0.0834"
"risk","1037","0.0834"
"risk","1038","0.0896"
"risk","1039","0.0826"
"risk","1040","0.1483"
"risk","1041","0.0813"
"risk","1042","0.0814"
"risk","1043","1.0974"
"risk","1044","0.2028"
"risk","1045","0.1000"
"risk","1046","0.0871"
"risk","1047","0.1677"
"risk","1048","0.0938"
"risk","1049","0.1084"
"risk","1050","0.0888"
"risk","1051","0.0935"
"risk","1052","0.0837"
"risk","1053","0.0892"
"risk","1054","0.0809"
"risk","1055","0.0845"
"risk","1056","0.0838"
"risk","1057","0.0826"
"risk","1058","0.0820"
"risk","1059","0.0808"
"risk","1060","0.1081"
"risk","1061","0.0830"
"risk","1062","0.0823"
"risk","1063","0.2746"
"risk","1064","0.7883"
"risk","1065","0.1073"
"risk","1066","0.0821"
"risk","1067","0.0830"
"risk","1068","0.0825"
"risk","1069","0.0896"
"risk","1070","0.1668"
"risk","1071","0.0899"
"risk","1072","0.0848"
"risk","1073","0.0845"
"risk","1074","0.0830"
"risk","1075","0.0828"
"risk","1076","0.0825"
"risk","1077","0.0843"
"risk","1078","0.0815"
"risk","1079","0.0821"
"risk","1080","0.1112"
"risk","1081","0.1063"
"risk","1082","0.0842"
"risk","1083","0.0835"
"risk","1084","0.0932"
"risk","1085","0.0823"
"risk","1086","0.0905"
"risk","1087","0.0847"
"risk","1088","0.1836"
"risk","1089","0.0963"
"risk","1090","0.0784"
"risk","1091","0.1089"
"risk","1092","0.0845"
"risk","1093","0.0818"
"risk","1094","0.1829"
"risk","1095","0.0867"
"risk","1096","0.0840"
"risk","1097","0.0825"
"risk","1098","0.0825"
"risk","1099","0.0802"
"risk","1100","0.1726"
"risk","1101","0.0852"
"risk","1102","0.1108"
"risk","1103","0.1394"
"risk","1104","0.0822"
"risk","1105","0.1067"
"risk","1106","0.0814"
"risk","1107","0.0828"
"risk","1108","0.0927"
"risk","1109","0.0828"
"risk","1110","0.1741"
"risk","1111","0.1133"
"risk","1112","0.0827"
"risk","1113","0.0809"
"risk","1114","0.1090"
"risk","1115","0.0815"
"risk","1116","0.0811"
"risk","1117","0.0836"
"risk","1118","0.0821"
"risk","1119","0.1797"
"risk","1120","0.0872"
"risk","1121","0.1120"
"risk","1122","0.1406"
"risk","1123","0.0828"
"risk","1124","0.1062"
"risk","1125","0.0805"
"risk","1126","0.1645"
"risk","1127","0.1103"
"risk","1128","0.0936"
"risk","1129","0.1425"
"risk","1130","0.0815"
"risk","1131","0.0850"
"risk","1132","0.1454"
"risk","1133","0.0819"
"risk","1134","0.1081"
"risk","1135","0.0830"
"risk","1136","0.0821"
"risk","1137","0.1729"
"risk","1138","0.1132"
"risk","1139","0.0824"
"risk","1140","0.1158"
"risk","1141","0.1765"
"risk","1142","0.1129"
"risk","1143","0.0805"
"risk","1144","0.1106"
"risk","1145","0.0828"
"risk","1146","0.1568"
"risk","1147","0.0826"
"risk","1148","0.1080"
"risk","1149","0.0848"
"risk","1150","0.0817"
"risk","1151","0.0814"
"risk","1152","0.0820"
"risk","1153","0.0830"
"risk","1154","0.0815"
"risk","1155","0.0837"
"risk","1156","0.0824"
"risk","1157","0.0820"
"risk","1158","0.1792"
"risk","1159","0.0818"
"risk","1160","0.1362"
"risk","1161","0.0824"
"risk","1162","0.1071"
"risk","1163","0.0814"
"risk","1164","2.4493"
"risk","1165","0.1668"
"risk","1166","0.3168"
"risk","1167","0.1031"
"risk","1168","0.0891"
"risk","1169","0.1010"
"risk","1170","0.1440"
"risk","1171","0.2789"
"risk","1172","0.1636"
"risk","1173","0.2099"
"risk","1174","0.1324"
"risk","1175","0.4152"
"risk","1176","0.1194"
"risk","1177","0.0941"
"risk","1178","0.0900"
"risk","1179","0.1895"
"risk","1180","0.1087"
"risk","1181","0.1997"
"risk","1182","0.1824"
"risk","1183","0.1398"
"risk","1184","0.0821"
"risk","1185","0.1427"
"risk","1186","0.0829"
"risk","1187","0.1431"
"risk","1188","0.0818"
"risk","1189","0.0798"
"risk","1190","0.1770"
"risk","1191","0.0820"
"risk","1192","0.1770"
"risk","1193","0.0840"
"risk","1194","0.0819"
"risk","1195","0.1470"
"risk","1196","0.0827"
"risk","1197","0.1431"
"risk","1198","0.1814"
"risk","1199","0.0867"
"risk","1200","0.1178"
"risk","1201","0.1407"
"risk","1202","0.0830"
"risk","1203","0.0806"
"risk","1204","0.1601"
"risk","1205","0.0850"
"risk","1206","0.0836"
"risk","1207","0.0813"
"risk","1208","0.0815"
"risk","1209","0.0808"
"risk","1210","0.1778"
"risk","1211","0.1748"
"risk","1212","0.1436"
"risk","1213","0.0867"
"risk","1214","0.1100"
"risk","1215","0.0807"
"risk","1216","0.0863"
"risk","1217","0.1748"
"risk","1218","0.0924"
"risk","1219","0.1850"
"risk","1220","0.1508"
"risk","1221","0.0896"
"risk","1222","0.0946"
"risk","1223","0.0931"
"risk","1224","0.1714"
"risk","1225","0.1134"
"risk","1226","0.0828"
"risk","1227","0.1498"
"risk","1228","0.0875"
"risk","1229","0.0841"
"risk","1230","0.1394"
"risk","1231","0.0824"
"risk","1232","0.0826"
"risk","1233","0.1373"
"risk","1234","0.0856"
"risk","1235","0.0832"
"risk","1236","0.1440"
"risk","1237","0.1796"
"risk","1238","0.0893"
"risk","1239","0.1261"
"risk","1240","0.1750"
"risk","1241","0.0885"
"risk","1242","0.1687"
"risk","1243","0.1202"
"risk","1244","0.1421"
"risk","1245","0.0840"
"risk","1246","0.0896"
"risk","1247","0.1131"
"risk","1248","0.1854"
"risk","1249","0.0878"
"risk","1250","0.0826"
"risk","1251","0.1457"
"risk","1252","0.0911"
"risk","1253","0.0972"
"risk","1254","0.1832"
"risk","1255","0.1454"
"risk","1256","0.1419"
"risk","1257","0.0850"
"risk","1258","0.0901"
"risk","1259","0.9725"
"risk","1260","0.1091"
"risk","1261","0.0928"
"risk","1262","0.1514"
"risk","1263","0.2664"
"risk","1264","0.1506"
"risk","1265","0.0879"
"risk","1266","0.0932"
"risk","1267","0.0849"
"risk","1268","0.0955"
"risk","1269","0.4626"
"risk","1270","0.3451"
"risk","1271","0.5047"
"risk","1272","0.2305"
"risk","1273","0.1011"
"risk","1274","0.1547"
"risk","1275","0.1437"
"risk","1276","0.3122"
"risk","1277","0.1637"
"risk","1278","0.1414"
"risk","1279","0.0851"
"risk","1280","0.0936"
"risk","1281","0.1757"
"risk","1282","0.0955"
"risk","1283","0.0886"
"risk","1284","0.1774"
"risk","1285","0.0856"
"risk","1286","0.0898"
"risk","1287","0.1898"
"risk","1288","0.1827"
"risk","1289","0.0849"
"risk","1290","0.0886"
"risk","1291","0.0895"
"risk","1292","0.0939"
"risk","1293","0.0991"
"risk","1294","0.0914"
"risk","1295","0.0828"
"risk","1296","0.0901"
"risk","1297","0.0826"
"risk","1298","0.1668"
"risk","1299","0.0869"
"risk","1300","0.0844"
"risk","1301","0.0907"
"risk","1302","0.0888"
"risk","1303","0.0882"
"risk","1304","0.0901"
"risk","1305","0.0854"
"risk","1306","0.0913"
"risk","1307","0.0926"
"risk","1308","0.0850"
"risk","1309","0.0898"
"risk","1310","0.0870"
"risk","1311","0.1041"
"risk","1312","0.0838"
"risk","1313","0.0836"
"risk","1314","0.0975"
"risk","1315","0.1314"
"risk","1316","0.1270"
"risk","1317","0.0825"
"risk","1318","0.0852"
"risk","1319","0.1366"
"risk","1320","0.0944"
"risk","1321","0.2012"
"risk","1322","0.0882"
"risk","1323","0.1111"
"risk","1324","0.0890"
"risk","1325","0.0914"
"risk","1326","0.0852"
"risk","1327","0.1059"
"risk","1328","0.0860"
"risk","1329","0.0894"
"risk","1330","0.0857"
"risk","1331","0.0857"
"risk","1332","1.2814"
"risk","1333","0.0888"
"risk","1334","0.0888"
"risk","1335","0.1427"
"risk","1336","0.0876"
"risk","1337","0.1042"
"risk","1338","0.1108"
"risk","1339","0.0887"
"risk","1340","0.0972"
"risk","1341","0.1114"
"risk","1342","0.0858"
"risk","1343","0.1066"
"risk","1344","0.0884"
"risk","1345","0.0914"
"risk","1346","0.0845"
"risk","1347","0.1058"
"risk","1348","0.0894"
"risk","1349","0.1101"
"risk","1350","0.0886"
"risk","1351","0.0988"
"risk","1352","0.0913"
"risk","1353","0.0890"
"risk","1354","0.0852"
"risk","1355","0.1160"
"risk","1356","0.1000"
"risk","1357","0.1086"
"risk","1358","0.1067"
"risk","1359","0.0996"
"risk","1360","0.0856"
"risk","1361","0.0934"
"risk","1362","0.1387"
"risk","1363","0.0810"
"risk","1364","0.1752"
"risk","1365","0.1433"
"risk","1366","0.0901"
"risk","1367","0.1453"
"risk","1368","0.0876"
"risk","1369","0.1004"
"risk","1370","0.1216"
"risk","1371","0.3192"
"risk","1372","0.1445"
"risk","1373","0.3668"
"risk","1374","0.1697"
"risk","1375","0.1674"
"risk","1376","0.1220"
"risk","1377","0.1015"
"risk","1378","0.0994"
"risk","1379","0.0909"
"risk","1380","0.0802"
"risk","1381","0.0818"
"risk","1382","0.0812"
"risk","1383","0.5075"
"risk","1384","0.0948"
"risk","1385","0.7735"
"risk","1386","0.9196"
"risk","1387","0.1428"
"risk","1388","0.1833"
"risk","1389","0.0883"
"risk","1390","0.1043"
"risk","1391","0.0913"
"risk","1392","0.0950"
"risk","1393","0.1042"
"risk","1394","0.0962"
"risk","1395","0.1093"
"risk","1396","0.0928"
"risk","1397","0.0949"
"risk","1398","0.1008"
"risk","1399","0.0871"
"risk","1400","0.0861"
"risk","1401","0.1450"
"risk","1402","0.0885"
"risk","1403","0.0868"
"risk","1404","0.0878"
"risk","1405","0.0907"
"risk","1406","0.0967"
"risk","1407","0.0848"
"risk","1408","0.0862"
"risk","1409","0.0853"
"risk","1410","0.0873"
"risk","1411","0.0849"
"risk","1412","0.0842"
"risk","1413","0.0857"
"risk","1414","0.0851"
"risk","1415","0.0858"
"risk","1416","0.0854"
"risk","1417","0.0884"
"risk","1418","0.1806"
"risk","1419","0.0874"
"risk","1420","0.0867"
"risk","1421","0.0864"
"risk","1422","0.0872"
"risk","1423","0.0870"
"risk","1424","0.0857"
"risk","1425","0.0890"
"risk","1426","0.0868"
"risk","1427","0.0853"
"risk","1428","0.0946"
"risk","1429","0.0858"
"risk","1430","0.0862"
"risk","1431","0.0862"
"risk","1432","0.0879"
"risk","1433","0.0885"
"risk","1434","0.0835"
"risk","1435","0.0890"
"risk","1436","0.0918"
"risk","1437","0.0844"
"risk","1438","0.0834"
"risk","1439","0.0834"
"risk","1440","0.0819"
"risk","1441","0.0815"
"risk","1442","0.0833"
"risk","1443","0.0843"
"risk","1444","0.0834"
"risk","1445","0.0831"
"risk","1446","0.0832"
"risk","1447","0.0833"
"risk","1448","0.0993"
"risk","1449","0.0831"
"risk","1450","0.0820"
"risk","1451","0.0914"
"risk","1452","0.0832"
"risk","1453","0.0827"
"risk","1454","0.0903"
"risk","1455","0.1007"
"risk","1456","0.0826"
"risk","1457","0.0839"
"risk","1458","0.0830"
"risk","1459","0.0837"
"risk","1460","0.0822"
"risk","1461","0.0818"
"risk","1462","0.0841"
"risk","1463","0.0842"
"risk","1464","0.0825"
"risk","1465","0.0818"
"risk","1466","0.0890"
"risk","1467","0.0841"
"risk","1468","0.0817"
"risk","1469","0.0814"
"risk","1470","0.0816"
"risk","1471","0.0828"
"risk","1472","0.0814"
"risk","1473","0.0818"
"risk","1474","0.0832"
"risk","1475","0.0879"
"risk","1476","0.0813"
"risk","1477","0.0802"
"risk","1478","0.0870"
"risk","1479","0.0823"
"risk","1480","0.0831"
"risk","1481","0.0834"
"risk","1482","0.0828"
"risk","1483","0.0808"
"risk","1484","2.4245"
"risk","1485","0.0998"
"risk","1486","0.1499"
"risk","1487","0.4410"
"risk","1488","0.1003"
"risk","1489","0.0917"
"risk","1490","0.8079"
"risk","1491","0.1527"
"risk","1492","0.2632"
"risk","1493","0.1387"
"risk","1494","0.0812"
"risk","1495","0.1529"
"risk","1496","0.0885"
"risk","1497","0.0939"
"risk","1498","0.1187"
"risk","1499","0.1934"
"risk","1500","0.2755"
"risk","1501","0.1153"
"risk","1502","0.0924"
"risk","1503","0.1714"
"risk","1504","0.1447"
"risk","1505","0.1413"
"risk","1506","0.1465"
"risk","1507","0.0967"
"risk","1508","0.1455"
"risk","1509","0.1102"
"risk","1510","0.0817"
"risk","1511","0.1781"
"risk","1512","0.0835"
"risk","1513","0.0893"
"risk","1514","0.1805"
"risk","1515","0.1807"
"risk","1516","0.0895"
"risk","1517","0.1116"
"risk","1518","0.1391"
"risk","1519","0.0873"
"risk","1520","0.0949"
"risk","1521","0.1132"
"risk","1522","0.1472"
"risk","1523","0.0892"
"risk","1524","0.1886"
"risk","1525","0.1183"
"risk","1526","0.1385"
"risk","1527","0.0832"
"risk","1528","0.1795"
"risk","1529","0.0893"
"risk","1530","0.1426"
"risk","1531","0.0846"
"risk","1532","0.1592"
"risk","1533","0.0837"
"risk","1534","0.1413"
"risk","1535","0.0847"
"risk","1536","0.1778"
"risk","1537","0.0817"
"risk","1538","0.1825"
"risk","1539","0.0886"
"risk","1540","0.2022"
"risk","1541","0.0864"
"risk","1542","0.0900"
"risk","1543","0.1114"
"risk","1544","0.1836"
"risk","1545","0.0926"
"risk","1546","0.0944"
"risk","1547","0.1131"
"risk","1548","0.1444"
"risk","1549","0.1730"
"risk","1550","0.1486"
"risk","1551","0.0892"
"risk","1552","0.1471"
"risk","1553","0.1118"
"risk","1554","0.0827"
"risk","1555","0.0825"
"risk","1556","0.1786"
"risk","1557","0.0841"
"risk","1558","0.1855"
"risk","1559","0.0839"
"risk","1560","0.1390"
"risk","1561","0.1803"
"risk","1562","0.0897"
"risk","1563","0.1202"
"risk","1564","0.1740"
"risk","1565","0.0831"
"risk","1566","0.1416"
"risk","1567","0.0884"
"risk","1568","0.0855"
"risk","1569","1.5050"
"risk","1570","0.2135"
"risk","1571","0.2172"
"risk","1572","0.1905"
"risk","1573","0.0990"
"risk","1574","0.1498"
"risk","1575","0.1004"
"risk","1576","0.0955"
"risk","1577","0.0919"
"risk","1578","0.0922"
"risk","1579","0.1697"
"risk","1580","0.0984"
"risk","1581","0.5178"
"risk","1582","0.7969"
"risk","1583","0.1571"
"risk","1584","0.1610"
"risk","1585","0.1254"
"risk","1586","0.0996"
"risk","1587","0.0956"
"risk","1588","0.2948"
"risk","1589","0.1153"
"risk","1590","0.0979"
"risk","1591","0.4734"
"risk","1592","0.0984"
"risk","1593","0.1750"
"risk","1594","0.1459"
"risk","1595","0.1427"
"risk","1596","0.1420"
"risk","1597","0.0885"
"risk","1598","0.0937"
"risk","1599","0.0929"
"risk","1600","0.1845"
"risk","1601","0.1424"
"risk","1602","0.0888"
"risk","1603","0.1907"
"risk","1604","0.1036"
"risk","1605","0.0952"
"risk","1606","0.0851"
"risk","1607","0.0953"
"risk","1608","0.1454"
"risk","1609","0.0875"
"risk","1610","0.0911"
"risk","1611","0.1799"
"risk","1612","0.1801"
"risk","1613","0.1489"
"risk","1614","0.1426"
"risk","1615","0.1144"
"risk","1616","0.1722"
"risk","1617","0.0907"
"risk","1618","0.1707"
"risk","1619","0.0860"
"risk","1620","0.0927"
"risk","1621","0.1817"
"risk","1622","0.0944"
"risk","1623","0.1534"
"risk","1624","0.0840"
"risk","1625","0.1414"
"risk","1626","0.0840"
"risk","1627","0.1761"
"risk","1628","0.0848"
"risk","1629","0.1423"
"risk","1630","0.1707"
"risk","1631","0.0870"
"risk","1632","0.1245"
"risk","1633","0.2233"
"risk","1634","0.1769"
"risk","1635","0.0932"
"risk","1636","0.1009"
"risk","1637","0.1426"
"risk","1638","0.0850"
"risk","1639","0.0814"
"risk","1640","0.1397"
"risk","1641","0.0919"
"risk","1642","0.0933"
"risk","1643","0.1829"
"risk","1644","0.0910"
"risk","1645","0.1738"
"risk","1646","0.1443"
"risk","1647","0.0905"
"risk","1648","0.1381"
"risk","1649","0.1383"
"risk","1650","0.0967"
"risk","1651","0.0835"
"risk","1652","0.1446"
"risk","1653","0.0843"
"risk","1654","0.0893"
"risk","1655","1.6693"
"risk","1656","0.1638"
"risk","1657","0.1487"
"risk","1658","0.1548"
"risk","1659","0.1458"
"risk","1660","0.1041"
"risk","1661","0.0941"
"risk","1662","0.1058"
"risk","1663","0.0943"
"risk","1664","0.0991"
"risk","1665","0.0872"
"risk","1666","0.2255"
"risk","1667","0.0933"
"risk","1668","0.1183"
"risk","1669","0.0959"
"risk","1670","0.1413"
"risk","1671","0.0868"
"risk","1672","0.0935"
"risk","1673","0.1728"
"risk","1674","0.0969"
"risk","1675","0.1385"
"risk","1676","0.0943"
"risk","1677","0.1382"
"risk","1678","0.0863"
"risk","1679","0.1934"
"risk","1680","0.1900"
"risk","1681","0.1633"
"risk","1682","0.3666"
"risk","1683","0.1267"
"risk","1684","0.1743"
"risk","1685","0.0994"
"risk","1686","0.2128"
"risk","1687","0.0922"
"risk","1688","0.1393"
"risk","1689","0.1932"
"risk","1690","0.1440"
"risk","1691","0.0840"
"risk","1692","0.0900"
"risk","1693","0.0976"
"risk","1694","0.0880"
"risk","1695","0.0955"
"risk","1696","0.0897"
"risk","1697","0.1501"
"risk","1698","0.0900"
"risk","1699","0.0844"
"risk","1700","0.0988"
"risk","1701","0.1675"
"risk","1702","0.0892"
"risk","1703","0.0874"
"risk","1704","0.0960"
"risk","1705","0.0998"
"risk","1706","0.1662"
"risk","1707","0.0855"
"risk","1708","0.0891"
"risk","1709","0.0827"
"risk","1710","0.1725"
"risk","1711","0.0861"
"risk","1712","0.1650"
"risk","1713","0.0864"
"risk","1714","0.0936"
"risk","1715","0.2483"
"risk","1716","0.1468"
"risk","1717","0.0878"
"risk","1718","0.0844"
"risk","1719","0.1247"
"risk","1720","0.0858"
"risk","1721","0.1417"
"risk","1722","0.0915"
"risk","1723","0.0855"
"risk","1724","0.0930"
"risk","1725","0.1723"
"risk","1726","0.0885"
"risk","1727","0.1637"
"risk","1728","0.0848"
"risk","1729","0.1435"
"risk","1730","0.0897"
"risk","1731","0.1530"
"risk","1732","0.0914"
"risk","1733","0.1555"
"risk","1734","0.0932"
"risk","1735","0.1666"
"risk","1736","0.0864"
"risk","1737","0.1375"
"risk","1738","0.0940"
"risk","1739","0.0973"
"risk","1740","0.3121"
"risk","1741","0.0877"
"risk","1742","0.1774"
"risk","1743","0.1440"
"risk","1744","0.1431"
"risk","1745","0.1441"
"risk","1746","0.0908"
"risk","1747","0.1467"
"risk","1748","0.0895"
"risk","1749","0.0984"
"risk","1750","0.0940"
"risk","1751","0.0920"
"risk","1752","0.1812"
"risk","1753","0.0873"
"risk","1754","0.1474"
"risk","1755","0.0897"
"risk","1756","0.1389"
"risk","1757","0.0872"
"risk","1758","0.1416"
"risk","1759","0.0877"
"risk","1760","0.1437"
"risk","1761","1.0213"
"risk","1762","0.2277"
"risk","1763","0.1430"
"risk","1764","0.1182"
"risk","1765","0.0953"
"risk","1766","0.0927"
"risk","1767","0.1723"
"risk","1768","0.1786"
"risk","1769","0.0895"
"risk","1770","0.0909"
"risk","1771","0.1654"
"risk","1772","0.0867"
"risk","1773","0.1441"
"risk","1774","0.4995"
"risk","1775","0.0978"
"risk","1776","0.1545"
"risk","1777","0.0900"
"risk","1778","0.1631"
"risk","1779","0.1402"
"risk","1780","0.1118"
"risk","1781","0.1069"
"risk","1782","0.1174"
"risk","1783","0.2634"
"risk","1784","0.1006"
"risk","1785","0.0843"
"risk","1786","0.0956"
"risk","1787","0.1502"
"risk","1788","0.0854"
"risk","1789","0.1721"
"risk","1790","0.0876"
"risk","1791","0.0933"
"risk","1792","0.0845"
"risk","1793","0.1891"
"risk","1794","0.0912"
"risk","1795","0.1845"
"risk","1796","0.0926"
"risk","1797","0.1111"
"risk","1798","0.0859"
"risk","1799","0.1477"
"risk","1800","0.1380"
"risk","1801","0.0899"
"risk","1802","0.1370"
"risk","1803","0.1721"
"risk","1804","0.0907"
"risk","1805","0.1462"
"risk","1806","0.0862"
"risk","1807","0.0847"
"risk","1808","0.0994"
"risk","1809","0.0805"
"risk","1810","0.1760"
"risk","1811","0.1402"
"risk","1812","0.0878"
"risk","1813","0.0856"
"risk","1814","0.1435"
"risk","1815","0.0893"
"risk","1816","0.0875"
"risk","1817","0.1451"
"risk","1818","0.0931"
"risk","1819","0.1425"
"risk","1820","0.1485"
"risk","1821","0.1418"
"risk","1822","0.0868"
"risk","1823","0.1582"
"risk","1824","0.1401"
"risk","1825","0.1668"
"risk","1826","0.0899"
"risk","1827","0.1638"
"risk","1828","0.1189"
"risk","1829","0.0796"
"risk","1830","0.1431"
"risk","1831","0.0940"
"risk","1832","0.0920"
"risk","1833","0.0978"
"risk","1834","0.0912"
"risk","1835","0.0942"
"risk","1836","0.0875"
"risk","1837","0.0847"
"risk","1838","0.1639"
"risk","1839","0.1209"
"risk","1840","0.1092"
"risk","1841","0.1304"
"risk","1842","0.1292"
"risk","1843","0.0927"
"risk","1844","0.0858"
"risk","1845","0.1061"
"risk","1846","0.1072"
"risk","1847","0.0841"
"risk","1848","0.0868"
"risk","1849","0.0848"
"risk","1850","0.0933"
"risk","1851","0.0954"
"risk","1852","0.0927"
"risk","1853","0.0899"
"risk","1854","0.1517"
"risk","1855","0.0918"
"risk","1856","0.0875"
"risk","1857","0.1233"
"risk","1858","0.0884"
"risk","1859","0.0856"
"risk","1860","0.0858"
"risk","1861","0.0827"
"risk","1862","0.1119"
"risk","1863","0.0873"
"risk","1864","0.1041"
"risk","1865","0.0866"
"risk","1866","0.0915"
"risk","1867","0.1361"
"risk","1868","0.0941"
"risk","1869","0.0871"
"risk","1870","0.0827"
"risk","1871","0.0934"
"risk","1872","0.1514"
"risk","1873","0.1603"
"risk","1874","0.1329"
"risk","1875","0.1900"
"risk","1876","0.1758"
"risk","1877","0.0868"
"risk","1878","0.0917"
"risk","1879","0.1781"
"risk","1880","0.1760"
"risk","1881","0.1721"
"risk","1882","0.3611"
"risk","1883","0.2099"
"risk","1884","0.2613"
"risk","1885","0.1696"
"risk","1886","0.1461"
"risk","1887","0.1268"
"risk","1888","0.0884"
"risk","1889","0.0877"
"risk","1890","0.0929"
"risk","1891","0.5274"
"risk","1892","0.0881"
"risk","1893","0.1029"
"risk","1894","0.0856"
"risk","1895","0.1424"
"risk","1896","0.0851"
"risk","1897","0.1734"
"risk","1898","0.0919"
"risk","1899","0.0886"
"risk","1900","0.9882"
"risk","1901","0.0811"
"risk","1902","0.0833"
"risk","1903","0.1000"
"risk","1904","0.0864"
"risk","1905","0.0849"
"risk","1906","0.0841"
"risk","1907","0.0852"
"risk","1908","0.0850"
"risk","1909","0.0821"
"risk","1910","0.1655"
"risk","1911","0.0855"
"risk","1912","0.0868"
"risk","1913","0.1169"
"risk","1914","0.1040"
"risk","1915","0.0857"
"risk","1916","0.0854"
"risk","1917","0.0839"
"risk","1918","0.0824"
"risk","1919","0.0906"
"risk","1920","0.0834"
"risk","1921","0.0826"
"risk","1922","0.0845"
"risk","1923","0.0838"
"risk","1924","0.0844"
"risk","1925","0.0858"
"risk","1926","0.0877"
"risk","1927","0.0854"
"risk","1928","0.0860"
"risk","1929","0.0846"
"risk","1930","0.0896"
"risk","1931","0.0897"
"risk","1932","0.0928"
"risk","1933","0.0850"
"risk","1934","0.0820"
"risk","1935","0.0842"
"risk","1936","0.0837"
"risk","1937","0.0828"
"risk","1938","0.0852"
"risk","1939","0.0820"
"risk","1940","0.0830"
"risk","1941","0.0846"
"risk","1942","0.0845"
"risk","1943","0.0907"
"risk","1944","0.0858"
"risk","1945","0.0832"
"risk","1946","0.0844"
"risk","1947","0.0843"
"risk","1948","0.0851"
"risk","1949","0.0857"
"risk","1950","0.0829"
"risk","1951","0.0857"
"risk","1952","0.0825"
"risk","1953","0.0889"
"risk","1954","0.0871"
"risk","1955","0.0843"
"risk","1956","0.0829"
"risk","1957","0.0804"
"risk","1958","0.0884"
"risk","1959","0.0862"
"risk","1960","0.0832"
"risk","1961","0.0895"
"risk","1962","0.0832"
"risk","1963","0.0834"
"risk","1964","0.0817"
"risk","1965","0.0843"
"risk","1966","0.2052"
"risk","1967","0.0939"
"risk","1968","0.0839"
"risk","1969","0.0838"
"risk","1970","0.0832"
"risk","1971","0.0838"
"risk","1972","0.0884"
"risk","1973","0.0825"
"risk","1974","0.0843"
"risk","1975","0.0851"
"risk","1976","0.0856"
"risk","1977","0.0833"
"risk","1978","0.0831"
"risk","1979","0.0865"
"risk","1980","0.0846"
"risk","1981","0.0771"
"risk","1982","0.0836"
"risk","1983","0.0829"
"risk","1984","0.0836"
"risk","1985","0.0843"
"risk","1986","0.0823"
"risk","1987","0.0867"
"risk","1988","0.0899"
"risk","1989","0.0849"
"risk","1990","0.0839"
"risk","1991","0.0842"
"risk","1992","0.0839"
"risk","1993","0.0850"
"risk","1994","0.0839"
"risk","1995","0.0992"
"risk","1996","0.1104"
"risk","1997","0.0845"
"risk","1998","0.0835"
"risk","1999","0.0811"
"risk","2000","0.0931"
"risk","2001","0.0838"
"risk","2002","1.5211"
"risk","2003","0.2271"
"risk","2004","0.1048"
"risk","2005","0.0976"
"risk","2006","0.0820"
"risk","2007","0.0831"
"risk","2008","0.0843"
"risk","2009","0.0943"
"risk","2010","0.0867"
"risk","2011","0.0858"
"risk","2012","0.0828"
"risk","2013","0.0884"
"risk","2014","0.1792"
"risk","2015","0.0954"
"risk","2016","0.1464"
"risk","2017","0.0944"
"risk","2018","0.0843"
"risk","2019","0.0839"
"risk","2020","0.0845"
"risk","2021","0.0823"
"risk","2022","0.0820"
"risk","2023","0.0823"
"risk","2024","0.0834"
"risk","2025","0.0845"
"risk","2026","0.0933"
"risk","2027","0.0844"
"risk","2028","0.0817"
"risk","2029","1.6210"
"risk","2030","0.0858"
"risk","2031","0.6949"
"risk","2032","0.0931"
"risk","2033","0.0869"
"risk","2034","0.0873"
"risk","2035","0.0896"
"risk","2036","0.0863"
"risk","2037","0.0853"
"risk","2038","0.0864"
"risk","2039","0.1040"
"risk","2040","0.2267"
"risk","2041","0.1945"
"risk","2042","0.0856"
"risk","2043","0.0840"
"risk","2044","0.0842"
"risk","2045","0.0863"
"risk","2046","0.0858"
"risk","2047","0.1302"
"risk","2048","0.1673"
"risk","2049","0.1839"
"risk","2050","0.1071"
"risk","2051","0.1049"
"risk","2052","0.0991"
"risk","2053","0.0840"
"risk","2054","0.0846"
"risk","2055","0.0841"
"risk","2056","0.0857"
"risk","2057","0.0842"
"risk","2058","0.0945"
"risk","2059","0.0822"
"risk","2060","0.0830"
"risk","2061","0.0840"
"risk","2062","0.0817"
"risk","2063","0.0834"
"risk","2064","0.0850"
"risk","2065","0.0969"
"risk","2066","0.0948"
"risk","2067","0.0880"
"risk","2068","0.0893"
"risk","2069","0.0835"
"risk","2070","0.0866"
"risk","2071","0.0828"
"risk","2072","0.0879"
"risk","2073","0.0850"
"risk","2074","0.0837"
"risk","2075","0.0835"
"risk","2076","0.0829"
"risk","2077","0.0824"
"risk","2078","0.0861"
"risk","2079","0.0860"
"risk","2080","0.0814"
"risk","2081","0.0844"
"risk","2082","0.0831"
"risk","2083","0.0833"
"risk","2084","0.0824"
"risk","2085","0.0841"
"risk","2086","0.0836"
"risk","2087","0.0828"
"risk","2088","0.0807"
"risk","2089","0.0986"
"risk","2090","0.1787"
"risk","2091","0.1645"
"risk","2092","0.1328"
"risk","2093","0.0929"
"risk","2094","0.0908"
"risk","2095","0.0874"
"risk","2096","0.0868"
"risk","2097","0.0829"
"risk","2098","0.0835"
"risk","2099","0.0885"
"risk","2100","0.0830"
"risk","2101","0.0838"
"risk","2102","0.0845"
"risk","2103","0.0858"
"risk","2104","0.0843"
"risk","2105","0.0851"
"risk","2106","0.0835"
"risk","2107","0.0840"
"risk","2108","0.0833"
"risk","2109","0.0964"
"risk","2110","0.0845"
"risk","2111","0.0841"
"risk","2112","0.0873"
"risk","2113","1.4910"
"risk","2114","0.2297"
"risk","2115","0.2610"
"risk","2116","0.1693"
"risk","2117","0.1162"
"risk","2118","0.1104"
"risk","2119","0.0868"
"risk","2120","0.0876"
"risk","2121","0.0865"
"risk","2122","0.0847"
"risk","2123","0.0940"
"risk","2124","0.0836"
"risk","2125","0.4996"
"risk","2126","0.7836"
"risk","2127","0.0817"
"risk","2128","0.0826"
"risk","2129","0.0862"
"risk","2130","0.0983"
"risk","2131","0.1581"
"risk","2132","0.0919"
"risk","2133","0.0844"
"risk","2134","0.0839"
"risk","2135","0.0821"
"risk","2136","0.0824"
"risk","2137","0.0831"
"risk","2138","0.0840"
"risk","2139","0.0819"
"risk","2140","0.0822"
"risk","2141","0.0854"
"risk","2142","0.0867"
"risk","2143","0.0862"
"risk","2144","0.0821"
"risk","2145","0.0900"
"risk","2146","0.0842"
"risk","2147","0.0856"
"risk","2148","0.0811"
"risk","2149","0.0836"
"risk","2150","0.0807"
"risk","2151","0.1354"
"risk","2152","0.0938"
"risk","2153","0.0848"
"risk","2154","0.0840"
"risk","2155","0.0841"
"risk","2156","0.0863"
"risk","2157","0.0828"
"risk","2158","0.0831"
"risk","2159","0.0857"
"risk","2160","0.0863"
"risk","2161","0.0860"
"risk","2162","0.0874"
"risk","2163","0.0858"
"risk","2164","0.0856"
"risk","2165","0.0841"
"risk","2166","0.0830"
"risk","2167","0.0856"
"risk","2168","0.1307"
"risk","2169","0.0858"
"risk","2170","0.0872"
"risk","2171","0.0936"
"risk","2172","0.0864"
"risk","2173","0.0872"
"risk","2174","0.0854"
"risk","2175","0.0920"
"risk","2176","0.0827"
"risk","2177","0.0812"
"risk","2178","0.0805"
"risk","2179","0.0856"
"risk","2180","0.0833"
"risk","2181","0.0874"
"risk","2182","0.0921"
"risk","2183","0.0811"
"risk","2184","0.0851"
"risk","2185","0.0861"
"risk","2186","0.0863"
"risk","2187","0.0858"
"risk","2188","0.0828"
"risk","2189","0.0896"
"risk","2190","0.1310"
"risk","2191","0.0867"
"risk","2192","0.0829"
"risk","2193","0.0823"
"risk","2194","0.0824"
"risk","2195","0.0803"
"risk","2196","0.0903"
"risk","2197","0.0842"
"risk","2198","0.0879"
"risk","2199","0.0851"
"risk","2200","0.0859"
"risk","2201","0.0846"
"risk","2202","0.1249"
"risk","2203","0.0938"
"risk","2204","0.0839"
"risk","2205","0.0843"
"risk","2206","0.0867"
"risk","2207","0.0852"
"risk","2208","0.0836"
"risk","2209","0.0837"
"risk","2210","0.0849"
"risk","2211","0.0869"
"risk","2212","0.0829"
"risk","2213","0.1300"
"risk","2214","0.1025"
"risk","2215","0.1106"
"risk","2216","0.0833"
"risk","2217","0.0853"
"risk","2218","0.0834"
"risk","2219","0.0830"
"risk","2220","0.0836"
"risk","2221","0.0844"
"risk","2222","0.0822"
"risk","2223","0.0826"
"risk","2224","0.0827"
"risk","2225","0.0838"
"risk","2226","0.0824"
"risk","2227","0.0819"
"risk","2228","0.0843"
"risk","2229","0.0838"
"risk","2230","0.0880"
"risk","2231","0.0860"
"risk","2232","0.1205"
"risk","2233","0.0815"
"risk","2234","2.4607"
"risk","2235","0.1686"
"risk","2236","0.4877"
"risk","2237","0.1614"
"risk","2238","0.1426"
"risk","2239","0.1492"
"risk","2240","0.7021"
"risk","2241","0.0865"
"risk","2242","0.0988"
"risk","2243","0.0828"
"risk","2244","0.0870"
"risk","2245","0.0839"
"risk","2246","0.0897"
"risk","2247","0.0849"
"risk","2248","0.0822"
"risk","2249","0.0816"
"risk","2250","0.0810"
"risk","2251","0.0838"
"risk","2252","0.0828"
"risk","2253","0.0927"
"risk","2254","0.0841"
"risk","2255","0.0821"
"risk","2256","0.0840"
"risk","2257","0.0818"
"risk","2258","0.0818"
"risk","2259","0.0812"
"risk","2260","0.0821"
"risk","2261","0.0840"
"risk","2262","0.0883"
"risk","2263","0.0833"
"risk","2264","0.0855"
"risk","2265","0.0812"
"risk","2266","0.0862"
"risk","2267","0.0843"
"risk","2268","0.0817"
"risk","2269","0.0832"
"risk","2270","0.0829"
"risk","2271","0.0915"
"risk","2272","0.0819"
"risk","2273","0.0870"
"risk","2274","0.0943"
"risk","2275","0.0821"
"risk","2276","0.0856"
"risk","2277","0.0919"
"risk","2278","0.0971"
"risk","2279","0.0867"
"risk","2280","0.0843"
"risk","2281","0.0873"
"risk","2282","0.0839"
"risk","2283","0.0950"
"risk","2284","0.0910"
"risk","2285","0.0833"
"risk","2286","0.0829"
"risk","2287","0.0824"
"risk","2288","0.0843"
"risk","2289","0.0852"
"risk","2290","0.0827"
"risk","2291","0.0846"
"risk","2292","0.1000"
"risk","2293","0.0841"
"risk","2294","0.0837"
"risk","2295","0.0831"
"risk","2296","0.0851"
"risk","2297","0.0812"
"risk","2298","0.1019"
"risk","2299","0.0814"
"risk","2300","0.1030"
"risk","2301","0.0857"
"risk","2302","0.0831"
"risk","2303","0.0838"
"risk","2304","0.0826"
"risk","2305","0.0826"
"risk","2306","0.0889"
"risk","2307","0.0852"
"risk","2308","0.1299"
"risk","2309","0.0984"
"risk","2310","0.0880"
"risk","2311","0.0877"
"risk","2312","0.1010"
"risk","2313","0.1462"
"risk","2314","0.1653"
"risk","2315","0.1395"
"risk","2316","0.1126"
"risk","2317","0.0936"
"risk","2318","0.0863"
"risk","2319","0.0907"
"risk","2320","0.0878"
"risk","2321","0.0868"
"risk","2322","0.0849"
"risk","2323","0.0864"
"risk","2324","0.0992"
"risk","2325","0.0870"
"risk","2326","0.0882"
"risk","2327","0.0869"
"risk","2328","0.0891"
"risk","2329","0.0844"
"risk","2330","0.0863"
"risk","2331","0.0849"
"risk","2332","0.0856"
"risk","2333","0.0838"
"risk","2334","0.0837"
"risk","2335","0.0835"
"risk","2336","0.0843"
"risk","2337","0.0888"
"risk","2338","0.0859"
"risk","2339","0.0862"
"risk","2340","0.0829"
"risk","2341","0.0846"
"risk","2342","0.0848"
"risk","2343","0.0883"
"risk","2344","0.0839"
"risk","2345","0.0865"
"risk","2346","0.0844"
"risk","2347","0.0896"
"risk","2348","0.0854"
"risk","2349","0.0859"
"risk","2350","0.0840"
"risk","2351","0.0882"
"risk","2352","0.0874"
"risk","2353","0.0844"
"risk","2354","0.0872"
"risk","2355","0.0854"
"risk","2356","0.0845"
"risk","2357","0.0853"
"risk","2358","0.0864"
"risk","2359","0.0936"
"risk","2360","0.0889"
"risk","2361","0.0883"
"risk","2362","0.0827"
"risk","2363","0.0882"
"risk","2364","0.0850"
"risk","2365","0.0870"
"risk","2366","0.0848"
"risk","2367","0.0910"
"risk","2368","0.0843"
"risk","2369","0.0844"
"risk","2370","0.1089"
"risk","2371","0.1895"
"risk","2372","0.4906"
"risk","2373","0.3715"
"risk","2374","0.1128"
"risk","2375","0.0978"
"risk","2376","0.1393"
"risk","2377","0.0979"
"risk","2378","0.0901"
"risk","2379","0.1404"
"risk","2380","0.0984"
"risk","2381","0.0863"
"risk","2382","0.0866"
"risk","2383","0.0885"
"risk","2384","0.5395"
"risk","2385","0.9048"
"risk","2386","0.0852"
"risk","2387","1.0822"
"risk","2388","0.0882"
"risk","2389","0.0837"
"risk","2390","0.0849"
"risk","2391","0.0842"
"risk","2392","0.0844"
"risk","2393","0.0854"
"risk","2394","0.0948"
"risk","2395","0.0897"
"risk","2396","0.0855"
"risk","2397","0.0851"
"risk","2398","0.0946"
"risk","2399","0.0842"
"risk","2400","0.0894"
"risk","2401","0.0844"
"risk","2402","0.1075"
"risk","2403","0.1519"
"risk","2404","0.1693"
"risk","2405","0.0923"
"risk","2406","0.0921"
"risk","2407","0.0854"
"risk","2408","0.0828"
"risk","2409","0.1427"
"risk","2410","0.0840"
"risk","2411","0.0839"
"risk","2412","0.0852"
"risk","2413","0.0862"
"risk","2414","0.0810"
"risk","2415","0.0803"
"risk","2416","0.0824"
"risk","2417","0.1428"
"risk","2418","0.1710"
"risk","2419","0.0933"
"risk","2420","0.0861"
"risk","2421","0.0916"
"risk","2422","0.0864"
"risk","2423","0.0958"
"risk","2424","0.1045"
"risk","2425","0.0841"
"risk","2426","0.0817"
"risk","2427","0.0851"
"risk","2428","0.0972"
"risk","2429","0.0837"
"risk","2430","0.0832"
"risk","2431","0.0838"
"risk","2432","0.0818"
"risk","2433","0.0828"
"risk","2434","0.0831"
"risk","2435","0.0827"
"risk","2436","0.0811"
"risk","2437","0.0840"
"risk","2438","0.0925"
"risk","2439","0.0838"
"risk","2440","0.0789"
"risk","2441","0.0831"
"risk","2442","0.1087"
"risk","2443","0.0841"
"risk","2444","0.0812"
"risk","2445","0.0857"
"risk","2446","0.0817"
"risk","2447","0.0825"
"risk","2448","0.0813"
"risk","2449","0.0885"
"risk","2450","0.0858"
"risk","2451","0.0892"
"risk","2452","0.0841"
"risk","2453","0.0829"
"risk","2454","0.0843"
"risk","2455","0.0864"
"risk","2456","0.0838"
"risk","2457","0.0840"
"risk","2458","0.0827"
"risk","2459","0.0846"
"risk","2460","0.0858"
"risk","2461","0.0899"
"risk","2462","0.0899"
"risk","2463","0.0849"
"risk","2464","0.0868"
"risk","2465","0.0844"
"risk","2466","0.1177"
"risk","2467","0.0859"
"risk","2468","0.0831"
"risk","2469","0.1106"
"risk","2470","0.0853"
"risk","2471","0.0860"
"risk","2472","0.0850"
"risk","2473","0.0903"
"risk","2474","0.0878"
"risk","2475","0.0832"
"risk","2476","0.0819"
"risk","2477","0.0846"
"risk","2478","0.0832"
"risk","2479","0.0863"
"risk","2480","0.0846"
"risk","2481","0.0837"
"risk","2482","0.1033"
"risk","2483","0.0865"
"risk","2484","0.0946"
"risk","2485","0.1011"
"risk","2486","0.0846"
"risk","2487","0.0832"
"risk","2488","0.1145"
"risk","2489","0.0930"
"risk","2490","0.0849"
"risk","2491","0.0857"
"risk","2492","0.1718"
"risk","2493","0.1751"
"risk","2494","0.3713"
"risk","2495","0.3391"
"risk","2496","0.2242"
"risk","2497","0.2766"
"risk","2498","0.1035"
"risk","2499","0.0918"
"risk","2500","0.0851"
"risk","2501","0.0875"
"risk","2502","0.0986"
"risk","2503","0.0807"
"risk","2504","0.5346"
"risk","2505","0.7994"
"risk","2506","0.0814"
"risk","2507","0.2232"
"risk","2508","0.0855"
"risk","2509","0.0882"
"risk","2510","0.0819"
"risk","2511","0.0963"
"risk","2512","0.0850"
"risk","2513","0.0877"
"risk","2514","0.0883"
"risk","2515","0.0889"
"risk","2516","0.0842"
"risk","2517","0.1000"
"risk","2518","0.1160"
"risk","2519","0.0825"
"risk","2520","0.0824"
"risk","2521","0.0827"
"risk","2522","0.0844"
"risk","2523","0.0919"
"risk","2524","0.0821"
"risk","2525","0.0817"
"risk","2526","0.0844"
"risk","2527","0.0825"
"risk","2528","0.0832"
"risk","2529","0.1157"
"risk","2530","0.0838"
"risk","2531","0.0834"
"risk","2532","0.0820"
"risk","2533","0.0857"
"risk","2534","0.0840"
"risk","2535","0.0933"
"risk","2536","0.0809"
"risk","2537","0.0889"
"risk","2538","0.0848"
"risk","2539","0.0808"
"risk","2540","0.0808"
"risk","2541","0.0823"
"risk","2542","0.0804"
"risk","2543","0.0796"
"risk","2544","0.0776"
"risk","2545","0.0779"
"risk","2546","0.0788"
"risk","2547","0.1370"
"risk","2548","0.0828"
"risk","2549","0.0956"
"risk","2550","0.0857"
"risk","2551","0.0799"
"risk","2552","0.0886"
"risk","2553","0.0865"
"risk","2554","0.0848"
"risk","2555","0.0882"
"risk","2556","0.0873"
"risk","2557","0.0844"
"risk","2558","0.0839"
"risk","2559","0.0845"
"risk","2560","0.0893"
"risk","2561","0.0846"
"risk","2562","0.0831"
"risk","2563","0.0800"
"risk","2564","0.0848"
"risk","2565","0.0833"
"risk","2566","0.0950"
"risk","2567","0.0858"
"risk","2568","0.0853"
"risk","2569","0.0958"
"risk","2570","0.0853"
"risk","2571","0.0913"
"risk","2572","0.0817"
"risk","2573","0.0859"
"risk","2574","0.1693"
"risk","2575","0.0879"
"risk","2576","0.0843"
"risk","2577","0.0827"
"risk","2578","0.0846"
"risk","2579","1.6025"
"risk","2580","0.0836"
"risk","2581","0.0814"
"risk","2582","0.0851"
"risk","2583","0.0807"
"risk","2584","0.0856"
"risk","2585","0.0859"
"risk","2586","0.0857"
"risk","2587","0.0836"
"risk","2588","0.0856"
"risk","2589","0.0965"
"risk","2590","0.0873"
"risk","2591","0.0808"
"risk","2592","0.0852"
"risk","2593","0.0818"
"risk","2594","0.0879"
"risk","2595","0.0831"
"risk","2596","0.0953"
"risk","2597","0.0821"
"risk","2598","1.6767"
"risk","2599","0.3383"
"risk","2600","0.1008"
"risk","2601","0.0865"
"risk","2602","0.0832"
"risk","2603","0.0879"
"risk","2604","0.0833"
"risk","2605","0.0999"
"risk","2606","0.0841"
"risk","2607","0.0805"
"risk","2608","0.4988"
"risk","2609","0.0833"
"risk","2610","0.0819"
"risk","2611","1.5591"
"risk","2612","0.0910"
"risk","2613","0.0841"
"risk","2614","0.0896"
"risk","2615","0.0844"
"risk","2616","0.0840"
"risk","2617","0.0841"
"risk","2618","0.0871"
"risk","2619","0.1318"
"risk","2620","0.0931"
"risk","2621","0.0824"
"risk","2622","0.0814"
"risk","2623","0.0836"
"risk","2624","0.0827"
"risk","2625","0.0839"
"risk","2626","0.0997"
"risk","2627","0.0828"
"risk","2628","0.0851"
"risk","2629","0.0824"
"risk","2630","0.0817"
"risk","2631","0.0824"
"risk","2632","0.0942"
"risk","2633","0.0821"
"risk","2634","0.0812"
"risk","2635","0.0814"
"risk","2636","0.0830"
"risk","2637","0.0810"
"risk","2638","0.1055"
"risk","2639","0.0859"
"risk","2640","0.0844"
"risk","2641","0.0819"
"risk","2642","0.0823"
"risk","2643","0.0848"
"risk","2644","0.0995"
"risk","2645","0.0818"
"risk","2646","0.0815"
"risk","2647","0.0829"
"risk","2648","0.0820"
"risk","2649","0.0812"
"risk","2650","0.0923"
"risk","2651","0.0946"
"risk","2652","0.0828"
"risk","2653","0.0856"
"risk","2654","0.0831"
"risk","2655","0.0826"
"risk","2656","0.0921"
"risk","2657","0.0901"
"risk","2658","0.0844"
"risk","2659","0.0823"
"risk","2660","0.0815"
"risk","2661","0.0825"
"risk","2662","0.0957"
"risk","2663","0.0897"
"risk","2664","0.0811"
"risk","2665","0.0831"
"risk","2666","0.0821"
"risk","2667","0.0804"
"risk","2668","0.0819"
"risk","2669","0.0950"
"risk","2670","0.0829"
"risk","2671","0.0840"
"risk","2672","0.0798"
"risk","2673","0.0839"
"risk","2674","0.0816"
"risk","2675","0.0982"
"risk","2676","0.0808"
"risk","2677","0.0821"
"risk","2678","0.0817"
"risk","2679","0.0824"
"risk","2680","0.0821"
"risk","2681","0.1582"
"risk","2682","0.0831"
"risk","2683","0.0839"
"risk","2684","0.0820"
"risk","2685","0.0820"
"risk","2686","0.0835"
"risk","2687","0.0979"
"risk","2688","0.0819"
"risk","2689","0.0813"
"risk","2690","0.0807"
"risk","2691","0.0812"
"risk","2692","0.0825"
"risk","2693","0.0994"
"risk","2694","0.0803"
"risk","2695","0.0817"
"risk","2696","0.0818"
"risk","2697","0.0814"
"risk","2698","0.0818"
"risk","2699","0.0996"
"risk","2700","0.0875"
"risk","2701","0.0833"
"risk","2702","0.0818"
"risk","2703","0.0816"
"risk","2704","0.0828"
"risk","2705","0.0811"
"risk","2706","0.0958"
"risk","2707","0.0811"
"risk","2708","0.0839"
"risk","2709","0.1062"
"risk","2710","0.0810"
"risk","2711","0.0799"
"risk","2712","0.0913"
"risk","2713","0.0797"
"risk","2714","0.0815"
"risk","2715","0.0826"
"risk","2716","0.0816"
"risk","2717","0.0805"
"risk","2718","0.0965"
"risk","2719","0.0830"
"risk","2720","1.4082"
"risk","2721","0.2030"
"risk","2722","0.1820"
"risk","2723","0.0983"
"risk","2724","0.0903"
"risk","2725","0.1222"
"risk","2726","0.0848"
"risk","2727","0.0886"
"risk","2728","0.0861"
"risk","2729","0.0835"
"risk","2730","0.0857"
"risk","2731","0.0840"
"risk","2732","0.0819"
"risk","2733","0.0816"
"risk","2734","0.0831"
"risk","2735","0.0830"
"risk","2736","0.5260"
"risk","2737","0.8054"
"risk","2738","0.0844"
"risk","2739","0.0832"
"risk","2740","0.0815"
"risk","2741","0.0852"
"risk","2742","0.0817"
"risk","2743","0.1374"
"risk","2744","0.1053"
"risk","2745","0.0899"
"risk","2746","0.2453"
"risk","2747","0.0936"
"risk","2748","0.0893"
"risk","2749","0.0831"
"risk","2750","0.0827"
"risk","2751","0.0816"
"risk","2752","0.0820"
"risk","2753","0.0832"
"risk","2754","0.0824"
"risk","2755","0.0836"
"risk","2756","0.0837"
"risk","2757","0.0838"
"risk","2758","0.0841"
"risk","2759","0.0830"
"risk","2760","0.0823"
"risk","2761","0.0833"
"risk","2762","0.0845"
"risk","2763","0.0836"
"risk","2764","0.0837"
"risk","2765","0.0901"
"risk","2766","0.0835"
"risk","2767","0.0844"
"risk","2768","0.0826"
"risk","2769","0.0796"
"risk","2770","0.0825"
"risk","2771","0.0805"
"risk","2772","0.0815"
"risk","2773","0.0807"
"risk","2774","0.0837"
"risk","2775","0.0823"
"risk","2776","0.0816"
"risk","2777","0.0827"
"risk","2778","0.0829"
"risk","2779","0.0818"
"risk","2780","0.0863"
"risk","2781","0.0821"
"risk","2782","0.0805"
"risk","2783","0.0796"
"risk","2784","0.0810"
"risk","2785","0.0810"
"risk","2786","0.0819"
"risk","2787","0.0834"
"risk","2788","0.0833"
"risk","2789","0.0875"
"risk","2790","0.0821"
"risk","2791","0.0821"
"risk","2792","0.0909"
"risk","2793","0.0831"
"risk","2794","0.0811"
"risk","2795","0.0814"
"risk","2796","0.0821"
"risk","2797","0.0845"
"risk","2798","0.0826"
"risk","2799","0.0809"
"risk","2800","0.0815"
"risk","2801","0.0814"
"risk","2802","0.0808"
"risk","2803","0.0826"
"risk","2804","0.0869"
"risk","2805","0.0845"
"risk","2806","0.0832"
"risk","2807","0.0804"
"risk","2808","0.0824"
"risk","2809","0.0820"
"risk","2810","0.0823"
"risk","2811","0.0822"
"risk","2812","0.0815"
"risk","2813","0.0883"
"risk","2814","0.0827"
"risk","2815","0.0809"
"risk","2816","0.0817"
"risk","2817","0.0823"
"risk","2818","0.0813"
"risk","2819","0.0801"
"risk","2820","0.0825"
"risk","2821","0.0817"
"risk","2822","0.0831"
"risk","2823","0.0817"
"risk","2824","0.0812"
"risk","2825","0.0834"
"risk","2826","0.0818"
"risk","2827","0.0799"
"risk","2828","0.0838"
"risk","2829","0.0811"
"risk","2830","0.0810"
"risk","2831","0.0825"
"risk","2832","0.0819"
"risk","2833","0.0806"
"risk","2834","0.0797"
"risk","2835","0.0822"
"risk","2836","0.0810"
"risk","2837","0.0820"
"risk","2838","0.0850"
"risk","2839","0.0831"
"risk","2840","0.0863"
"risk","2841","0.0808"
"risk","2842","0.0827"
"risk","2843","0.0832"
"risk","2844","0.0817"
"risk","2845","0.0824"
"risk","2846","0.0891"
"risk","2847","0.0823"
"risk","2848","0.0819"
"risk","2849","0.0803"
"risk","2850","0.0818"
"risk","2851","0.0817"
"risk","2852","0.0868"
"risk","2853","2.5458"
"risk","2854","0.5084"
"risk","2855","0.7955"
"risk","2856","0.0841"
"risk","2857","0.1384"
"risk","2858","0.0886"
"risk","2859","0.0812"
"risk","2860","0.0828"
"risk","2861","0.0812"
"risk","2862","0.0837"
"risk","2863","0.0825"
"risk","2864","0.0807"
"risk","2865","0.0796"
"risk","2866","0.0806"
"risk","2867","0.0828"
"risk","2868","0.0902"
"risk","2869","0.0818"
"risk","2870","0.0831"
"risk","2871","0.0815"
"risk","2872","0.0837"
"risk","2873","0.0819"
"risk","2874","0.0819"
"risk","2875","0.0810"
"risk","2876","0.0816"
"risk","2877","0.0816"
"risk","2878","0.0817"
"risk","2879","0.0814"
"risk","2880","0.0908"
"risk","2881","0.0846"
"risk","2882","0.0808"
"risk","2883","0.0806"
"risk","2884","0.0802"
"risk","2885","0.0836"
"risk","2886","0.0819"
"risk","2887","0.0821"
"risk","2888","0.0804"
"risk","2889","0.0810"
"risk","2890","0.0803"
"risk","2891","0.0840"
"risk","2892","0.0810"
"risk","2893","0.3027"
"risk","2894","0.1943"
"risk","2895","0.0986"
"risk","2896","0.1029"
"risk","2897","0.0958"
"risk","2898","0.0931"
"risk","2899","0.1851"
"risk","2900","0.1426"
"risk","2901","0.0898"
"risk","2902","0.0954"
"risk","2903","0.0929"
"risk","2904","0.0994"
"risk","2905","0.1701"
"risk","2906","0.1040"
"risk","2907","0.0816"
"risk","2908","0.0877"
"risk","2909","0.0827"
"risk","2910","0.0821"
"risk","2911","0.0835"
"risk","2912","0.0820"
"risk","2913","0.0800"
"risk","2914","0.0801"
"risk","2915","0.0808"
"risk","2916","0.0828"
"risk","2917","0.2128"
"risk","2918","0.0858"
"risk","2919","0.0869"
"risk","2920","0.0815"
"risk","2921","0.0811"
"risk","2922","0.0804"
"risk","2923","0.0816"
"risk","2924","0.0814"
"risk","2925","0.0813"
"risk","2926","0.0815"
"risk","2927","0.0823"
"risk","2928","0.0804"
"risk","2929","0.0931"
"risk","2930","0.0837"
"risk","2931","0.1050"
"risk","2932","0.0862"
"risk","2933","0.0824"
"risk","2934","0.0841"
"risk","2935","0.0826"
"risk","2936","0.0808"
"risk","2937","0.0841"
"risk","2938","0.1029"
"risk","2939","0.0932"
"risk","2940","0.0814"
"risk","2941","0.1031"
"risk","2942","0.0881"
"risk","2943","0.0900"
"risk","2944","0.0833"
"risk","2945","0.0824"
"risk","2946","0.0838"
"risk","2947","0.0875"
"risk","2948","0.0795"
"risk","2949","0.0824"
"risk","2950","0.0822"
"risk","2951","0.0832"
"risk","2952","0.0817"
"risk","2953","0.0836"
"risk","2954","0.0834"
"risk","2955","0.0850"
"risk","2956","0.0853"
"risk","2957","0.0852"
"risk","2958","0.0860"
"risk","2959","0.0890"
"risk","2960","0.1743"
"risk","2961","0.0963"
"risk","2962","0.0881"
"risk","2963","0.0822"
"risk","2964","0.0803"
"risk","2965","0.0824"
"risk","2966","0.0830"
"risk","2967","0.0812"
"risk","2968","0.0799"
"risk","2969","0.0864"
"risk","2970","1.2166"
"risk","2971","0.1445"
"risk","2972","0.1139"
"risk","2973","0.0950"
"risk","2974","0.0877"
"risk","2975","0.0883"
"risk","2976","0.1500"
"risk","2977","0.2416"
"risk","2978","0.1325"
"risk","2979","0.1062"
"risk","2980","0.0882"
"risk","2981","0.1024"
"risk","2982","0.1115"
"risk","2983","0.4244"
"risk","2984","0.0777"
"risk","2985","0.1441"
"risk","2986","0.7130"
"risk","2987","0.9558"
"risk","2988","0.7292"
"risk","2989","0.0962"
"risk","2990","0.0902"
"risk","2991","0.0900"
"risk","2992","0.1936"
"risk","2993","0.0872"
"risk","2994","0.1527"
"risk","2995","0.0859"
"risk","2996","0.1445"
"risk","2997","0.0895"
"risk","2998","0.0943"
"risk","2999","0.0921"
"risk","3000","0.1123"
"risk","3001","0.1473"
"risk","3002","0.0840"
"risk","3003","0.0842"
"risk","3004","0.0906"
"risk","3005","0.0855"
"risk","3006","0.0863"
"risk","3007","0.1422"
"risk","3008","0.0832"
"risk","3009","0.0825"
"risk","3010","0.0848"
"risk","3011","0.0819"
"risk","3012","0.1837"
"risk","3013","0.0849"
"risk","3014","0.0898"
"risk","3015","0.1394"
"risk","3016","0.0862"
"risk","3017","0.0953"
"risk","3018","0.1549"
"risk","3019","0.0952"
"risk","3020","0.1804"
"risk","3021","0.1860"
"risk","3022","0.1004"
"risk","3023","0.1035"
"risk","3024","0.1425"
"risk","3025","0.1712"
"risk","3026","0.0863"
"risk","3027","0.0857"
"risk","3028","0.0896"
"risk","3029","0.0823"
"risk","3030","0.1391"
"risk","3031","0.0891"
"risk","3032","0.0820"
"risk","3033","0.0888"
"risk","3034","0.0810"
"risk","3035","0.0838"
"risk","3036","0.1011"
"risk","3037","0.0798"
"risk","3038","0.0824"
"risk","3039","0.0804"
"risk","3040","0.0807"
"risk","3041","0.0840"
"risk","3042","0.0837"
"risk","3043","0.0827"
"risk","3044","0.0816"
"risk","3045","0.0827"
"risk","3046","0.0811"
"risk","3047","0.0821"
"risk","3048","0.0816"
"risk","3049","0.0818"
"risk","3050","0.0807"
"risk","3051","0.0818"
"risk","3052","0.0801"
"risk","3053","0.0821"
"risk","3054","0.0944"
"risk","3055","0.0893"
"risk","3056","0.0837"
"risk","3057","0.0827"
"risk","3058","0.0786"
"risk","3059","0.0810"
"risk","3060","0.0821"
"risk","3061","0.0818"
"risk","3062","0.0827"
"risk","3063","0.0821"
"risk","3064","0.0826"
"risk","3065","0.0827"
"risk","3066","0.0813"
"risk","3067","0.0817"
"risk","3068","0.0825"
"risk","3069","0.0835"
"risk","3070","0.0818"
"risk","3071","0.0818"
"risk","3072","0.0814"
"risk","3073","0.0977"
"risk","3074","2.7344"
"risk","3075","0.1208"
"risk","3076","0.0910"
"risk","3077","0.1689"
"risk","3078","0.3941"
"risk","3079","0.0881"
"risk","3080","0.0863"
"risk","3081","0.6892"
"risk","3082","0.0896"
"risk","3083","0.1098"
"risk","3084","0.0835"
"risk","3085","0.0939"
"risk","3086","0.0831"
"risk","3087","0.1448"
"risk","3088","0.0886"
"risk","3089","0.0846"
"risk","3090","0.0820"
"risk","3091","0.0932"
"risk","3092","0.0827"
"risk","3093","0.0826"
"risk","3094","0.0825"
"risk","3095","0.1214"
"risk","3096","0.0811"
"risk","3097","0.0802"
"risk","3098","0.0806"
"risk","3099","0.1448"
"risk","3100","0.0993"
"risk","3101","0.0823"
"risk","3102","0.0947"
"risk","3103","0.0835"
"risk","3104","0.0948"
"risk","3105","0.0825"
"risk","3106","0.1137"
"risk","3107","0.1057"
"risk","3108","0.1159"
"risk","3109","0.1684"
"risk","3110","0.0878"
"risk","3111","0.1515"
"risk","3112","0.1644"
"risk","3113","0.1118"
"risk","3114","0.1314"
"risk","3115","0.0981"
"risk","3116","0.0851"
"risk","3117","0.0869"
"risk","3118","0.0878"
"risk","3119","0.0858"
"risk","3120","0.0963"
"risk","3121","0.0866"
"risk","3122","0.0886"
"risk","3123","0.0846"
"risk","3124","0.0853"
"risk","3125","0.1159"
"risk","3126","0.1052"
"risk","3127","0.1529"
"risk","3128","0.1787"
"risk","3129","0.0896"
"risk","3130","0.1032"
"risk","3131","0.0977"
"risk","3132","0.0953"
"risk","3133","0.0779"
"risk","3134","0.1214"
"risk","3135","0.1077"
"risk","3136","0.0857"
"risk","3137","0.0828"
"risk","3138","0.0877"
"risk","3139","0.1039"
"risk","3140","0.0902"
"risk","3141","0.1667"
"risk","3142","0.0913"
"risk","3143","0.0938"
"risk","3144","0.3446"
"risk","3145","0.1924"
"risk","3146","0.1441"
"risk","3147","0.0899"
"risk","3148","0.0995"
"risk","3149","0.0909"
"risk","3150","0.0841"
"risk","3151","0.1086"
"risk","3152","0.0833"
"risk","3153","0.0921"
"risk","3154","0.0843"
"risk","3155","0.0828"
"risk","3156","0.0864"
"risk","3157","0.0827"
"risk","3158","0.0833"
"risk","3159","0.0807"
"risk","3160","0.0833"
"risk","3161","0.0837"
"risk","3162","0.0822"
"risk","3163","0.1147"
"risk","3164","0.0879"
"risk","3165","0.0825"
"risk","3166","0.0878"
"risk","3167","0.0828"
"risk","3168","0.0838"
"risk","3169","0.0823"
"risk","3170","0.0856"
"risk","3171","0.0846"
"risk","3172","0.0822"
"risk","3173","0.0846"
"risk","3174","0.1782"
"risk","3175","0.0821"
"risk","3176","0.1082"
"risk","3177","0.0936"
"risk","3178","0.0816"
"risk","3179","0.0834"
"risk","3180","0.1102"
"risk","3181","1.3562"
"risk","3182","0.2077"
"risk","3183","0.1111"
"risk","3184","0.0879"
"risk","3185","0.1141"
"risk","3186","0.1616"
"risk","3187","0.0918"
"risk","3188","0.1113"
"risk","3189","0.1084"
"risk","3190","0.1453"
"risk","3191","0.1849"
"risk","3192","0.0922"
"risk","3193","0.1159"
"risk","3194","0.0919"
"risk","3195","0.0859"
"risk","3196","0.0863"
"risk","3197","0.0850"
"risk","3198","0.0906"
"risk","3199","0.0860"
"risk","3200","0.0944"
"risk","3201","0.0850"
"risk","3202","0.6497"
"risk","3203","0.1019"
"risk","3204","0.0855"
"risk","3205","0.7123"
"risk","3206","0.1205"
"risk","3207","0.0847"
"risk","3208","0.1259"
"risk","3209","0.0854"
"risk","3210","0.0851"
"risk","3211","0.1056"
"risk","3212","0.1149"
"risk","3213","0.0877"
"risk","3214","0.0845"
"risk","3215","0.0830"
"risk","3216","0.0799"
"risk","3217","0.0818"
"risk","3218","0.0829"
"risk","3219","0.0904"
"risk","3220","0.0831"
"risk","3221","0.0829"
"risk","3222","0.0843"
"risk","3223","0.0792"
"risk","3224","0.0827"
"risk","3225","0.0831"
"risk","3226","0.0828"
"risk","3227","0.0831"
"risk","3228","0.0817"
"risk","3229","0.0909"
"risk","3230","0.0829"
"risk","3231","0.0870"
"risk","3232","0.0819"
"risk","3233","0.0833"
"risk","3234","0.0807"
"risk","3235","0.0936"
"risk","3236","0.0824"
"risk","3237","0.0825"
"risk","3238","0.0830"
"risk","3239","0.0827"
"risk","3240","0.0821"
"risk","3241","0.0817"
"risk","3242","0.0897"
"risk","3243","0.0850"
"risk","3244","0.0834"
"risk","3245","0.0826"
"risk","3246","0.0827"
"risk","3247","0.0814"
"risk","3248","0.0828"
"risk","3249","0.0823"
"risk","3250","0.0796"
"risk","3251","0.0843"
"risk","3252","0.0837"
"risk","3253","0.0830"
"risk","3254","0.0843"
"risk","3255","0.1496"
"risk","3256","0.0838"
"risk","3257","0.0836"
"risk","3258","0.0864"
"risk","3259","0.0851"
"risk","3260","0.0865"
"risk","3261","0.0831"
"risk","3262","0.0831"
"risk","3263","0.0824"
"risk","3264","0.0827"
"risk","3265","0.1788"
"risk","3266","0.0907"
"risk","3267","0.0858"
"risk","3268","0.0848"
"risk","3269","0.1337"
"risk","3270","0.0846"
"risk","3271","0.0868"
"risk","3272","0.1012"
"risk","3273","0.0858"
"risk","3274","0.0841"
"risk","3275","0.0957"
"risk","3276","0.0864"
"risk","3277","0.0870"
"risk","3278","0.0855"
"risk","3279","0.0858"
"risk","3280","0.0849"
"risk","3281","0.0846"
"risk","3282","0.0833"
"risk","3283","0.0837"
"risk","3284","0.0833"
"risk","3285","0.0873"
"risk","3286","0.0847"
"risk","3287","0.3319"
"risk","3288","0.1711"
"risk","3289","0.0910"
"risk","3290","0.0855"
"risk","3291","0.1114"
"risk","3292","0.0846"
"risk","3293","0.1012"
"risk","3294","0.0867"
"risk","3295","0.0880"
"risk","3296","0.0846"
"risk","3297","0.0927"
"risk","3298","0.0854"
"risk","3299","0.0879"
"risk","3300","0.0861"
"risk","3301","0.0854"
"risk","3302","0.0874"
"risk","3303","0.1002"
"risk","3304","0.0983"
"risk","3305","0.0844"
"risk","3306","0.0964"
"risk","3307","0.0865"
"risk","3308","0.0906"
"risk","3309","0.0866"
"risk","3310","0.0851"
"risk","3311","0.0924"
"risk","3312","0.0844"
"risk","3313","0.0807"
"risk","3314","0.0834"
"risk","3315","0.0960"
"risk","3316","0.0833"
"risk","3317","0.0824"
"risk","3318","0.1222"
"risk","3319","0.3092"
"risk","3320","0.0975"
"risk","3321","0.0913"
"risk","3322","0.1447"
"risk","3323","0.1453"
"risk","3324","0.1624"
"risk","3325","0.1932"
"risk","3326","0.0970"
"risk","3327","0.2086"
"risk","3328","0.1984"
"risk","3329","0.0909"
"risk","3330","0.0954"
"risk","3331","0.0981"
"risk","3332","0.0972"
"risk","3333","0.0880"
"risk","3334","0.0937"
"risk","3335","0.0932"
"risk","3336","0.2656"
"risk","3337","0.7628"
"risk","3338","0.0871"
"risk","3339","0.1927"
"risk","3340","0.0906"
"risk","3341","0.0970"
"risk","3342","0.0941"
"risk","3343","0.1431"
"risk","3344","0.0892"
"risk","3345","0.1473"
"risk","3346","0.1521"
"risk","3347","0.0850"
"risk","3348","0.0840"
"risk","3349","0.0862"
"risk","3350","0.0856"
"risk","3351","0.0874"
"risk","3352","0.0863"
"risk","3353","0.1828"
"risk","3354","0.1080"
"risk","3355","0.0857"
"risk","3356","0.0869"
"risk","3357","0.0832"
"risk","3358","0.0872"
"risk","3359","0.0866"
"risk","3360","0.0836"
"risk","3361","0.0861"
"risk","3362","0.0841"
"risk","3363","0.0907"
"risk","3364","0.0898"
"risk","3365","0.1866"
"risk","3366","0.1187"
"risk","3367","0.0961"
"risk","3368","0.0864"
"risk","3369","0.0986"
"risk","3370","0.1017"
"risk","3371","0.0887"
"risk","3372","0.1249"
"risk","3373","0.0892"
"risk","3374","0.0867"
"risk","3375","0.0857"
"risk","3376","0.0860"
"risk","3377","0.0883"
"risk","3378","0.0872"
"risk","3379","0.0874"
"risk","3380","0.0868"
"risk","3381","0.0887"
"risk","3382","0.0872"
"risk","3383","0.0861"
"risk","3384","0.0903"
"risk","3385","0.0863"
"risk","3386","0.7818"
"risk","3387","0.0895"
"risk","3388","0.0907"
"risk","3389","0.0877"
"risk","3390","0.0870"
"risk","3391","0.0873"
"risk","3392","0.0876"
"risk","3393","0.0862"
"risk","3394","0.1679"
"risk","3395","0.1025"
"risk","3396","0.0966"
"risk","3397","0.1603"
"risk","3398","0.1022"
"risk","3399","0.0858"
"risk","3400","0.0830"
"risk","3401","0.1326"
"risk","3402","0.1748"
"risk","3403","0.0844"
"risk","3404","0.1426"
"risk","3405","0.0893"
"risk","3406","0.0888"
"risk","3407","0.0852"
"risk","3408","0.0793"
"risk","3409","0.0822"
"risk","3410","0.0835"
"risk","3411","0.0879"
"risk","3412","0.0822"
"risk","3413","0.0818"
"risk","3414","0.0818"
"risk","3415","0.1088"
"risk","3416","0.0815"
"risk","3417","0.0815"
"risk","3418","0.2693"
"risk","3419","0.0920"
"risk","3420","0.0846"
"risk","3421","0.0872"
"risk","3422","0.0837"
"risk","3423","0.1661"
"risk","3424","1.9390"
"risk","3425","0.1119"
"risk","3426","0.0851"
"risk","3427","0.0855"
"risk","3428","0.3430"
"risk","3429","0.2523"
"risk","3430","0.1678"
"risk","3431","0.0867"
"risk","3432","0.0823"
"risk","3433","0.1205"
"risk","3434","0.1090"
"risk","3435","0.1630"
"risk","3436","0.1832"
"risk","3437","1.2481"
"risk","3438","0.1548"
"risk","3439","0.0924"
"risk","3440","0.0937"
"risk","3441","0.0867"
"risk","3442","0.1952"
"risk","3443","0.0860"
"risk","3444","0.0966"
"risk","3445","0.0906"
"risk","3446","0.0973"
"risk","3447","0.1488"
"risk","3448","0.6690"
"risk","3449","0.1893"
"risk","3450","0.1198"
"risk","3451","0.2031"
"risk","3452","0.0922"
"risk","3453","0.1085"
"risk","3454","0.1230"
"risk","3455","0.1578"
"risk","3456","0.0911"
"risk","3457","0.1036"
"risk","3458","0.1478"
"risk","3459","0.0935"
"risk","3460","0.0861"
"risk","3461","0.0857"
"risk","3462","0.0859"
"risk","3463","0.0854"
"risk","3464","0.0864"
"risk","3465","0.0859"
"risk","3466","0.1515"
"risk","3467","0.0838"
"risk","3468","0.0836"
"risk","3469","0.0808"
"risk","3470","0.0835"
"risk","3471","0.0854"
"risk","3472","0.0819"
"risk","3473","0.0803"
"risk","3474","0.1817"
"risk","3475","0.0829"
"risk","3476","0.0814"
"risk","3477","0.0837"
"risk","3478","0.0825"
"risk","3479","0.1785"
"risk","3480","0.0814"
"risk","3481","0.0883"
"risk","3482","0.0819"
"risk","3483","0.0818"
"risk","3484","0.0821"
"risk","3485","0.0806"
"risk","3486","0.0824"
"risk","3487","0.0829"
"risk","3488","0.0827"
"risk","3489","0.0818"
"risk","3490","0.0839"
"risk","3491","0.0871"
"risk","3492","0.0840"
"risk","3493","0.0921"
"risk","3494","0.0854"
"risk","3495","0.0834"
"risk","3496","0.0839"
"risk","3497","0.1788"
"risk","3498","0.0917"
"risk","3499","0.0847"
"risk","3500","0.0835"
"risk","3501","0.0828"
"risk","3502","0.0834"
"risk","3503","0.0920"
"risk","3504","0.0836"
"risk","3505","0.0847"
"risk","3506","0.0833"
"risk","3507","0.0820"
"risk","3508","0.0849"
"risk","3509","0.0840"
"risk","3510","0.5021"
"risk","3511","0.4255"
"risk","3512","0.0880"
"risk","3513","0.1122"
"risk","3514","0.1021"
"risk","3515","0.1068"
"risk","3516","0.1053"
"risk","3517","0.1505"
"risk","3518","0.1240"
"risk","3519","0.1384"
"risk","3520","0.1430"
"risk","3521","0.0893"
"risk","3522","0.1098"
"risk","3523","0.0937"
"risk","3524","0.0822"
"risk","3525","0.3356"
"risk","3526","0.1176"
"risk","3527","0.1595"
"risk","3528","0.0857"
"risk","3529","0.0831"
"risk","3530","0.0833"
"risk","3531","0.1591"
"risk","3532","0.4163"
"risk","3533","0.2016"
"risk","3534","0.1724"
"risk","3535","0.2449"
"risk","3536","0.2120"
"risk","3537","0.1427"
"risk","3538","0.3147"
"risk","3539","0.1079"
"risk","3540","0.1607"
"risk","3541","0.1065"
"risk","3542","0.0876"
"risk","3543","0.1210"
"risk","3544","0.0842"
"risk","3545","0.1776"
"risk","3546","0.6249"
"risk","3547","0.0879"
"risk","3548","3.1390"
"risk","3549","0.1727"
"risk","3550","0.0945"
"risk","3551","0.0880"
"risk","3552","0.0929"
"risk","3553","0.0868"
"risk","3554","0.1503"
"risk","3555","0.0870"
"risk","3556","0.0857"
"risk","3557","0.0858"
"risk","3558","0.1748"
"risk","3559","0.0878"
"risk","3560","0.0853"
"risk","3561","0.0839"
"risk","3562","0.0845"
"risk","3563","0.1450"
"risk","3564","0.0858"
"risk","3565","0.0860"
"risk","3566","0.1463"
"risk","3567","0.0922"
"risk","3568","0.0968"
"risk","3569","0.1102"
"risk","3570","0.0860"
"risk","3571","0.0843"
"risk","3572","0.0853"
"risk","3573","0.0877"
"risk","3574","0.0889"
"risk","3575","0.0859"
"risk","3576","0.0858"
"risk","3577","0.1860"
"risk","3578","0.0870"
"risk","3579","0.0869"
"risk","3580","0.1468"
"risk","3581","0.0860"
"risk","3582","0.0846"
"risk","3583","0.0863"
"risk","3584","0.0872"
"risk","3585","0.0853"
"risk","3586","0.0853"
"risk","3587","0.0885"
"risk","3588","0.0863"
"risk","3589","0.0834"
"risk","3590","0.0855"
"risk","3591","0.0874"
"risk","3592","0.0864"
"risk","3593","0.0852"
"risk","3594","0.0878"
"risk","3595","0.0931"
"risk","3596","0.0853"
"risk","3597","0.1153"
"risk","3598","0.0876"
"risk","3599","0.0866"
"risk","3600","0.0883"
"risk","3601","0.0888"
"risk","3602","0.0930"
"risk","3603","0.0858"
"risk","3604","0.0858"
"risk","3605","0.0874"
"risk","3606","0.0845"
"risk","3607","0.0855"
"risk","3608","0.0839"
"risk","3609","0.0867"
"risk","3610","2.3463"
"risk","3611","0.2715"
"risk","3612","0.1398"
"risk","3613","0.1071"
"risk","3614","1.4712"
"risk","3615","0.1601"
"risk","3616","0.1348"
"risk","3617","0.0878"
"risk","3618","0.1551"
"risk","3619","0.1609"
"risk","3620","0.0893"
"risk","3621","0.0958"
"risk","3622","0.1190"
"risk","3623","0.1454"
"risk","3624","0.0894"
"risk","3625","0.1753"
"risk","3626","0.1466"
"risk","3627","0.1187"
"risk","3628","0.0960"
"risk","3629","0.1877"
"risk","3630","0.1485"
"risk","3631","0.0852"
"risk","3632","0.1416"
"risk","3633","0.1430"
"risk","3634","0.0913"
"risk","3635","0.1498"
"risk","3636","0.1147"
"risk","3637","0.0862"
"risk","3638","0.0859"
"risk","3639","0.2039"
"risk","3640","0.0882"
"risk","3641","0.0829"
"risk","3642","0.1388"
"risk","3643","0.0876"
"risk","3644","0.1489"
"risk","3645","0.1324"
"risk","3646","0.1635"
"risk","3647","0.1435"
"risk","3648","0.1616"
"risk","3649","0.0904"
"risk","3650","0.1557"
"risk","3651","0.0944"
"risk","3652","0.0960"
"risk","3653","0.2179"
"risk","3654","0.1152"
"risk","3655","0.0937"
"risk","3656","0.2150"
"risk","3657","0.1451"
"risk","3658","0.0925"
"risk","3659","0.1630"
"risk","3660","0.0941"
"risk","3661","0.1971"
"risk","3662","0.1685"
"risk","3663","0.1108"
"risk","3664","1.4006"
"risk","3665","0.0891"
"risk","3666","0.1262"
"risk","3667","0.0854"
"risk","3668","0.0872"
"risk","3669","0.1030"
"risk","3670","0.0874"
"risk","3671","0.0895"
"risk","3672","0.0852"
"risk","3673","0.0921"
"risk","3674","0.0888"
"risk","3675","0.0888"
"risk","3676","0.0925"
"risk","3677","0.0869"
"risk","3678","0.0853"
"risk","3679","0.0871"
"risk","3680","0.0848"
"risk","3681","0.0872"
"risk","3682","0.0915"
"risk","3683","0.0879"
"risk","3684","0.1094"
"risk","3685","0.0963"
"risk","3686","0.1233"
"risk","3687","1.5148"
"risk","3688","0.2594"
"risk","3689","0.2899"
"risk","3690","0.1122"
"risk","3691","0.0881"
"risk","3692","0.0846"
"risk","3693","0.0936"
"risk","3694","0.0908"
"risk","3695","0.0889"
"risk","3696","0.0837"
"risk","3697","0.0825"
"risk","3698","0.0835"
"risk","3699","0.0818"
"risk","3700","0.0817"
"risk","3701","0.4789"
"risk","3702","0.0949"
"risk","3703","0.0829"
"risk","3704","0.0988"
"risk","3705","0.0890"
"risk","3706","0.3090"
"risk","3707","0.1469"
"risk","3708","0.8724"
"risk","3709","0.0873"
"risk","3710","0.0835"
"risk","3711","0.0892"
"risk","3712","0.0836"
"risk","3713","0.0834"
"risk","3714","0.0836"
"risk","3715","0.0840"
"risk","3716","0.0813"
"risk","3717","0.0894"
"risk","3718","0.0833"
"risk","3719","0.0843"
"risk","3720","0.0834"
"risk","3721","0.0831"
"risk","3722","0.0838"
"risk","3723","0.0824"
"risk","3724","0.0837"
"risk","3725","0.0788"
"risk","3726","0.0787"
"risk","3727","0.1738"
"risk","3728","0.0900"
"risk","3729","0.0848"
"risk","3730","0.0829"
"risk","3731","0.1407"
"risk","3732","0.0837"
"risk","3733","0.0839"
"risk","3734","0.0993"
"risk","3735","0.0969"
"risk","3736","0.1905"
"risk","3737","0.0901"
"risk","3738","0.0852"
"risk","3739","0.0910"
"risk","3740","0.1757"
"risk","3741","0.1424"
"risk","3742","0.1304"
"risk","3743","0.1266"
"risk","3744","0.0876"
"risk","3745","0.1464"
"risk","3746","0.0873"
"risk","3747","0.0903"
"risk","3748","0.1653"
"risk","3749","0.1554"
"risk","3750","0.0875"
"risk","3751","0.0917"
"risk","3752","0.1794"
"risk","3753","0.1539"
"risk","3754","0.1487"
"risk","3755","0.1406"
"risk","3756","0.1391"
"risk","3757","0.1410"
"risk","3758","0.1385"
"risk","3759","0.1640"
"risk","3760","0.0867"
"risk","3761","0.1674"
"risk","3762","0.1403"
"risk","3763","0.0851"
"risk","3764","0.0827"
"risk","3765","0.0889"
"risk","3766","0.1717"
"risk","3767","0.0889"
"risk","3768","0.1700"
"risk","3769","0.0891"
"risk","3770","0.1521"
"risk","3771","0.1382"
"risk","3772","0.0852"
"risk","3773","0.0883"
"risk","3774","0.0888"
"risk","3775","0.0885"
"risk","3776","0.0837"
"risk","3777","0.0882"
"risk","3778","0.0885"
"risk","3779","0.0927"
"risk","3780","0.1714"
"risk","3781","0.0889"
"risk","3782","0.0992"
"risk","3783","0.0969"
"risk","3784","0.0821"
"risk","3785","0.0805"
"risk","3786","0.0831"
"risk","3787","0.0896"
"risk","3788","0.0974"
"risk","3789","0.1822"
"risk","3790","0.0821"
"risk","3791","0.1572"
"risk","3792","0.0916"
"risk","3793","0.0824"
"risk","3794","0.0855"
"risk","3795","0.0860"
"risk","3796","0.0895"
"risk","3797","0.0873"
"risk","3798","0.0947"
"risk","3799","0.1693"
"risk","3800","0.1759"
"risk","3801","0.1401"
"risk","3802","0.0860"
"risk","3803","0.1353"
"risk","3804","0.0935"
"risk","3805","0.1484"
"risk","3806","0.1896"
"risk","3807","0.0855"
"risk","3808","0.0810"
"risk","3809","0.1406"
"risk","3810","0.1251"
"risk","3811","0.1726"
"risk","3812","0.1001"
"risk","3813","0.0877"
"risk","3814","0.1968"
"risk","3815","0.1532"
"risk","3816","0.1800"
"risk","3817","0.0915"
"risk","3818","0.5846"
"risk","3819","0.0880"
"risk","3820","0.0862"
"risk","3821","0.3976"
"risk","3822","0.0876"
"risk","3823","0.1103"
"risk","3824","1.6367"
"risk","3825","0.1815"
"risk","3826","0.1945"
"risk","3827","0.0896"
"risk","3828","0.1834"
"risk","3829","0.1003"
"risk","3830","0.1485"
"risk","3831","0.0860"
"risk","3832","0.0859"
"risk","3833","0.0824"
"risk","3834","0.0824"
"risk","3835","0.0864"
"risk","3836","0.0829"
"risk","3837","0.1544"
"risk","3838","0.0844"
"risk","3839","0.1380"
"risk","3840","0.0837"
"risk","3841","0.0854"
"risk","3842","0.0868"
"risk","3843","0.0872"
"risk","3844","0.0886"
"risk","3845","0.0872"
"risk","3846","0.0846"
"risk","3847","0.0876"
"risk","3848","0.0869"
"risk","3849","0.0867"
"risk","3850","0.0850"
"risk","3851","0.0860"
"risk","3852","0.0855"
"risk","3853","0.1748"
"risk","3854","0.0856"
"risk","3855","0.0845"
"risk","3856","0.1387"
"risk","3857","0.0845"
"risk","3858","0.1375"
"risk","3859","0.0847"
"risk","3860","0.1418"
"risk","3861","0.0873"
"risk","3862","0.0822"
"risk","3863","0.0854"
"risk","3864","0.0858"
"risk","3865","0.0841"
"risk","3866","0.0974"
"risk","3867","0.0840"
"risk","3868","0.0863"
"risk","3869","0.0840"
"risk","3870","0.0880"
"risk","3871","0.0864"
"risk","3872","0.0835"
"risk","3873","0.0892"
"risk","3874","0.0858"
"risk","3875","0.1594"
"risk","3876","0.0854"
"risk","3877","0.0825"
"risk","3878","0.0836"
"risk","3879","0.0882"
"risk","3880","0.1211"
"risk","3881","0.0838"
"risk","3882","0.0862"
"risk","3883","0.0818"
"risk","3884","0.0841"
"risk","3885","0.0896"
"risk","3886","0.0875"
"risk","3887","0.0847"
"risk","3888","0.0845"
"risk","3889","0.1631"
"risk","3890","0.0845"
"risk","3891","0.0847"
"risk","3892","0.0833"
"risk","3893","0.0839"
"risk","3894","0.1283"
"risk","3895","0.0921"
"risk","3896","0.0842"
"risk","3897","0.0944"
"risk","3898","0.0830"
"risk","3899","0.0852"
"risk","3900","0.0863"
"risk","3901","0.0867"
"risk","3902","0.0852"
"risk","3903","0.1610"
"risk","3904","0.0841"
"risk","3905","0.0870"
"risk","3906","1.5433"
"risk","3907","0.1303"
"risk","3908","0.2581"
"risk","3909","0.2521"
"risk","3910","0.1093"
"risk","3911","0.0892"
"risk","3912","0.1376"
"risk","3913","0.0840"
"risk","3914","0.0786"
"risk","3915","0.0858"
"risk","3916","0.0841"
"risk","3917","0.0834"
"risk","3918","0.0834"
"risk","3919","0.0842"
"risk","3920","0.5258"
"risk","3921","0.0826"
"risk","3922","0.7841"
"risk","3923","0.1196"
"risk","3924","0.0836"
"risk","3925","0.1223"
"risk","3926","0.0819"
"risk","3927","0.0863"
"risk","3928","0.0859"
"risk","3929","0.0838"
"risk","3930","0.0824"
"risk","3931","0.0909"
"risk","3932","0.0830"
"risk","3933","0.0827"
"risk","3934","0.0832"
"risk","3935","0.0847"
"risk","3936","0.0846"
"risk","3937","0.0837"
"risk","3938","0.0857"
"risk","3939","0.0834"
"risk","3940","0.0831"
"risk","3941","0.0856"
"risk","3942","0.0848"
"risk","3943","0.0843"
"risk","3944","0.0864"
"risk","3945","0.0840"
"risk","3946","0.1110"
"risk","3947","0.0843"
"risk","3948","0.0832"
"risk","3949","0.0852"
"risk","3950","0.0839"
"risk","3951","0.0834"
"risk","3952","0.0848"
"risk","3953","0.0862"
"risk","3954","0.0936"
"risk","3955","0.0835"
"risk","3956","0.2277"
"risk","3957","0.1965"
"risk","3958","0.0907"
"risk","3959","0.1185"
"risk","3960","0.0836"
"risk","3961","0.1898"
"risk","3962","0.1794"
"risk","3963","0.0900"
"risk","3964","0.0936"
"risk","3965","0.1128"
"risk","3966","0.0838"
"risk","3967","0.0819"
"risk","3968","0.0823"
"risk","3969","0.0826"
"risk","3970","0.1935"
"risk","3971","0.0897"
"risk","3972","0.0929"
"risk","3973","0.1147"
"risk","3974","0.0861"
"risk","3975","0.0803"
"risk","3976","0.2068"
"risk","3977","0.1741"
"risk","3978","0.1451"
"risk","3979","0.0858"
"risk","3980","0.1116"
"risk","3981","0.0821"
"risk","3982","0.0932"
"risk","3983","0.0850"
"risk","3984","0.0891"
"risk","3985","0.0832"
"risk","3986","0.0801"
"risk","3987","0.0827"
"risk","3988","0.0822"
"risk","3989","0.0876"
"risk","3990","0.0853"
"risk","3991","0.0888"
"risk","3992","0.0806"
"risk","3993","0.0812"
"risk","3994","0.0827"
"risk","3995","0.0810"
"risk","3996","0.0817"
"risk","3997","0.0817"
"risk","3998","0.0830"
"risk","3999","0.0836"
"risk","4000","0.0815"
"risk","4001","0.0862"
"risk","4002","0.1111"
"risk","4003","0.2952"
"risk","4004","0.0845"
"risk","4005","0.0819"
"risk","4006","0.0823"
"risk","4007","0.0830"
"risk","4008","0.0816"
"risk","4009","0.0808"
"risk","4010","0.0864"
"risk","4011","0.0824"
"risk","4012","0.0843"
"risk","4013","0.0804"
"risk","4014","0.0826"
"risk","4015","0.0821"
"risk","4016","0.0834"
"risk","4017","0.0833"
"risk","4018","0.0929"
"risk","4019","0.0903"
"risk","4020","0.0933"
"risk","4021","0.0932"
"risk","4022","1.8287"
"risk","4023","0.2134"
"risk","4024","0.1104"
"risk","4025","0.1059"
"risk","4026","0.2234"
"risk","4027","0.1472"
"risk","4028","0.0873"
"risk","4029","0.1308"
"risk","4030","0.0892"
"risk","4031","0.1371"
"risk","4032","0.0898"
"risk","4033","0.1002"
"risk","4034","0.0909"
"risk","4035","0.1583"
"risk","4036","0.1299"
"risk","4037","0.0878"
"risk","4038","0.0854"
"risk","4039","0.0899"
"risk","4040","0.0797"
"risk","4041","0.1008"
"risk","4042","0.1439"
"risk","4043","0.0885"
"risk","4044","0.0879"
"risk","4045","0.1389"
"risk","4046","0.0846"
"risk","4047","0.0875"
"risk","4048","0.0897"
"risk","4049","0.0832"
"risk","4050","0.0917"
"risk","4051","0.0938"
"risk","4052","0.1567"
"risk","4053","0.0902"
"risk","4054","0.1502"
"risk","4055","0.1391"
"risk","4056","0.0854"
"risk","4057","0.0833"
"risk","4058","0.0905"
"risk","4059","0.1822"
"risk","4060","0.1345"
"risk","4061","0.1451"
"risk","4062","0.0899"
"risk","4063","0.0869"
"risk","4064","0.0837"
"risk","4065","0.0826"
"risk","4066","0.0822"
"risk","4067","0.0810"
"risk","4068","0.0834"
"risk","4069","0.0829"
"risk","4070","0.0807"
"risk","4071","0.0822"
"risk","4072","0.1775"
"risk","4073","0.0827"
"risk","4074","0.0842"
"risk","4075","0.0834"
"risk","4076","0.0814"
"risk","4077","0.0823"
"risk","4078","0.0799"
"risk","4079","0.0816"
"risk","4080","0.1762"
"risk","4081","0.0838"
"risk","4082","0.0906"
"risk","4083","0.0807"
"risk","4084","0.0803"
"risk","4085","0.0828"
"risk","4086","0.1734"
"risk","4087","0.0867"
"risk","4088","0.0832"
"risk","4089","0.0814"
"risk","4090","0.0830"
"risk","4091","0.0818"
"risk","4092","0.1772"
"risk","4093","0.1692"
"risk","4094","0.1722"
"risk","4095","0.1848"
"risk","4096","0.0898"
"risk","4097","0.0861"
"risk","4098","0.0918"
"risk","4099","0.0834"
"risk","4100","0.0842"
"risk","4101","0.0828"
"risk","4102","0.1090"
"risk","4103","0.0818"
"risk","4104","0.0986"
"risk","4105","0.0817"
"risk","4106","0.0818"
"risk","4107","0.0807"
"risk","4108","0.0807"
"risk","4109","0.0831"
"risk","4110","0.0911"
"risk","4111","0.0818"
"risk","4112","0.0808"
"risk","4113","0.0805"
"risk","4114","0.0792"
"risk","4115","0.0806"
"risk","4116","0.0860"
"risk","4117","0.0842"
"risk","4118","0.0817"
"risk","4119","0.0824"
"risk","4120","0.0800"
"risk","4121","0.0811"
"risk","4122","0.0826"
"risk","4123","0.0816"
"risk","4124","0.0818"
"risk","4125","0.0811"
"risk","4126","0.0805"
"risk","4127","0.0825"
"risk","4128","0.0882"
"risk","4129","0.0929"
"risk","4130","0.0822"
"risk","4131","0.0814"
"risk","4132","0.0821"
"risk","4133","0.0822"
"risk","4134","0.0872"
"risk","4135","0.0822"
"risk","4136","0.0810"
"risk","4137","0.0828"
"risk","4138","0.0851"
"risk","4139","0.0826"
"risk","4140","0.0863"
"risk","4141","0.0803"
"risk","4142","0.0814"
"risk","4143","0.0827"
"risk","4144","0.0823"
"risk","4145","0.0815"
"risk","4146","0.0817"
"risk","4147","0.3210"
"risk","4148","0.1249"
"risk","4149","0.0905"
"risk","4150","0.0812"
"risk","4151","0.0809"
"risk","4152","0.0811"
"risk","4153","0.0814"
"risk","4154","0.0807"
"risk","4155","0.1608"
"risk","4156","0.1452"
"risk","4157","0.1113"
"risk","4158","0.0851"
"risk","4159","0.0872"
"risk","4160","0.0832"
"risk","4161","0.0839"
"risk","4162","0.2778"
"risk","4163","0.0832"
"risk","4164","0.0833"
"risk","4165","0.0817"
"risk","4166","0.0815"
"risk","4167","0.2185"
"risk","4168","0.0830"
"risk","4169","0.0925"
"risk","4170","0.0811"
"risk","4171","0.0818"
"risk","4172","0.0823"
"risk","4173","0.0829"
"risk","4174","0.0825"
"risk","4175","0.0837"
"risk","4176","0.4971"
"risk","4177","0.0831"
"risk","4178","0.0823"
"risk","4179","0.0840"
"risk","4180","0.0821"
"risk","4181","0.0835"
"risk","4182","0.0839"
"risk","4183","0.0820"
"risk","4184","0.0817"
"risk","4185","0.0826"
"risk","4186","0.0847"
"risk","4187","0.0835"
"risk","4188","0.0816"
"risk","4189","0.0883"
"risk","4190","0.0832"
"risk","4191","0.0807"
"risk","4192","0.0809"
"risk","4193","0.0807"
"risk","4194","0.0816"
"risk","4195","0.0818"
"risk","4196","0.0835"
"risk","4197","0.0807"
"risk","4198","0.0823"
"risk","4199","0.0808"
"risk","4200","0.0834"
"risk","4201","0.0833"
"risk","4202","0.0819"
"risk","4203","0.0842"
"risk","4204","0.0819"
"risk","4205","0.0829"
"risk","4206","0.0821"
"risk","4207","0.0841"
"risk","4208","0.0845"
"risk","4209","0.0819"
"risk","4210","0.0854"
"risk","4211","0.0825"
"risk","4212","0.0813"
"risk","4213","0.0850"
"risk","4214","0.0827"
"risk","4215","0.0825"
"risk","4216","0.0834"
"risk","4217","0.0810"
"risk","4218","0.0839"
"risk","4219","0.0833"
"risk","4220","0.0834"
"risk","4221","0.0821"
"risk","4222","0.0817"
"risk","4223","0.0819"
"risk","4224","0.0825"
"risk","4225","0.0809"
"risk","4226","0.0820"
"risk","4227","0.0827"
"risk","4228","0.0807"
"risk","4229","0.0880"
"risk","4230","0.0825"
"risk","4231","0.1137"
"risk","4232","0.0849"
"risk","4233","0.0839"
"risk","4234","0.0807"
"risk","4235","0.0812"
"risk","4236","0.0899"
"risk","4237","0.0842"
"risk","4238","0.0830"
"risk","4239","0.1148"
"risk","4240","0.0812"
"risk","4241","0.0817"
"risk","4242","0.0819"
"risk","4243","0.0820"
"risk","4244","0.0824"
"risk","4245","0.0823"
"risk","4246","0.0809"
"risk","4247","0.0814"
"risk","4248","0.0917"
"risk","4249","0.0834"
"risk","4250","0.0831"
"risk","4251","0.0838"
"risk","4252","0.0836"
"risk","4253","0.0833"
"risk","4254","0.0850"
"risk","4255","0.0842"
"risk","4256","0.0928"
"risk","4257","0.1091"
"risk","4258","0.1093"
"risk","4259","0.1203"
"risk","4260","0.0844"
"risk","4261","0.0856"
"risk","4262","0.0843"
"risk","4263","0.0824"
"risk","4264","0.0833"
"risk","4265","0.0844"
"risk","4266","0.0853"
"risk","4267","0.1008"
"risk","4268","0.0827"
"risk","4269","0.0859"
"risk","4270","0.0841"
"risk","4271","0.0817"
"risk","4272","0.0815"
"risk","4273","0.0820"
"risk","4274","0.0820"
"risk","4275","0.0833"
"risk","4276","0.0817"
"risk","4277","0.0854"
"risk","4278","0.0807"
"risk","4279","0.0813"
"risk","4280","0.0811"
"risk","4281","0.0792"
"risk","4282","0.0841"
"risk","4283","0.0811"
"risk","4284","0.0812"
"risk","4285","0.0843"
"risk","4286","0.0809"
"risk","4287","0.0825"
"risk","4288","0.0829"
"risk","4289","0.0830"
"risk","4290","0.0827"
"risk","4291","0.0814"
"risk","4292","0.0820"
"risk","4293","0.1105"
"risk","4294","0.0813"
"risk","4295","0.0797"
"risk","4296","0.0799"
"risk","4297","0.0835"
"risk","4298","0.0836"
"risk","4299","0.0803"
"risk","4300","0.0790"
"risk","4301","0.0809"
"risk","4302","0.0820"
"risk","4303","1.4288"
"risk","4304","0.0863"
"risk","4305","0.0849"
"risk","4306","0.0832"
"risk","4307","0.0891"
"risk","4308","0.0875"
"risk","4309","0.0953"
"risk","4310","0.0849"
"risk","4311","0.0811"
"risk","4312","0.1507"
"risk","4313","0.0994"
"risk","4314","0.1445"
"risk","4315","0.1403"
"risk","4316","0.0887"
"risk","4317","0.1480"
"risk","4318","0.0845"
"risk","4319","0.0828"
"risk","4320","0.1985"
"risk","4321","0.6347"
"risk","4322","0.1721"
"risk","4323","0.1770"
"risk","4324","0.4532"
"risk","4325","0.2787"
"risk","4326","0.2018"
"risk","4327","0.1736"
"risk","4328","0.1826"
"risk","4329","0.1864"
"risk","4330","0.2459"
"risk","4331","0.1517"
"risk","4332","0.1046"
"risk","4333","0.1754"
"risk","4334","0.0977"
"risk","4335","0.1039"
"risk","4336","0.1614"
"risk","4337","0.1176"
"risk","4338","0.1700"
"risk","4339","0.0966"
"risk","4340","0.1730"
"risk","4341","0.0838"
"risk","4342","0.0841"
"risk","4343","0.0952"
"risk","4344","0.1123"
"risk","4345","0.0858"
"risk","4346","0.1590"
"risk","4347","0.0895"
"risk","4348","0.0985"
"risk","4349","0.0894"
"risk","4350","0.0939"
"risk","4351","0.0854"
"risk","4352","0.0935"
"risk","4353","0.0936"
"risk","4354","0.0928"
"risk","4355","0.0940"
"risk","4356","0.0850"
"risk","4357","0.0902"
"risk","4358","0.0925"
"risk","4359","0.0949"
"risk","4360","0.0929"
"risk","4361","0.0840"
"risk","4362","0.0912"
"risk","4363","0.1011"
"risk","4364","0.1722"
"risk","4365","0.0913"
"risk","4366","0.0852"
"risk","4367","0.0934"
"risk","4368","0.0939"
"risk","4369","0.0916"
"risk","4370","0.0931"
"risk","4371","0.0947"
"risk","4372","0.0851"
"risk","4373","0.0932"
"risk","4374","0.0861"
"risk","4375","0.0867"
"risk","4376","0.0888"
"risk","4377","0.0871"
"risk","4378","0.0822"
"risk","4379","0.0827"
"risk","4380","0.0832"
"risk","4381","0.1100"
"risk","4382","0.0900"
"risk","4383","0.0879"
"risk","4384","0.0814"
"risk","4385","0.0865"
"risk","4386","0.0826"
"risk","4387","0.1768"
"risk","4388","0.1049"
"risk","4389","0.0870"
"risk","4390","0.0885"
"risk","4391","0.1228"
"risk","4392","0.0866"
"risk","4393","0.0866"
"risk","4394","0.0849"
"risk","4395","0.0846"
"risk","4396","0.0936"
"risk","4397","0.0855"
"risk","4398","0.0855"
"risk","4399","0.1144"
"risk","4400","0.0851"
"risk","4401","0.0990"
"risk","4402","0.1351"
"risk","4403","0.0859"
"risk","4404","0.0855"
"risk","4405","0.0987"
"risk","4406","0.0836"
"risk","4407","0.0870"
"risk","4408","0.0847"
"risk","4409","0.0867"
"risk","4410","0.0836"
"risk","4411","0.0844"
"risk","4412","0.0849"
"risk","4413","0.0863"
"risk","4414","0.0874"
"risk","4415","0.0848"
"risk","4416","0.1123"
"risk","4417","0.0874"
"risk","4418","0.0857"
"risk","4419","0.0840"
"risk","4420","0.0844"
"risk","4421","0.0857"
"risk","4422","0.0855"
"risk","4423","0.0845"
"risk","4424","0.0849"
"risk","4425","0.0855"
"risk","4426","0.0831"
"risk","4427","0.0854"
"risk","4428","0.1715"
"risk","4429","0.1170"
"risk","4430","0.1050"
"risk","4431","0.1022"
"risk","4432","0.2070"
"risk","4433","0.1338"
"risk","4434","0.0980"
"risk","4435","0.1103"
"risk","4436","0.0858"
"risk","4437","0.0939"
"risk","4438","0.1207"
"risk","4439","0.0834"
"risk","4440","0.0964"
"risk","4441","0.0911"
"risk","4442","0.0947"
"risk","4443","0.0966"
"risk","4444","0.0834"
"risk","4445","0.0828"
"risk","4446","0.1159"
"risk","4447","0.1912"
"risk","4448","0.1668"
"risk","4449","0.1878"
"risk","4450","0.1081"
"risk","4451","0.1894"
"risk","4452","0.0882"
"risk","4453","0.1868"
"risk","4454","0.0918"
"risk","4455","0.0924"
"risk","4456","0.1083"
"risk","4457","0.0896"
"risk","4458","0.1769"
"risk","4459","0.1589"
"risk","4460","0.0819"
"risk","4461","0.0810"
"risk","4462","0.0883"
"risk","4463","0.0800"
"risk","4464","0.1350"
"risk","4465","0.1460"
"risk","4466","0.0881"
"risk","4467","0.1285"
"risk","4468","0.0833"
"risk","4469","0.0937"
"risk","4470","0.0798"
"risk","4471","0.0859"
"risk","4472","0.0832"
"risk","4473","0.0842"
"risk","4474","0.0810"
"risk","4475","0.0812"
"risk","4476","0.0832"
"risk","4477","0.0845"
"risk","4478","0.0816"
"risk","4479","0.0901"
"risk","4480","0.0831"
"risk","4481","0.0844"
"risk","4482","0.0812"
"risk","4483","0.0937"
"risk","4484","0.0816"
"risk","4485","0.0824"
"risk","4486","0.0833"
"risk","4487","0.0826"
"risk","4488","0.1369"
"risk","4489","0.0825"
"risk","4490","0.0906"
"risk","4491","0.0856"
"risk","4492","0.0846"
"risk","4493","0.0842"
"risk","4494","0.0840"
"risk","4495","0.0810"
"risk","4496","0.0856"
"risk","4497","0.0829"
"risk","4498","0.0821"
"risk","4499","0.0835"
"risk","4500","0.0821"
"risk","4501","0.0816"
"risk","4502","0.1485"
"risk","4503","0.1472"
"risk","4504","0.1483"
"risk","4505","0.0879"
"risk","4506","0.1207"
"risk","4507","0.1875"
"risk","4508","0.0819"
"risk","4509","0.1845"
"risk","4510","0.0861"
"risk","4511","0.0856"
"risk","4512","0.0794"
"risk","4513","0.0829"
"risk","4514","0.1126"
"risk","4515","0.0818"
"risk","4516","0.1414"
"risk","4517","0.0878"
"risk","4518","0.1119"
"risk","4519","0.1536"
"risk","4520","0.0871"
"risk","4521","0.0902"
"risk","4522","0.1112"
"risk","4523","0.1404"
"risk","4524","0.0847"
"risk","4525","0.0835"
"risk","4526","0.0821"
"risk","4527","0.1552"
"risk","4528","0.0817"
"risk","4529","0.0881"
"risk","4530","0.0829"
"risk","4531","0.1638"
"risk","4532","0.0857"
"risk","4533","0.0832"
"risk","4534","0.0805"
"risk","4535","0.1798"
"risk","4536","0.1812"
"risk","4537","0.2406"
"risk","4538","0.2007"
"risk","4539","0.0938"
"risk","4540","0.0822"
"risk","4541","0.0870"
"risk","4542","0.0884"
"risk","4543","0.0834"
"risk","4544","0.0814"
"risk","4545","0.0973"
"risk","4546","0.1600"
"risk","4547","0.0883"
"risk","4548","1.7260"
"risk","4549","0.1844"
"risk","4550","0.1741"
"risk","4551","0.0908"
"risk","4552","0.0895"
"risk","4553","0.1029"
"risk","4554","0.1176"
"risk","4555","0.1789"
"risk","4556","0.0967"
"risk","4557","0.0943"
"risk","4558","0.0864"
"risk","4559","0.0835"
"risk","4560","0.1006"
"risk","4561","0.0906"
"risk","4562","0.0849"
"risk","4563","0.1012"
"risk","4564","0.0819"
"risk","4565","0.0838"
"risk","4566","0.1235"
"risk","4567","0.5363"
"risk","4568","0.8100"
"risk","4569","0.8924"
"risk","4570","0.1017"
"risk","4571","0.0836"
"risk","4572","0.0850"
"risk","4573","0.0855"
"risk","4574","0.0821"
"risk","4575","0.0818"
"risk","4576","0.0869"
"risk","4577","0.0820"
"risk","4578","0.0810"
"risk","4579","0.0846"
"risk","4580","0.0854"
"risk","4581","0.0986"
"risk","4582","0.0908"
"risk","4583","0.0816"
"risk","4584","0.0846"
"risk","4585","0.0822"
"risk","4586","0.0850"
"risk","4587","0.0829"
"risk","4588","0.0838"
"risk","4589","0.0817"
"risk","4590","0.0835"
"risk","4591","0.0854"
"risk","4592","0.0824"
"risk","4593","0.0838"
"risk","4594","0.0827"
"risk","4595","0.0958"
"risk","4596","0.0844"
"risk","4597","0.0822"
"risk","4598","0.0817"
"risk","4599","0.1554"
"risk","4600","0.0842"
"risk","4601","0.0847"
"risk","4602","0.0829"
"risk","4603","0.0868"
"risk","4604","0.0846"
"risk","4605","0.0839"
"risk","4606","0.0846"
"risk","4607","0.0835"
"risk","4608","0.0837"
"risk","4609","0.0814"
"risk","4610","0.0817"
"risk","4611","0.1375"
"risk","4612","0.0818"
"risk","4613","0.0836"
"risk","4614","0.0836"
"risk","4615","0.0839"
"risk","4616","0.0906"
"risk","4617","0.0883"
"risk","4618","0.0820"
"risk","4619","0.0840"
"risk","4620","0.0834"
"risk","4621","0.0823"
"risk","4622","0.1093"
"risk","4623","0.0881"
"risk","4624","0.1012"
"risk","4625","0.0910"
"risk","4626","0.0833"
"risk","4627","0.0850"
"risk","4628","0.0844"
"risk","4629","0.0821"
"risk","4630","0.0799"
"risk","4631","0.0812"
"risk","4632","0.0826"
"risk","4633","0.0830"
"risk","4634","0.0963"
"risk","4635","0.1168"
"risk","4636","0.0860"
"risk","4637","0.0832"
"risk","4638","0.0838"
"risk","4639","0.0841"
"risk","4640","0.0801"
"risk","4641","0.1119"
"risk","4642","0.0856"
"risk","4643","0.0881"
"risk","4644","0.0860"
"risk","4645","0.0808"
"risk","4646","0.0840"
"risk","4647","0.1133"
"risk","4648","0.0815"
"risk","4649","0.0826"
"risk","4650","0.0824"
"risk","4651","0.0822"
"risk","4652","0.0909"
"risk","4653","0.0884"
"risk","4654","0.0822"
"risk","4655","0.0819"
"risk","4656","0.0822"
"risk","4657","0.0842"
"risk","4658","0.0863"
"risk","4659","0.0828"
"risk","4660","0.0833"
"risk","4661","0.0812"
"risk","4662","0.0806"
"risk","4663","0.0819"
"risk","4664","0.0830"
"risk","4665","0.0820"
"risk","4666","3.0874"
"risk","4667","0.1384"
"risk","4668","0.0881"
"risk","4669","0.0828"
"risk","4670","0.0857"
"risk","4671","0.1443"
"risk","4672","0.0951"
"risk","4673","0.0900"
"risk","4674","0.0967"
"risk","4675","0.1159"
"risk","4676","0.1393"
"risk","4677","0.0868"
"risk","4678","0.1100"
"risk","4679","0.1485"
"risk","4680","0.0834"
"risk","4681","0.1784"
"risk","4682","0.1792"
"risk","4683","0.1716"
"risk","4684","0.0857"
"risk","4685","0.1141"
"risk","4686","0.1474"
"risk","4687","0.0985"
"risk","4688","0.0827"
"risk","4689","0.0814"
"risk","4690","0.0815"
"risk","4691","0.0797"
"risk","4692","0.0816"
"risk","4693","0.0815"
"risk","4694","0.0812"
"risk","4695","0.0786"
"risk","4696","0.1117"
"risk","4697","0.0812"
"risk","4698","0.0892"
"risk","4699","0.1219"
"risk","4700","0.0829"
"risk","4701","0.0836"
"risk","4702","0.3278"
"risk","4703","0.0900"
"risk","4704","0.0829"
"risk","4705","0.0813"
"risk","4706","0.0831"
"risk","4707","0.0805"
"risk","4708","0.0833"
"risk","4709","0.0835"
"risk","4710","0.0813"
"risk","4711","0.0834"
"risk","4712","0.0816"
"risk","4713","0.0803"
"risk","4714","0.0812"
"risk","4715","0.0818"
"risk","4716","0.0811"
"risk","4717","0.0816"
"risk","4718","0.0808"
"risk","4719","0.0987"
"risk","4720","0.0821"
"risk","4721","0.0890"
"risk","4722","0.0899"
"risk","4723","0.0807"
"risk","4724","0.0809"
"risk","4725","0.0805"
"risk","4726","0.0787"
"risk","4727","0.0805"
"risk","4728","0.0798"
"risk","4729","0.0774"
"risk","4730","0.0776"
"risk","4731","0.0795"
"risk","4732","0.0797"
"risk","4733","0.0773"
"risk","4734","0.0782"
"risk","4735","0.0801"
"risk","4736","0.0789"
"risk","4737","0.0799"
"risk","4738","0.0782"
"risk","4739","0.0930"
"risk","4740","0.0794"
"risk","4741","0.0823"
"risk","4742","0.0800"
"risk","4743","0.0829"
"risk","4744","0.0802"
"risk","4745","0.0799"
"risk","4746","0.0803"
"risk","4747","0.0788"
"risk","4748","0.0807"
"risk","4749","0.0802"
"risk","4750","0.0780"
"risk","4751","0.0796"
"risk","4752","0.0872"
"risk","4753","0.0837"
"risk","4754","0.0816"
"risk","4755","0.0818"
"risk","4756","0.0810"
"risk","4757","0.0786"
"risk","4758","0.0785"
"risk","4759","0.0796"
"risk","4760","0.0780"
"risk","4761","0.0796"
"risk","4762","0.0775"
"risk","4763","0.0786"
"risk","4764","0.0823"
"risk","4765","0.0793"
"risk","4766","0.0792"
"risk","4767","0.0797"
"risk","4768","0.0778"
"risk","4769","0.0806"
"risk","4770","0.0797"
"risk","4771","0.0792"
"risk","4772","0.0797"
"risk","4773","0.0818"
"risk","4774","0.0797"
"risk","4775","0.0792"
"risk","4776","0.0871"
"risk","4777","0.1136"
"risk","4778","0.0819"
"risk","4779","0.0851"
"risk","4780","0.0852"
"risk","4781","0.0853"
"risk","4782","0.0848"
"risk","4783","0.0852"
"risk","4784","0.0844"
"risk","4785","0.0853"
"risk","4786","0.0840"
"risk","4787","0.0837"
"risk","4788","0.0833"
"risk","4789","1.2676"
"risk","4790","0.1750"
"risk","4791","0.1131"
"risk","4792","0.1168"
"risk","4793","0.1669"
"risk","4794","0.4317"
"risk","4795","0.4546"
"risk","4796","0.1282"
"risk","4797","0.0954"
"risk","4798","0.0984"
"risk","4799","0.5179"
"risk","4800","0.0850"
"risk","4801","0.7911"
"risk","4802","0.1372"
"risk","4803","0.0826"
"risk","4804","0.1296"
"risk","4805","0.0848"
"risk","4806","0.0953"
"risk","4807","0.0997"
"risk","4808","0.1374"
"risk","4809","0.0869"
"risk","4810","0.1066"
"risk","4811","0.0839"
"risk","4812","0.1406"
"risk","4813","0.0858"
"risk","4814","0.0855"
"risk","4815","0.0819"
"risk","4816","0.0817"
"risk","4817","0.0911"
"risk","4818","0.0848"
"risk","4819","0.0859"
"risk","4820","0.1748"
"risk","4821","0.0837"
"risk","4822","0.1431"
"risk","4823","0.0842"
"risk","4824","0.0825"
"risk","4825","0.1505"
"risk","4826","0.0854"
"risk","4827","0.1160"
"risk","4828","0.0883"
"risk","4829","0.0843"
"risk","4830","0.0936"
"risk","4831","0.0825"
"risk","4832","0.0870"
"risk","4833","0.0837"
"risk","4834","0.0847"
"risk","4835","0.0830"
"risk","4836","0.0879"
"risk","4837","0.0858"
"risk","4838","0.0831"
"risk","4839","0.0864"
"risk","4840","0.0853"
"risk","4841","0.0853"
"risk","4842","0.0884"
"risk","4843","0.0817"
"risk","4844","0.0820"
"risk","4845","0.0828"
"risk","4846","0.0824"
"risk","4847","0.0823"
"risk","4848","0.0902"
"risk","4849","0.0945"
"risk","4850","0.0855"
"risk","4851","0.0831"
"risk","4852","0.0829"
"risk","4853","0.0822"
"risk","4854","0.1010"
"risk","4855","0.0884"
"risk","4856","0.0847"
"risk","4857","0.1206"
"risk","4858","0.1024"
"risk","4859","0.3126"
"risk","4860","0.0908"
"risk","4861","0.0836"
"risk","4862","0.0887"
"risk","4863","0.0828"
"risk","4864","0.0809"
"risk","4865","0.0810"
"risk","4866","0.0799"
"risk","4867","0.0819"
"risk","4868","0.1064"
"risk","4869","0.0917"
"risk","4870","0.0810"
"risk","4871","0.0837"
"risk","4872","0.0812"
"risk","4873","0.0835"
"risk","4874","0.0804"
"risk","4875","0.1107"
"risk","4876","0.0804"
"risk","4877","0.0802"
"risk","4878","0.0813"
"risk","4879","0.0828"
"risk","4880","0.0822"
"risk","4881","0.0822"
"risk","4882","0.0821"
"risk","4883","0.0827"
"risk","4884","0.0814"
"risk","4885","1.5218"
"risk","4886","0.1140"
"risk","4887","0.0865"
"risk","4888","0.0807"
"risk","4889","0.0812"
"risk","4890","0.0791"
"risk","4891","1.3225"
"risk","4892","0.1811"
"risk","4893","0.1813"
"risk","4894","0.2434"
"risk","4895","0.1938"
"risk","4896","0.1588"
"risk","4897","0.0984"
"risk","4898","0.0997"
"risk","4899","0.0873"
"risk","4900","0.0866"
"risk","4901","0.5220"
"risk","4902","0.8492"
"risk","4903","0.9851"
"risk","4904","0.1225"
"risk","4905","0.0829"
"risk","4906","0.0820"
"risk","4907","0.0821"
"risk","4908","0.0792"
"risk","4909","0.0805"
"risk","4910","0.0787"
"risk","4911","0.0804"
"risk","4912","0.0859"
"risk","4913","0.0805"
"risk","4914","0.0827"
"risk","4915","0.0811"
"risk","4916","0.0814"
"risk","4917","0.0798"
"risk","4918","0.0872"
"risk","4919","0.0809"
"risk","4920","0.0813"
"risk","4921","0.0833"
"risk","4922","0.0816"
"risk","4923","0.0793"
"risk","4924","0.0853"
"risk","4925","0.0809"
"risk","4926","0.0842"
"risk","4927","0.0827"
"risk","4928","0.0812"
"risk","4929","0.0812"
"risk","4930","0.0814"
"risk","4931","0.0824"
"risk","4932","0.0792"
"risk","4933","0.0792"
"risk","4934","0.0782"
"risk","4935","0.0812"
"risk","4936","0.0906"
"risk","4937","0.0810"
"risk","4938","0.0797"
"risk","4939","0.0805"
"risk","4940","0.0824"
"risk","4941","0.0811"
"risk","4942","0.0793"
"risk","4943","0.0797"
"risk","4944","0.0821"
"risk","4945","0.0789"
"risk","4946","0.0837"
"risk","4947","0.0800"
"risk","4948","0.0909"
"risk","4949","0.1280"
"risk","4950","0.0812"
"risk","4951","0.0824"
"risk","4952","0.0812"
"risk","4953","0.0896"
"risk","4954","0.0818"
"risk","4955","0.1444"
"risk","4956","0.0956"
"risk","4957","0.1748"
"risk","4958","0.1420"
"risk","4959","0.1364"
"risk","4960","0.1400"
"risk","4961","0.0847"
"risk","4962","0.1375"
"risk","4963","0.0860"
"risk","4964","0.0813"
"risk","4965","0.0809"
"risk","4966","0.1377"
"risk","4967","0.2272"
"risk","4968","0.0867"
"risk","4969","0.1089"
"risk","4970","0.0875"
"risk","4971","0.1753"
"risk","4972","0.0872"
"risk","4973","0.0852"
"risk","4974","0.0889"
"risk","4975","0.0859"
"risk","4976","0.0791"
"risk","4977","0.1735"
"risk","4978","0.1731"
"risk","4979","0.0857"
"risk","4980","0.1525"
"risk","4981","0.0808"
"risk","4982","0.1395"
"risk","4983","0.0951"
"risk","4984","0.2173"
"risk","4985","0.1150"
"risk","4986","0.1078"
"risk","4987","0.0924"
"risk","4988","0.1081"
"risk","4989","0.0797"
"risk","4990","0.1786"
"risk","4991","0.0831"
"risk","4992","0.1003"
"risk","4993","0.0895"
"risk","4994","0.0801"
"risk","4995","0.0799"
"risk","4996","0.0814"
"risk","4997","0.0803"
"risk","4998","0.0803"
"risk","4999","0.0813"
