"component","iteration","latency_ms"
"stgcn","0","1.2779"
"stgcn","1","1.1162"
"stgcn","2","2.8536"
"stgcn","3","1.5328"
"stgcn","4","1.1428"
"stgcn","5","1.0531"
"stgcn","6","1.2160"
"stgcn","7","1.0042"
"stgcn","8","1.0974"
"stgcn","9","1.5486"
"stgcn","10","1.2101"
"stgcn","11","1.2111"
"stgcn","12","1.1863"
"stgcn","13","1.0620"
"stgcn","14","1.2177"
"stgcn","15","1.7270"
"stgcn","16","1.2492"
"stgcn","17","1.2199"
"stgcn","18","1.1331"
"stgcn","19","1.1859"
"stgcn","20","1.1520"
"stgcn","21","1.2017"
"stgcn","22","1.0759"
"stgcn","23","1.1282"
"stgcn","24","1.2678"
"stgcn","25","1.3336"
"stgcn","26","1.2787"
"stgcn","27","1.1651"
"stgcn","28","1.1281"
"stgcn","29","1.0595"
"stgcn","30","1.1166"
"stgcn","31","1.1593"
"stgcn","32","1.5091"
"stgcn","33","1.0870"
"stgcn","34","1.0910"
"stgcn","35","1.0599"
"stgcn","36","1.0433"
"stgcn","37","2.7290"
"stgcn","38","1.2778"
"stgcn","39","1.1161"
"stgcn","40","1.1259"
"stgcn","41","1.0679"
"stgcn","42","1.0025"
"stgcn","43","1.5015"
"stgcn","44","1.1178"
"stgcn","45","1.0004"
"stgcn","46","1.0085"
"stgcn","47","0.9890"
"stgcn","48","2.5684"
"stgcn","49","1.2808"
"stgcn","50","1.1956"
"stgcn","51","1.1265"
"stgcn","52","1.1602"
"stgcn","53","1.1271"
"stgcn","54","1.5850"
"stgcn","55","1.2255"
"stgcn","56","1.2906"
"stgcn","57","1.0075"
"stgcn","58","2.8285"
"stgcn","59","1.1190"
"stgcn","60","1.2527"
"stgcn","61","1.1512"
"stgcn","62","1.0940"
"stgcn","63","1.2158"
"stgcn","64","1.0864"
"stgcn","65","1.0764"
"stgcn","66","1.1563"
"stgcn","67","1.1117"
"stgcn","68","1.1589"
"stgcn","69","1.0725"
"stgcn","70","1.1143"
"stgcn","71","1.8038"
"stgcn","72","1.1047"
"stgcn","73","1.0310"
"stgcn","74","1.1082"
"stgcn","75","1.0625"
"stgcn","76","1.0501"
"stgcn","77","1.4364"
"stgcn","78","1.0546"
"stgcn","79","1.0435"
"stgcn","80","1.0419"
"stgcn","81","1.0097"
"stgcn","82","2.2792"
"stgcn","83","1.1305"
"stgcn","84","1.1060"
"stgcn","85","1.0786"
"stgcn","86","1.1353"
"stgcn","87","1.0745"
"stgcn","88","1.5588"
"stgcn","89","1.1253"
"stgcn","90","1.0777"
"stgcn","91","1.1688"
"stgcn","92","1.1747"
"stgcn","93","1.0854"
"stgcn","94","1.5930"
"stgcn","95","1.2470"
"stgcn","96","1.0460"
"stgcn","97","1.0699"
"stgcn","98","1.0888"
"stgcn","99","1.1056"
"stgcn","100","1.0825"
"stgcn","101","1.2020"
"stgcn","102","1.0354"
"stgcn","103","1.0394"
"stgcn","104","1.1948"
"stgcn","105","2.6092"
"stgcn","106","1.1951"
"stgcn","107","1.0577"
"stgcn","108","1.0643"
"stgcn","109","1.2153"
"stgcn","110","1.1247"
"stgcn","111","1.0417"
"stgcn","112","1.0309"
"stgcn","113","1.1871"
"stgcn","114","1.0726"
"stgcn","115","1.0925"
"stgcn","116","1.0972"
"stgcn","117","2.8301"
"stgcn","118","1.1934"
"stgcn","119","1.1921"
"stgcn","120","1.1517"
"stgcn","121","1.1427"
"stgcn","122","1.2225"
"stgcn","123","1.3327"
"stgcn","124","1.1157"
"stgcn","125","1.2958"
"stgcn","126","1.1198"
"stgcn","127","2.7094"
"stgcn","128","1.1070"
"stgcn","129","1.0097"
"stgcn","130","1.0177"
"stgcn","131","1.0178"
"stgcn","132","1.1042"
"stgcn","133","1.0406"
"stgcn","134","1.5119"
"stgcn","135","1.0885"
"stgcn","136","1.0097"
"stgcn","137","1.0146"
"stgcn","138","1.1068"
"stgcn","139","1.1304"
"stgcn","140","1.1570"
"stgcn","141","1.4615"
"stgcn","142","1.5257"
"stgcn","143","1.1317"
"stgcn","144","1.0798"
"stgcn","145","1.1390"
"stgcn","146","1.1505"
"stgcn","147","1.2833"
"stgcn","148","1.0541"
"stgcn","149","1.0440"
"stgcn","150","1.1433"
"stgcn","151","3.2433"
"stgcn","152","1.1280"
"stgcn","153","1.0528"
"stgcn","154","1.1607"
"stgcn","155","1.1586"
"stgcn","156","1.5795"
"stgcn","157","1.2253"
"stgcn","158","0.9928"
"stgcn","159","1.0274"
"stgcn","160","1.0133"
"stgcn","161","1.0035"
"stgcn","162","2.7443"
"stgcn","163","1.0978"
"stgcn","164","1.0964"
"stgcn","165","1.1754"
"stgcn","166","1.0946"
"stgcn","167","1.5665"
"stgcn","168","1.1108"
"stgcn","169","1.1525"
"stgcn","170","1.0995"
"stgcn","171","1.0351"
"stgcn","172","1.0788"
"stgcn","173","2.3337"
"stgcn","174","1.1749"
"stgcn","175","1.0571"
"stgcn","176","1.0842"
"stgcn","177","1.1588"
"stgcn","178","1.5666"
"stgcn","179","1.1835"
"stgcn","180","1.0146"
"stgcn","181","1.1204"
"stgcn","182","1.0045"
"stgcn","183","1.1907"
"stgcn","184","2.3640"
"stgcn","185","1.1591"
"stgcn","186","1.1556"
"stgcn","187","1.1371"
"stgcn","188","1.1674"
"stgcn","189","1.5712"
"stgcn","190","1.1123"
"stgcn","191","1.0586"
"stgcn","192","1.1385"
"stgcn","193","1.1166"
"stgcn","194","1.1062"
"stgcn","195","1.7977"
"stgcn","196","1.1469"
"stgcn","197","1.2020"
"stgcn","198","1.1008"
"stgcn","199","1.0433"
"stgcn","200","1.0466"
"stgcn","201","1.5022"
"stgcn","202","1.1354"
"stgcn","203","1.0649"
"stgcn","204","1.0837"
"stgcn","205","1.1594"
"stgcn","206","0.9949"
"stgcn","207","1.4221"
"stgcn","208","1.7915"
"stgcn","209","1.1245"
"stgcn","210","1.0861"
"stgcn","211","1.2917"
"stgcn","212","1.5644"
"stgcn","213","1.1157"
"stgcn","214","1.0703"
"stgcn","215","1.1102"
"stgcn","216","1.0532"
"stgcn","217","1.1944"
"stgcn","218","2.7225"
"stgcn","219","1.3858"
"stgcn","220","1.0431"
"stgcn","221","1.1388"
"stgcn","222","1.1013"
"stgcn","223","1.6044"
"stgcn","224","1.1358"
"stgcn","225","1.1509"
"stgcn","226","1.0932"
"stgcn","227","1.1806"
"stgcn","228","1.1773"
"stgcn","229","2.9626"
"stgcn","230","1.1259"
"stgcn","231","1.1100"
"stgcn","232","1.1049"
"stgcn","233","1.5286"
"stgcn","234","1.1281"
"stgcn","235","1.1375"
"stgcn","236","1.0217"
"stgcn","237","1.1912"
"stgcn","238","1.0462"
"stgcn","239","1.5987"
"stgcn","240","1.1885"
"stgcn","241","1.2426"
"stgcn","242","1.1344"
"stgcn","243","1.1722"
"stgcn","244","1.1188"
"stgcn","245","1.5395"
"stgcn","246","1.0820"
"stgcn","247","1.0863"
"stgcn","248","1.1554"
"stgcn","249","1.0459"
"stgcn","250","1.0550"
"stgcn","251","3.1019"
"stgcn","252","1.0614"
"stgcn","253","1.1933"
"stgcn","254","1.0834"
"stgcn","255","1.0585"
"stgcn","256","1.4690"
"stgcn","257","1.3553"
"stgcn","258","1.1585"
"stgcn","259","1.1354"
"stgcn","260","1.0277"
"stgcn","261","1.0524"
"stgcn","262","3.0248"
"stgcn","263","1.0592"
"stgcn","264","1.1157"
"stgcn","265","1.0743"
"stgcn","266","1.0769"
"stgcn","267","1.1482"
"stgcn","268","1.0862"
"stgcn","269","1.1955"
"stgcn","270","1.0729"
"stgcn","271","1.1282"
"stgcn","272","1.0862"
"stgcn","273","2.7166"
"stgcn","274","1.4186"
"stgcn","275","1.1607"
"stgcn","276","1.0877"
"stgcn","277","2.4351"
"stgcn","278","1.1769"
"stgcn","279","1.1422"
"stgcn","280","1.0681"
"stgcn","281","1.1049"
"stgcn","282","1.5460"
"stgcn","283","3.5027"
"stgcn","284","1.0502"
"stgcn","285","1.1083"
"stgcn","286","1.5062"
"stgcn","287","1.1234"
"stgcn","288","1.0080"
"stgcn","289","1.1212"
"stgcn","290","1.0685"
"stgcn","291","1.0572"
"stgcn","292","1.0548"
"stgcn","293","2.8867"
"stgcn","294","1.1959"
"stgcn","295","1.1944"
"stgcn","296","1.1344"
"stgcn","297","1.6236"
"stgcn","298","1.1605"
"stgcn","299","1.0429"
"stgcn","300","1.0482"
"stgcn","301","1.1223"
"stgcn","302","1.1117"
"stgcn","303","1.0144"
"stgcn","304","1.0974"
"stgcn","305","1.2328"
"stgcn","306","1.2588"
"stgcn","307","1.0162"
"stgcn","308","1.0599"
"stgcn","309","1.4872"
"stgcn","310","1.1110"
"stgcn","311","1.0746"
"stgcn","312","1.0351"
"stgcn","313","1.0522"
"stgcn","314","1.1114"
"stgcn","315","1.0275"
"stgcn","316","3.0143"
"stgcn","317","1.1716"
"stgcn","318","1.1125"
"stgcn","319","1.1582"
"stgcn","320","1.1172"
"stgcn","321","1.0783"
"stgcn","322","1.1246"
"stgcn","323","1.1641"
"stgcn","324","1.1414"
"stgcn","325","1.0720"
"stgcn","326","1.0693"
"stgcn","327","1.1802"
"stgcn","328","2.7699"
"stgcn","329","1.1654"
"stgcn","330","1.0675"
"stgcn","331","1.5895"
"stgcn","332","1.0755"
"stgcn","333","1.1111"
"stgcn","334","1.0388"
"stgcn","335","1.0438"
"stgcn","336","1.1427"
"stgcn","337","1.0601"
"stgcn","338","1.1123"
"stgcn","339","2.7911"
"stgcn","340","1.2798"
"stgcn","341","1.1275"
"stgcn","342","1.5436"
"stgcn","343","1.1675"
"stgcn","344","1.1478"
"stgcn","345","1.0131"
"stgcn","346","1.1337"
"stgcn","347","1.0854"
"stgcn","348","1.5403"
"stgcn","349","2.8343"
"stgcn","350","1.2867"
"stgcn","351","1.0357"
"stgcn","352","1.4838"
"stgcn","353","1.1075"
"stgcn","354","1.1221"
"stgcn","355","1.2038"
"stgcn","356","1.0815"
"stgcn","357","1.0417"
"stgcn","358","1.4875"
"stgcn","359","1.0853"
"stgcn","360","1.2737"
"stgcn","361","1.1064"
"stgcn","362","1.2122"
"stgcn","363","1.1033"
"stgcn","364","1.1691"
"stgcn","365","1.1954"
"stgcn","366","1.1480"
"stgcn","367","1.0792"
"stgcn","368","1.1287"
"stgcn","369","1.1671"
"stgcn","370","1.4620"
"stgcn","371","2.4567"
"stgcn","372","1.3353"
"stgcn","373","1.0464"
"stgcn","374","1.1155"
"stgcn","375","1.5298"
"stgcn","376","1.0822"
"stgcn","377","1.1753"
"stgcn","378","1.0466"
"stgcn","379","1.1331"
"stgcn","380","1.1054"
"stgcn","381","1.5542"
"stgcn","382","2.2697"
"stgcn","383","1.0539"
"stgcn","384","1.0590"
"stgcn","385","1.1257"
"stgcn","386","1.5607"
"stgcn","387","1.1363"
"stgcn","388","1.0815"
"stgcn","389","1.0972"
"stgcn","390","1.1937"
"stgcn","391","1.0754"
"stgcn","392","1.0476"
"stgcn","393","1.0699"
"stgcn","394","1.4598"
"stgcn","395","1.0900"
"stgcn","396","1.0558"
"stgcn","397","1.0885"
"stgcn","398","1.0121"
"stgcn","399","1.0771"
"stgcn","400","1.0685"
"stgcn","401","1.0796"
"stgcn","402","1.0711"
"stgcn","403","1.0657"
"stgcn","404","1.0837"
"stgcn","405","1.0280"
"stgcn","406","1.1084"
"stgcn","407","2.5167"
"stgcn","408","1.0975"
"stgcn","409","1.6315"
"stgcn","410","1.2637"
"stgcn","411","1.2398"
"stgcn","412","1.1280"
"stgcn","413","1.2407"
"stgcn","414","1.1316"
"stgcn","415","1.5741"
"stgcn","416","1.1117"
"stgcn","417","2.7742"
"stgcn","418","1.1766"
"stgcn","419","1.7127"
"stgcn","420","1.2283"
"stgcn","421","1.0170"
"stgcn","422","1.1015"
"stgcn","423","1.0273"
"stgcn","424","1.0952"
"stgcn","425","1.4711"
"stgcn","426","1.1129"
"stgcn","427","2.4827"
"stgcn","428","1.0352"
"stgcn","429","1.1332"
"stgcn","430","1.2392"
"stgcn","431","1.5390"
"stgcn","432","1.1929"
"stgcn","433","1.3487"
"stgcn","434","1.2091"
"stgcn","435","1.1102"
"stgcn","436","1.0340"
"stgcn","437","1.2361"
"stgcn","438","3.1544"
"stgcn","439","1.4428"
"stgcn","440","1.6297"
"stgcn","441","1.1497"
"stgcn","442","2.0886"
"stgcn","443","1.1768"
"stgcn","444","1.8343"
"stgcn","445","1.3329"
"stgcn","446","1.2989"
"stgcn","447","1.5383"
"stgcn","448","1.3934"
"stgcn","449","1.6456"
"stgcn","450","1.4217"
"stgcn","451","1.1610"
"stgcn","452","1.4079"
"stgcn","453","1.2502"
"stgcn","454","1.6335"
"stgcn","455","1.1060"
"stgcn","456","1.0891"
"stgcn","457","1.2203"
"stgcn","458","1.9689"
"stgcn","459","1.6438"
"stgcn","460","1.1941"
"stgcn","461","1.2788"
"stgcn","462","1.2808"
"stgcn","463","1.1680"
"stgcn","464","1.2985"
"stgcn","465","1.6117"
"stgcn","466","1.2213"
"stgcn","467","3.4919"
"stgcn","468","1.3260"
"stgcn","469","1.3494"
"stgcn","470","1.2234"
"stgcn","471","1.3234"
"stgcn","472","1.3925"
"stgcn","473","1.9791"
"stgcn","474","1.4652"
"stgcn","475","1.2664"
"stgcn","476","1.1927"
"stgcn","477","1.3582"
"stgcn","478","1.6024"
"stgcn","479","2.1267"
"stgcn","480","1.2621"
"stgcn","481","1.0540"
"stgcn","482","1.1215"
"stgcn","483","1.0348"
"stgcn","484","1.5658"
"stgcn","485","1.2230"
"stgcn","486","2.3857"
"stgcn","487","1.2221"
"stgcn","488","1.1839"
"stgcn","489","1.1907"
"stgcn","490","1.1704"
"stgcn","491","1.1814"
"stgcn","492","1.1507"
"stgcn","493","3.6135"
"stgcn","494","2.5898"
"stgcn","495","3.0683"
"stgcn","496","3.1596"
"stgcn","497","2.1742"
"stgcn","498","2.1747"
"stgcn","499","2.5729"
"stgcn","500","3.7963"
"stgcn","501","3.3453"
"stgcn","502","2.1481"
"stgcn","503","1.4684"
"stgcn","504","1.8164"
"stgcn","505","1.5813"
"stgcn","506","7.4338"
"stgcn","507","1.8113"
"stgcn","508","2.0815"
"stgcn","509","1.4032"
"stgcn","510","1.2859"
"stgcn","511","2.6367"
"stgcn","512","1.7693"
"stgcn","513","1.6912"
"stgcn","514","1.9169"
"stgcn","515","1.3605"
"stgcn","516","1.2104"
"stgcn","517","1.4797"
"stgcn","518","1.1214"
"stgcn","519","1.1009"
"stgcn","520","3.0769"
"stgcn","521","1.6252"
"stgcn","522","1.2133"
"stgcn","523","1.1031"
"stgcn","524","1.1671"
"stgcn","525","1.0797"
"stgcn","526","1.0879"
"stgcn","527","1.5686"
"stgcn","528","1.1063"
"stgcn","529","1.1195"
"stgcn","530","1.0806"
"stgcn","531","1.0730"
"stgcn","532","1.0292"
"stgcn","533","1.4705"
"stgcn","534","1.0905"
"stgcn","535","1.0420"
"stgcn","536","1.1320"
"stgcn","537","1.0908"
"stgcn","538","1.3756"
"stgcn","539","1.4872"
"stgcn","540","1.1161"
"stgcn","541","1.0614"
"stgcn","542","3.0884"
"stgcn","543","1.0285"
"stgcn","544","1.1533"
"stgcn","545","1.1098"
"stgcn","546","1.1095"
"stgcn","547","1.3256"
"stgcn","548","0.9999"
"stgcn","549","1.0793"
"stgcn","550","1.0988"
"stgcn","551","1.0148"
"stgcn","552","4.4904"
"stgcn","553","1.3307"
"stgcn","554","1.9521"
"stgcn","555","1.1307"
"stgcn","556","1.1512"
"stgcn","557","1.0332"
"stgcn","558","1.9772"
"stgcn","559","1.4437"
"stgcn","560","1.1545"
"stgcn","561","1.1344"
"stgcn","562","1.1738"
"stgcn","563","1.4927"
"stgcn","564","1.1652"
"stgcn","565","1.0976"
"stgcn","566","1.0782"
"stgcn","567","1.0443"
"stgcn","568","1.0090"
"stgcn","569","1.4525"
"stgcn","570","1.1542"
"stgcn","571","1.1318"
"stgcn","572","3.7682"
"stgcn","573","2.1457"
"stgcn","574","1.9856"
"stgcn","575","1.9289"
"stgcn","576","1.9671"
"stgcn","577","1.5964"
"stgcn","578","1.1851"
"stgcn","579","1.7853"
"stgcn","580","3.5792"
"stgcn","581","1.4393"
"stgcn","582","1.0916"
"stgcn","583","1.0567"
"stgcn","584","1.0379"
"stgcn","585","1.0102"
"stgcn","586","1.2993"
"stgcn","587","1.1181"
"stgcn","588","1.0330"
"stgcn","589","1.0518"
"stgcn","590","1.0715"
"stgcn","591","1.9175"
"stgcn","592","2.1121"
"stgcn","593","1.0715"
"stgcn","594","1.0223"
"stgcn","595","1.8812"
"stgcn","596","1.6098"
"stgcn","597","1.1298"
"stgcn","598","1.1312"
"stgcn","599","1.0527"
"stgcn","600","3.9671"
"stgcn","601","1.6960"
"stgcn","602","1.6913"
"stgcn","603","1.5388"
"stgcn","604","1.9576"
"stgcn","605","1.2849"
"stgcn","606","2.0768"
"stgcn","607","3.7297"
"stgcn","608","2.1913"
"stgcn","609","1.5423"
"stgcn","610","2.0978"
"stgcn","611","1.9040"
"stgcn","612","1.9347"
"stgcn","613","3.6163"
"stgcn","614","2.0614"
"stgcn","615","1.6827"
"stgcn","616","1.2182"
"stgcn","617","2.0283"
"stgcn","618","1.0161"
"stgcn","619","1.6556"
"stgcn","620","1.0433"
"stgcn","621","1.7310"
"stgcn","622","1.1136"
"stgcn","623","1.7821"
"stgcn","624","1.8130"
"stgcn","625","1.0190"
"stgcn","626","1.1385"
"stgcn","627","1.0494"
"stgcn","628","1.4449"
"stgcn","629","1.1050"
"stgcn","630","1.1249"
"stgcn","631","1.1111"
"stgcn","632","2.8781"
"stgcn","633","1.0555"
"stgcn","634","1.0733"
"stgcn","635","1.0891"
"stgcn","636","1.0858"
"stgcn","637","1.0401"
"stgcn","638","1.1994"
"stgcn","639","1.5357"
"stgcn","640","1.9852"
"stgcn","641","1.1611"
"stgcn","642","1.0532"
"stgcn","643","3.0876"
"stgcn","644","1.3493"
"stgcn","645","1.7114"
"stgcn","646","1.0343"
"stgcn","647","1.0658"
"stgcn","648","2.3083"
"stgcn","649","1.2623"
"stgcn","650","1.9644"
"stgcn","651","1.9397"
"stgcn","652","1.9178"
"stgcn","653","1.8612"
"stgcn","654","1.8754"
"stgcn","655","1.9026"
"stgcn","656","2.1602"
"stgcn","657","1.8330"
"stgcn","658","1.9288"
"stgcn","659","1.8489"
"stgcn","660","1.5016"
"stgcn","661","1.8883"
"stgcn","662","2.0369"
"stgcn","663","1.9709"
"stgcn","664","1.9111"
"stgcn","665","1.0876"
"stgcn","666","1.0510"
"stgcn","667","1.4352"
"stgcn","668","1.5328"
"stgcn","669","1.1072"
"stgcn","670","1.3514"
"stgcn","671","1.0447"
"stgcn","672","1.0699"
"stgcn","673","1.1468"
"stgcn","674","0.9967"
"stgcn","675","1.0394"
"stgcn","676","1.1780"
"stgcn","677","1.1129"
"stgcn","678","1.0422"
"stgcn","679","3.3320"
"stgcn","680","1.0603"
"stgcn","681","1.0868"
"stgcn","682","1.1216"
"stgcn","683","1.0634"
"stgcn","684","0.9990"
"stgcn","685","1.0222"
"stgcn","686","1.0919"
"stgcn","687","1.2911"
"stgcn","688","1.1595"
"stgcn","689","1.0847"
"stgcn","690","2.8255"
"stgcn","691","1.1322"
"stgcn","692","1.0969"
"stgcn","693","1.1956"
"stgcn","694","1.0537"
"stgcn","695","1.0006"
"stgcn","696","1.6001"
"stgcn","697","1.1004"
"stgcn","698","1.0752"
"stgcn","699","1.0800"
"stgcn","700","1.1192"
"stgcn","701","1.0725"
"stgcn","702","1.1579"
"stgcn","703","2.1830"
"stgcn","704","2.3440"
"stgcn","705","1.8873"
"stgcn","706","1.7810"
"stgcn","707","1.3619"
"stgcn","708","1.7626"
"stgcn","709","3.0386"
"stgcn","710","1.1202"
"stgcn","711","1.1431"
"stgcn","712","1.0984"
"stgcn","713","1.0800"
"stgcn","714","1.4378"
"stgcn","715","1.3864"
"stgcn","716","1.0206"
"stgcn","717","1.0752"
"stgcn","718","1.0636"
"stgcn","719","1.1040"
"stgcn","720","2.7175"
"stgcn","721","0.9940"
"stgcn","722","1.0778"
"stgcn","723","1.7498"
"stgcn","724","1.0032"
"stgcn","725","1.0611"
"stgcn","726","1.6910"
"stgcn","727","1.1295"
"stgcn","728","1.0843"
"stgcn","729","1.1055"
"stgcn","730","1.0962"
"stgcn","731","1.4709"
"stgcn","732","1.5924"
"stgcn","733","1.0582"
"stgcn","734","1.8830"
"stgcn","735","2.2808"
"stgcn","736","1.6598"
"stgcn","737","1.5143"
"stgcn","738","1.3253"
"stgcn","739","2.6393"
"stgcn","740","2.6393"
"stgcn","741","1.0484"
"stgcn","742","1.0302"
"stgcn","743","1.0689"
"stgcn","744","1.0163"
"stgcn","745","1.1327"
"stgcn","746","1.0629"
"stgcn","747","1.3195"
"stgcn","748","1.0879"
"stgcn","749","1.0869"
"stgcn","750","2.9288"
"stgcn","751","2.5100"
"stgcn","752","3.8677"
"stgcn","753","1.1392"
"stgcn","754","1.0144"
"stgcn","755","1.1206"
"stgcn","756","1.1234"
"stgcn","757","3.3940"
"stgcn","758","1.2945"
"stgcn","759","1.1459"
"stgcn","760","1.0819"
"stgcn","761","1.0719"
"stgcn","762","1.5176"
"stgcn","763","1.1152"
"stgcn","764","1.0519"
"stgcn","765","1.0307"
"stgcn","766","1.0697"
"stgcn","767","2.0734"
"stgcn","768","1.3087"
"stgcn","769","1.1547"
"stgcn","770","1.0146"
"stgcn","771","1.0500"
"stgcn","772","1.0122"
"stgcn","773","1.4752"
"stgcn","774","1.0529"
"stgcn","775","1.0740"
"stgcn","776","1.0341"
"stgcn","777","1.1658"
"stgcn","778","1.1514"
"stgcn","779","1.4350"
"stgcn","780","3.1011"
"stgcn","781","1.0802"
"stgcn","782","1.0318"
"stgcn","783","1.0909"
"stgcn","784","1.0279"
"stgcn","785","1.2182"
"stgcn","786","1.1249"
"stgcn","787","1.0726"
"stgcn","788","1.0267"
"stgcn","789","1.0300"
"stgcn","790","1.5195"
"stgcn","791","2.6585"
"stgcn","792","1.0501"
"stgcn","793","1.0941"
"stgcn","794","1.0008"
"stgcn","795","1.4924"
"stgcn","796","1.1322"
"stgcn","797","1.0497"
"stgcn","798","1.1823"
"stgcn","799","1.0953"
"stgcn","800","1.0485"
"stgcn","801","3.3632"
"stgcn","802","1.2020"
"stgcn","803","1.0835"
"stgcn","804","1.1066"
"stgcn","805","1.4974"
"stgcn","806","1.1176"
"stgcn","807","1.0447"
"stgcn","808","1.0136"
"stgcn","809","1.0543"
"stgcn","810","1.0519"
"stgcn","811","1.0196"
"stgcn","812","3.2970"
"stgcn","813","1.0874"
"stgcn","814","1.3789"
"stgcn","815","1.1318"
"stgcn","816","1.5957"
"stgcn","817","1.1644"
"stgcn","818","1.0339"
"stgcn","819","1.0712"
"stgcn","820","1.9866"
"stgcn","821","1.0282"
"stgcn","822","3.8596"
"stgcn","823","1.0349"
"stgcn","824","1.1282"
"stgcn","825","2.3336"
"stgcn","826","1.2008"
"stgcn","827","1.0981"
"stgcn","828","1.0342"
"stgcn","829","1.0417"
"stgcn","830","1.0908"
"stgcn","831","1.0244"
"stgcn","832","1.0385"
"stgcn","833","1.2256"
"stgcn","834","1.1128"
"stgcn","835","1.0340"
"stgcn","836","1.0656"
"stgcn","837","1.0030"
"stgcn","838","1.1726"
"stgcn","839","1.0570"
"stgcn","840","1.1210"
"stgcn","841","1.1201"
"stgcn","842","1.0186"
"stgcn","843","1.0442"
"stgcn","844","1.0491"
"stgcn","845","1.0844"
"stgcn","846","1.0885"
"stgcn","847","1.0689"
"stgcn","848","1.1304"
"stgcn","849","1.1834"
"stgcn","850","1.4835"
"stgcn","851","2.3181"
"stgcn","852","1.5191"
"stgcn","853","1.1086"
"stgcn","854","1.4042"
"stgcn","855","1.5444"
"stgcn","856","1.5017"
"stgcn","857","1.1057"
"stgcn","858","1.0532"
"stgcn","859","1.1957"
"stgcn","860","1.5538"
"stgcn","861","1.0695"
"stgcn","862","1.0682"
"stgcn","863","1.2112"
"stgcn","864","1.0542"
"stgcn","865","1.1715"
"stgcn","866","1.5927"
"stgcn","867","3.0209"
"stgcn","868","1.1500"
"stgcn","869","1.0862"
"stgcn","870","1.0897"
"stgcn","871","1.0283"
"stgcn","872","0.9993"
"stgcn","873","1.1307"
"stgcn","874","1.0352"
"stgcn","875","1.1186"
"stgcn","876","1.4287"
"stgcn","877","1.1519"
"stgcn","878","1.0372"
"stgcn","879","1.1472"
"stgcn","880","1.1740"
"stgcn","881","1.0490"
"stgcn","882","1.4802"
"stgcn","883","1.2901"
"stgcn","884","1.0391"
"stgcn","885","1.1318"
"stgcn","886","1.0367"
"stgcn","887","1.1316"
"stgcn","888","1.1534"
"stgcn","889","1.0956"
"stgcn","890","1.2621"
"stgcn","891","1.2080"
"stgcn","892","1.4189"
"stgcn","893","1.1623"
"stgcn","894","1.5261"
"stgcn","895","1.2125"
"stgcn","896","1.0982"
"stgcn","897","1.1330"
"stgcn","898","1.0590"
"stgcn","899","1.0353"
"stgcn","900","1.2348"
"stgcn","901","1.1335"
"stgcn","902","3.3228"
"stgcn","903","1.1168"
"stgcn","904","1.1173"
"stgcn","905","1.1638"
"stgcn","906","1.0433"
"stgcn","907","1.1422"
"stgcn","908","1.0269"
"stgcn","909","1.1833"
"stgcn","910","1.0926"
"stgcn","911","1.0796"
"stgcn","912","3.0757"
"stgcn","913","1.5601"
"stgcn","914","1.1830"
"stgcn","915","1.5115"
"stgcn","916","2.5751"
"stgcn","917","1.0520"
"stgcn","918","1.1412"
"stgcn","919","1.5199"
"stgcn","920","1.1619"
"stgcn","921","2.1935"
"stgcn","922","1.1948"
"stgcn","923","1.1725"
"stgcn","924","1.1491"
"stgcn","925","1.0487"
"stgcn","926","1.1908"
"stgcn","927","1.0977"
"stgcn","928","1.0599"
"stgcn","929","1.1165"
"stgcn","930","1.0176"
"stgcn","931","0.9971"
"stgcn","932","1.1005"
"stgcn","933","2.1887"
"stgcn","934","1.1296"
"stgcn","935","1.1560"
"stgcn","936","1.0411"
"stgcn","937","1.0024"
"stgcn","938","1.1856"
"stgcn","939","1.0386"
"stgcn","940","1.2156"
"stgcn","941","1.0589"
"stgcn","942","1.1238"
"stgcn","943","1.4775"
"stgcn","944","1.0983"
"stgcn","945","2.0153"
"stgcn","946","1.1206"
"stgcn","947","1.0307"
"stgcn","948","3.6448"
"stgcn","949","1.2238"
"stgcn","950","1.0545"
"stgcn","951","1.1468"
"stgcn","952","1.4880"
"stgcn","953","1.1335"
"stgcn","954","1.0959"
"stgcn","955","1.1357"
"stgcn","956","1.1387"
"stgcn","957","1.0572"
"stgcn","958","1.5359"
"stgcn","959","1.1824"
"stgcn","960","1.0431"
"stgcn","961","1.0794"
"stgcn","962","1.0880"
"stgcn","963","1.3640"
"stgcn","964","1.7032"
"stgcn","965","1.2099"
"stgcn","966","1.2146"
"stgcn","967","1.8388"
"stgcn","968","1.0777"
"stgcn","969","1.5324"
"stgcn","970","1.2069"
"stgcn","971","1.0274"
"stgcn","972","1.1007"
"stgcn","973","1.1589"
"stgcn","974","1.1160"
"stgcn","975","1.0862"
"stgcn","976","1.1455"
"stgcn","977","1.1150"
"stgcn","978","1.3543"
"stgcn","979","1.0710"
"stgcn","980","1.2006"
"stgcn","981","1.2302"
"stgcn","982","1.2547"
"stgcn","983","1.2342"
"stgcn","984","1.1577"
"stgcn","985","1.0546"
"stgcn","986","1.0975"
"stgcn","987","1.1336"
"stgcn","988","1.2345"
"stgcn","989","1.1614"
"stgcn","990","1.2043"
"stgcn","991","1.6623"
"stgcn","992","2.2206"
"stgcn","993","1.6105"
"stgcn","994","1.1410"
"stgcn","995","1.0988"
"stgcn","996","2.4868"
"stgcn","997","1.1095"
"stgcn","998","1.1817"
"stgcn","999","1.3064"
"stgcn","1000","1.3076"
"stgcn","1001","1.0709"
"stgcn","1002","1.0138"
"stgcn","1003","1.1521"
"stgcn","1004","1.0713"
"stgcn","1005","1.0501"
"stgcn","1006","1.1602"
"stgcn","1007","1.2165"
"stgcn","1008","1.5396"
"stgcn","1009","1.2290"
"stgcn","1010","1.1314"
"stgcn","1011","3.1500"
"stgcn","1012","1.5043"
"stgcn","1013","1.1875"
"stgcn","1014","1.0929"
"stgcn","1015","1.0221"
"stgcn","1016","1.0365"
"stgcn","1017","1.0712"
"stgcn","1018","1.0522"
"stgcn","1019","1.0763"
"stgcn","1020","1.1383"
"stgcn","1021","1.0661"
"stgcn","1022","4.1130"
"stgcn","1023","1.1212"
"stgcn","1024","1.0636"
"stgcn","1025","2.2350"
"stgcn","1026","1.0718"
"stgcn","1027","1.5743"
"stgcn","1028","2.8141"
"stgcn","1029","1.1576"
"stgcn","1030","1.3577"
"stgcn","1031","2.5752"
"stgcn","1032","1.2368"
"stgcn","1033","1.1086"
"stgcn","1034","1.0353"
"stgcn","1035","1.1073"
"stgcn","1036","1.0686"
"stgcn","1037","1.0712"
"stgcn","1038","1.1499"
"stgcn","1039","1.0825"
"stgcn","1040","2.5260"
"stgcn","1041","1.0808"
"stgcn","1042","1.5110"
"stgcn","1043","1.1466"
"stgcn","1044","1.2314"
"stgcn","1045","1.2011"
"stgcn","1046","1.1103"
"stgcn","1047","1.0875"
"stgcn","1048","1.5161"
"stgcn","1049","1.0229"
"stgcn","1050","1.1084"
"stgcn","1051","3.3158"
"stgcn","1052","3.0574"
"stgcn","1053","1.1517"
"stgcn","1054","1.2137"
"stgcn","1055","1.1499"
"stgcn","1056","1.4621"
"stgcn","1057","1.0942"
"stgcn","1058","1.1127"
"stgcn","1059","1.1678"
"stgcn","1060","1.1226"
"stgcn","1061","1.2724"
"stgcn","1062","1.0952"
"stgcn","1063","1.2221"
"stgcn","1064","1.0614"
"stgcn","1065","1.0776"
"stgcn","1066","1.1409"
"stgcn","1067","1.1996"
"stgcn","1068","1.5783"
"stgcn","1069","1.0154"
"stgcn","1070","1.0465"
"stgcn","1071","1.1036"
"stgcn","1072","1.0942"
"stgcn","1073","2.6278"
"stgcn","1074","1.2755"
"stgcn","1075","1.1282"
"stgcn","1076","1.1645"
"stgcn","1077","1.1369"
"stgcn","1078","1.2478"
"stgcn","1079","1.4835"
"stgcn","1080","1.1236"
"stgcn","1081","0.9952"
"stgcn","1082","2.8348"
"stgcn","1083","1.1249"
"stgcn","1084","1.1097"
"stgcn","1085","1.1491"
"stgcn","1086","1.2241"
"stgcn","1087","1.1799"
"stgcn","1088","1.1521"
"stgcn","1089","1.0858"
"stgcn","1090","1.1187"
"stgcn","1091","1.1117"
"stgcn","1092","1.1294"
"stgcn","1093","2.9826"
"stgcn","1094","1.6295"
"stgcn","1095","2.6562"
"stgcn","1096","1.5184"
"stgcn","1097","1.1944"
"stgcn","1098","1.0683"
"stgcn","1099","1.2716"
"stgcn","1100","1.1258"
"stgcn","1101","1.0529"
"stgcn","1102","2.9225"
"stgcn","1103","2.2494"
"stgcn","1104","1.8378"
"stgcn","1105","1.1196"
"stgcn","1106","1.0457"
"stgcn","1107","1.0203"
"stgcn","1108","1.4962"
"stgcn","1109","1.2201"
"stgcn","1110","1.2977"
"stgcn","1111","2.4043"
"stgcn","1112","1.5564"
"stgcn","1113","3.1015"
"stgcn","1114","1.0938"
"stgcn","1115","1.1558"
"stgcn","1116","1.5769"
"stgcn","1117","1.0979"
"stgcn","1118","1.1962"
"stgcn","1119","1.1671"
"stgcn","1120","2.1645"
"stgcn","1121","1.5541"
"stgcn","1122","1.1725"
"stgcn","1123","1.1801"
"stgcn","1124","1.2333"
"stgcn","1125","1.1717"
"stgcn","1126","1.1075"
"stgcn","1127","1.1308"
"stgcn","1128","1.2566"
"stgcn","1129","1.1246"
"stgcn","1130","1.0895"
"stgcn","1131","1.2848"
"stgcn","1132","1.7224"
"stgcn","1133","1.1528"
"stgcn","1134","1.5944"
"stgcn","1135","1.0207"
"stgcn","1136","1.2194"
"stgcn","1137","1.0901"
"stgcn","1138","1.1132"
"stgcn","1139","1.1818"
"stgcn","1140","1.0647"
"stgcn","1141","1.0565"
"stgcn","1142","1.0873"
"stgcn","1143","1.1376"
"stgcn","1144","1.8613"
"stgcn","1145","1.0488"
"stgcn","1146","1.2877"
"stgcn","1147","1.0094"
"stgcn","1148","1.0972"
"stgcn","1149","1.1867"
"stgcn","1150","1.1314"
"stgcn","1151","1.1670"
"stgcn","1152","1.1108"
"stgcn","1153","1.1214"
"stgcn","1154","1.2057"
"stgcn","1155","1.0891"
"stgcn","1156","1.3557"
"stgcn","1157","1.5104"
"stgcn","1158","1.2536"
"stgcn","1159","1.2103"
"stgcn","1160","1.0896"
"stgcn","1161","1.0985"
"stgcn","1162","1.0046"
"stgcn","1163","1.2673"
"stgcn","1164","1.1160"
"stgcn","1165","1.1130"
"stgcn","1166","5.4325"
"stgcn","1167","1.1985"
"stgcn","1168","1.0716"
"stgcn","1169","1.1790"
"stgcn","1170","1.0913"
"stgcn","1171","1.0664"
"stgcn","1172","1.2410"
"stgcn","1173","1.0813"
"stgcn","1174","1.1082"
"stgcn","1175","1.0910"
"stgcn","1176","1.2163"
"stgcn","1177","1.5159"
"stgcn","1178","1.0510"
"stgcn","1179","1.0781"
"stgcn","1180","1.0667"
"stgcn","1181","1.1885"
"stgcn","1182","1.0543"
"stgcn","1183","1.0420"
"stgcn","1184","1.1592"
"stgcn","1185","1.0696"
"stgcn","1186","1.0469"
"stgcn","1187","1.1805"
"stgcn","1188","2.5959"
"stgcn","1189","2.2284"
"stgcn","1190","1.1739"
"stgcn","1191","1.0935"
"stgcn","1192","1.1123"
"stgcn","1193","1.2977"
"stgcn","1194","1.1141"
"stgcn","1195","1.2033"
"stgcn","1196","1.1975"
"stgcn","1197","1.0947"
"stgcn","1198","1.0530"
"stgcn","1199","1.4766"
"stgcn","1200","1.0981"
"stgcn","1201","1.0786"
"stgcn","1202","1.1280"
"stgcn","1203","1.0549"
"stgcn","1204","2.7274"
"stgcn","1205","1.2874"
"stgcn","1206","1.1170"
"stgcn","1207","1.1001"
"stgcn","1208","1.0650"
"stgcn","1209","1.0704"
"stgcn","1210","1.3851"
"stgcn","1211","1.2341"
"stgcn","1212","1.6209"
"stgcn","1213","1.0342"
"stgcn","1214","1.0367"
"stgcn","1215","1.1672"
"stgcn","1216","1.5321"
"stgcn","1217","1.1464"
"stgcn","1218","1.2344"
"stgcn","1219","4.0501"
"stgcn","1220","1.5053"
"stgcn","1221","1.3326"
"stgcn","1222","1.4409"
"stgcn","1223","1.0700"
"stgcn","1224","1.0263"
"stgcn","1225","1.4413"
"stgcn","1226","1.8650"
"stgcn","1227","1.0587"
"stgcn","1228","1.5964"
"stgcn","1229","2.3056"
"stgcn","1230","1.2892"
"stgcn","1231","1.3090"
"stgcn","1232","1.0945"
"stgcn","1233","1.2040"
"stgcn","1234","1.1356"
"stgcn","1235","1.3627"
"stgcn","1236","1.0522"
"stgcn","1237","1.0712"
"stgcn","1238","1.0807"
"stgcn","1239","4.1736"
"stgcn","1240","2.0187"
"stgcn","1241","1.0879"
"stgcn","1242","1.0620"
"stgcn","1243","1.1647"
"stgcn","1244","1.5588"
"stgcn","1245","1.2481"
"stgcn","1246","1.1817"
"stgcn","1247","1.1820"
"stgcn","1248","1.1524"
"stgcn","1249","1.9713"
"stgcn","1250","1.9351"
"stgcn","1251","1.5794"
"stgcn","1252","1.1579"
"stgcn","1253","1.0999"
"stgcn","1254","1.6333"
"stgcn","1255","1.1457"
"stgcn","1256","1.1671"
"stgcn","1257","1.0241"
"stgcn","1258","1.0117"
"stgcn","1259","3.3844"
"stgcn","1260","2.3916"
"stgcn","1261","1.8236"
"stgcn","1262","1.6204"
"stgcn","1263","1.1415"
"stgcn","1264","1.1879"
"stgcn","1265","1.0976"
"stgcn","1266","1.0735"
"stgcn","1267","4.5339"
"stgcn","1268","1.5385"
"stgcn","1269","1.6096"
"stgcn","1270","1.8351"
"stgcn","1271","1.9924"
"stgcn","1272","1.1714"
"stgcn","1273","1.0274"
"stgcn","1274","1.1330"
"stgcn","1275","4.1067"
"stgcn","1276","1.5600"
"stgcn","1277","1.2999"
"stgcn","1278","3.2947"
"stgcn","1279","1.4225"
"stgcn","1280","1.3317"
"stgcn","1281","1.1253"
"stgcn","1282","1.3024"
"stgcn","1283","1.0879"
"stgcn","1284","1.1471"
"stgcn","1285","1.3469"
"stgcn","1286","1.1438"
"stgcn","1287","1.4095"
"stgcn","1288","2.7676"
"stgcn","1289","1.0533"
"stgcn","1290","1.1383"
"stgcn","1291","1.1175"
"stgcn","1292","1.1599"
"stgcn","1293","3.0460"
"stgcn","1294","2.5170"
"stgcn","1295","1.1600"
"stgcn","1296","1.7280"
"stgcn","1297","1.1594"
"stgcn","1298","1.1098"
"stgcn","1299","1.0529"
"stgcn","1300","4.2791"
"stgcn","1301","2.1702"
"stgcn","1302","1.9213"
"stgcn","1303","1.1003"
"stgcn","1304","1.2718"
"stgcn","1305","1.3163"
"stgcn","1306","1.1626"
"stgcn","1307","1.1555"
"stgcn","1308","1.1898"
"stgcn","1309","3.3222"
"stgcn","1310","1.3031"
"stgcn","1311","1.0882"
"stgcn","1312","1.2220"
"stgcn","1313","1.1394"
"stgcn","1314","1.0371"
"stgcn","1315","1.1065"
"stgcn","1316","1.2574"
"stgcn","1317","1.1094"
"stgcn","1318","1.0759"
"stgcn","1319","1.0579"
"stgcn","1320","3.2329"
"stgcn","1321","2.1685"
"stgcn","1322","1.7990"
"stgcn","1323","1.4912"
"stgcn","1324","1.1750"
"stgcn","1325","1.1626"
"stgcn","1326","1.1309"
"stgcn","1327","1.0588"
"stgcn","1328","1.1771"
"stgcn","1329","3.4414"
"stgcn","1330","1.6385"
"stgcn","1331","1.0913"
"stgcn","1332","1.6159"
"stgcn","1333","2.8034"
"stgcn","1334","1.2283"
"stgcn","1335","1.1413"
"stgcn","1336","1.1734"
"stgcn","1337","1.0405"
"stgcn","1338","1.0646"
"stgcn","1339","2.9877"
"stgcn","1340","1.2201"
"stgcn","1341","1.6525"
"stgcn","1342","1.2362"
"stgcn","1343","1.0754"
"stgcn","1344","1.1482"
"stgcn","1345","1.0874"
"stgcn","1346","6.8301"
"stgcn","1347","1.5230"
"stgcn","1348","1.6254"
"stgcn","1349","1.2590"
"stgcn","1350","1.0499"
"stgcn","1351","1.1165"
"stgcn","1352","1.1344"
"stgcn","1353","1.0872"
"stgcn","1354","4.3751"
"stgcn","1355","2.3269"
"stgcn","1356","1.6283"
"stgcn","1357","1.1820"
"stgcn","1358","1.0640"
"stgcn","1359","1.1203"
"stgcn","1360","1.1685"
"stgcn","1361","1.1367"
"stgcn","1362","5.8668"
"stgcn","1363","1.8215"
"stgcn","1364","1.1539"
"stgcn","1365","1.0291"
"stgcn","1366","1.1922"
"stgcn","1367","1.1205"
"stgcn","1368","0.9952"
"stgcn","1369","1.6005"
"stgcn","1370","3.5320"
"stgcn","1371","1.3372"
"stgcn","1372","1.1925"
"stgcn","1373","1.6087"
"stgcn","1374","1.1276"
"stgcn","1375","1.0083"
"stgcn","1376","1.1189"
"stgcn","1377","1.1132"
"stgcn","1378","1.1734"
"stgcn","1379","1.6541"
"stgcn","1380","3.8634"
"stgcn","1381","1.2173"
"stgcn","1382","1.4188"
"stgcn","1383","1.1292"
"stgcn","1384","1.0963"
"stgcn","1385","1.0698"
"stgcn","1386","1.0670"
"stgcn","1387","1.0306"
"stgcn","1388","1.5019"
"stgcn","1389","4.7955"
"stgcn","1390","1.1721"
"stgcn","1391","1.4772"
"stgcn","1392","1.3305"
"stgcn","1393","1.2514"
"stgcn","1394","1.0873"
"stgcn","1395","1.2518"
"stgcn","1396","1.1115"
"stgcn","1397","1.1325"
"stgcn","1398","1.0701"
"stgcn","1399","1.4927"
"stgcn","1400","1.0610"
"stgcn","1401","1.2336"
"stgcn","1402","1.1387"
"stgcn","1403","1.1432"
"stgcn","1404","1.0689"
"stgcn","1405","1.0861"
"stgcn","1406","1.1014"
"stgcn","1407","1.1252"
"stgcn","1408","1.1415"
"stgcn","1409","1.6606"
"stgcn","1410","1.2643"
"stgcn","1411","1.5628"
"stgcn","1412","1.1611"
"stgcn","1413","1.0998"
"stgcn","1414","1.5823"
"stgcn","1415","1.1960"
"stgcn","1416","1.1012"
"stgcn","1417","1.0483"
"stgcn","1418","1.1692"
"stgcn","1419","1.0494"
"stgcn","1420","1.5863"
"stgcn","1421","2.9181"
"stgcn","1422","1.1124"
"stgcn","1423","1.1088"
"stgcn","1424","1.4537"
"stgcn","1425","1.0494"
"stgcn","1426","1.0896"
"stgcn","1427","1.0945"
"stgcn","1428","1.1535"
"stgcn","1429","1.1604"
"stgcn","1430","1.6364"
"stgcn","1431","1.1139"
"stgcn","1432","1.0840"
"stgcn","1433","1.3168"
"stgcn","1434","1.1162"
"stgcn","1435","1.1285"
"stgcn","1436","1.6041"
"stgcn","1437","1.2015"
"stgcn","1438","1.0427"
"stgcn","1439","1.1066"
"stgcn","1440","1.0745"
"stgcn","1441","1.1364"
"stgcn","1442","1.7282"
"stgcn","1443","1.3361"
"stgcn","1444","1.3860"
"stgcn","1445","1.3174"
"stgcn","1446","1.0663"
"stgcn","1447","1.2312"
"stgcn","1448","1.2577"
"stgcn","1449","1.2435"
"stgcn","1450","1.2884"
"stgcn","1451","1.1366"
"stgcn","1452","1.1671"
"stgcn","1453","1.4953"
"stgcn","1454","1.0063"
"stgcn","1455","3.3584"
"stgcn","1456","1.3895"
"stgcn","1457","1.7502"
"stgcn","1458","1.0275"
"stgcn","1459","1.1126"
"stgcn","1460","1.0448"
"stgcn","1461","1.0819"
"stgcn","1462","0.9917"
"stgcn","1463","1.0696"
"stgcn","1464","1.0864"
"stgcn","1465","1.0326"
"stgcn","1466","1.1986"
"stgcn","1467","2.4968"
"stgcn","1468","1.0431"
"stgcn","1469","1.1689"
"stgcn","1470","1.1313"
"stgcn","1471","1.0882"
"stgcn","1472","2.2497"
"stgcn","1473","1.1997"
"stgcn","1474","1.0115"
"stgcn","1475","2.6585"
"stgcn","1476","1.2860"
"stgcn","1477","1.1659"
"stgcn","1478","1.5941"
"stgcn","1479","1.0975"
"stgcn","1480","1.0954"
"stgcn","1481","1.1072"
"stgcn","1482","1.0464"
"stgcn","1483","1.1004"
"stgcn","1484","1.0296"
"stgcn","1485","1.1314"
"stgcn","1486","2.8436"
"stgcn","1487","2.0457"
"stgcn","1488","2.0680"
"stgcn","1489","1.2733"
"stgcn","1490","1.0830"
"stgcn","1491","1.1567"
"stgcn","1492","1.0331"
"stgcn","1493","1.1645"
"stgcn","1494","1.0959"
"stgcn","1495","1.0972"
"stgcn","1496","1.0259"
"stgcn","1497","1.2697"
"stgcn","1498","1.2714"
"stgcn","1499","1.1629"
"stgcn","1500","1.1149"
"stgcn","1501","1.6917"
"stgcn","1502","1.2708"
"stgcn","1503","1.1051"
"stgcn","1504","1.1190"
"stgcn","1505","1.0568"
"stgcn","1506","1.0541"
"stgcn","1507","1.1503"
"stgcn","1508","1.0565"
"stgcn","1509","1.6183"
"stgcn","1510","3.5530"
"stgcn","1511","1.1092"
"stgcn","1512","1.4293"
"stgcn","1513","1.1031"
"stgcn","1514","1.0837"
"stgcn","1515","3.2433"
"stgcn","1516","3.7609"
"stgcn","1517","1.1111"
"stgcn","1518","1.0656"
"stgcn","1519","1.0783"
"stgcn","1520","1.0849"
"stgcn","1521","1.0923"
"stgcn","1522","1.1428"
"stgcn","1523","1.0639"
"stgcn","1524","1.4748"
"stgcn","1525","1.0690"
"stgcn","1526","1.0689"
"stgcn","1527","1.0195"
"stgcn","1528","1.6209"
"stgcn","1529","1.1199"
"stgcn","1530","1.0976"
"stgcn","1531","1.0876"
"stgcn","1532","1.0565"
"stgcn","1533","1.0438"
"stgcn","1534","1.0895"
"stgcn","1535","1.7525"
"stgcn","1536","1.1418"
"stgcn","1537","1.0211"
"stgcn","1538","2.9003"
"stgcn","1539","2.4150"
"stgcn","1540","1.1760"
"stgcn","1541","1.0334"
"stgcn","1542","2.2554"
"stgcn","1543","1.0869"
"stgcn","1544","1.0876"
"stgcn","1545","1.1637"
"stgcn","1546","1.1678"
"stgcn","1547","2.9528"
"stgcn","1548","1.2948"
"stgcn","1549","1.0779"
"stgcn","1550","1.2491"
"stgcn","1551","1.0646"
"stgcn","1552","1.0486"
"stgcn","1553","1.0507"
"stgcn","1554","1.0724"
"stgcn","1555","1.5566"
"stgcn","1556","1.0814"
"stgcn","1557","1.1875"
"stgcn","1558","1.0939"
"stgcn","1559","1.7120"
"stgcn","1560","1.1495"
"stgcn","1561","1.1514"
"stgcn","1562","1.2074"
"stgcn","1563","1.0874"
"stgcn","1564","1.1323"
"stgcn","1565","1.0994"
"stgcn","1566","1.1294"
"stgcn","1567","2.3733"
"stgcn","1568","1.9958"
"stgcn","1569","1.1558"
"stgcn","1570","1.1211"
"stgcn","1571","1.4777"
"stgcn","1572","1.0299"
"stgcn","1573","1.0596"
"stgcn","1574","1.0910"
"stgcn","1575","1.0152"
"stgcn","1576","1.1753"
"stgcn","1577","1.5572"
"stgcn","1578","1.2770"
"stgcn","1579","1.1486"
"stgcn","1580","1.1027"
"stgcn","1581","1.7083"
"stgcn","1582","2.1383"
"stgcn","1583","1.1680"
"stgcn","1584","1.0357"
"stgcn","1585","1.1626"
"stgcn","1586","1.0255"
"stgcn","1587","1.1487"
"stgcn","1588","1.1132"
"stgcn","1589","1.1044"
"stgcn","1590","1.1344"
"stgcn","1591","2.4940"
"stgcn","1592","1.9667"
"stgcn","1593","1.0715"
"stgcn","1594","1.1789"
"stgcn","1595","1.1161"
"stgcn","1596","1.8295"
"stgcn","1597","1.0794"
"stgcn","1598","1.0876"
"stgcn","1599","1.0619"
"stgcn","1600","1.0860"
"stgcn","1601","2.8129"
"stgcn","1602","1.1496"
"stgcn","1603","1.0985"
"stgcn","1604","1.3287"
"stgcn","1605","1.0640"
"stgcn","1606","1.0640"
"stgcn","1607","1.0966"
"stgcn","1608","1.1196"
"stgcn","1609","1.5084"
"stgcn","1610","1.1626"
"stgcn","1611","1.0411"
"stgcn","1612","2.3410"
"stgcn","1613","1.1656"
"stgcn","1614","1.8150"
"stgcn","1615","1.0220"
"stgcn","1616","1.1690"
"stgcn","1617","1.1490"
"stgcn","1618","1.1080"
"stgcn","1619","1.0572"
"stgcn","1620","3.1279"
"stgcn","1621","1.0390"
"stgcn","1622","2.5414"
"stgcn","1623","1.5708"
"stgcn","1624","1.1052"
"stgcn","1625","1.0422"
"stgcn","1626","1.3233"
"stgcn","1627","1.0383"
"stgcn","1628","1.0785"
"stgcn","1629","1.0298"
"stgcn","1630","1.1682"
"stgcn","1631","1.1613"
"stgcn","1632","1.0337"
"stgcn","1633","2.6421"
"stgcn","1634","1.1362"
"stgcn","1635","1.1043"
"stgcn","1636","1.0993"
"stgcn","1637","1.0706"
"stgcn","1638","1.3217"
"stgcn","1639","1.0635"
"stgcn","1640","1.1168"
"stgcn","1641","1.0738"
"stgcn","1642","1.0558"
"stgcn","1643","1.0474"
"stgcn","1644","2.5485"
"stgcn","1645","1.0734"
"stgcn","1646","1.1637"
"stgcn","1647","1.0563"
"stgcn","1648","1.1471"
"stgcn","1649","1.1127"
"stgcn","1650","1.0576"
"stgcn","1651","1.1532"
"stgcn","1652","1.5602"
"stgcn","1653","1.0745"
"stgcn","1654","1.1516"
"stgcn","1655","1.0487"
"stgcn","1656","1.9679"
"stgcn","1657","1.0540"
"stgcn","1658","1.2207"
"stgcn","1659","1.1161"
"stgcn","1660","1.0519"
"stgcn","1661","1.1077"
"stgcn","1662","0.9938"
"stgcn","1663","1.0060"
"stgcn","1664","1.3360"
"stgcn","1665","1.1317"
"stgcn","1666","1.0585"
"stgcn","1667","2.6456"
"stgcn","1668","1.5559"
"stgcn","1669","1.1720"
"stgcn","1670","1.0640"
"stgcn","1671","1.1677"
"stgcn","1672","1.0705"
"stgcn","1673","1.0773"
"stgcn","1674","1.4783"
"stgcn","1675","1.1658"
"stgcn","1676","1.2371"
"stgcn","1677","1.0632"
"stgcn","1678","1.0474"
"stgcn","1679","2.5037"
"stgcn","1680","1.1500"
"stgcn","1681","1.0373"
"stgcn","1682","1.0517"
"stgcn","1683","1.0321"
"stgcn","1684","1.0751"
"stgcn","1685","1.0603"
"stgcn","1686","1.4134"
"stgcn","1687","1.0165"
"stgcn","1688","1.0193"
"stgcn","1689","1.2385"
"stgcn","1690","2.4105"
"stgcn","1691","1.3200"
"stgcn","1692","1.1097"
"stgcn","1693","1.0727"
"stgcn","1694","1.0286"
"stgcn","1695","1.1785"
"stgcn","1696","1.0788"
"stgcn","1697","1.0808"
"stgcn","1698","1.2033"
"stgcn","1699","1.0772"
"stgcn","1700","1.1220"
"stgcn","1701","2.6347"
"stgcn","1702","1.1143"
"stgcn","1703","1.0740"
"stgcn","1704","1.0872"
"stgcn","1705","1.0402"
"stgcn","1706","1.0684"
"stgcn","1707","1.0954"
"stgcn","1708","1.0488"
"stgcn","1709","1.1379"
"stgcn","1710","1.2497"
"stgcn","1711","1.1128"
"stgcn","1712","1.0150"
"stgcn","1713","1.0058"
"stgcn","1714","1.0495"
"stgcn","1715","1.0300"
"stgcn","1716","1.3062"
"stgcn","1717","1.1129"
"stgcn","1718","1.0152"
"stgcn","1719","1.0765"
"stgcn","1720","1.1320"
"stgcn","1721","1.0275"
"stgcn","1722","1.0296"
"stgcn","1723","1.0123"
"stgcn","1724","1.0820"
"stgcn","1725","1.0420"
"stgcn","1726","1.0371"
"stgcn","1727","0.9942"
"stgcn","1728","1.6197"
"stgcn","1729","1.0961"
"stgcn","1730","1.2934"
"stgcn","1731","1.0170"
"stgcn","1732","1.0002"
"stgcn","1733","1.1549"
"stgcn","1734","1.4792"
"stgcn","1735","1.0186"
"stgcn","1736","1.1139"
"stgcn","1737","1.0914"
"stgcn","1738","2.9141"
"stgcn","1739","1.1613"
"stgcn","1740","1.1135"
"stgcn","1741","1.0996"
"stgcn","1742","1.2631"
"stgcn","1743","1.0547"
"stgcn","1744","1.0337"
"stgcn","1745","1.4405"
"stgcn","1746","1.1073"
"stgcn","1747","1.0974"
"stgcn","1748","1.0345"
"stgcn","1749","1.2336"
"stgcn","1750","2.3021"
"stgcn","1751","1.0364"
"stgcn","1752","1.1030"
"stgcn","1753","1.1396"
"stgcn","1754","1.1370"
"stgcn","1755","1.0567"
"stgcn","1756","1.0588"
"stgcn","1757","1.2614"
"stgcn","1758","1.0503"
"stgcn","1759","1.0521"
"stgcn","1760","1.1491"
"stgcn","1761","2.6933"
"stgcn","1762","1.1611"
"stgcn","1763","1.1006"
"stgcn","1764","1.0749"
"stgcn","1765","1.0477"
"stgcn","1766","1.1236"
"stgcn","1767","1.2121"
"stgcn","1768","1.2577"
"stgcn","1769","1.0615"
"stgcn","1770","1.1397"
"stgcn","1771","1.1162"
"stgcn","1772","2.8817"
"stgcn","1773","1.1362"
"stgcn","1774","1.0766"
"stgcn","1775","1.1791"
"stgcn","1776","1.0433"
"stgcn","1777","1.0089"
"stgcn","1778","1.0054"
"stgcn","1779","1.2033"
"stgcn","1780","1.2421"
"stgcn","1781","1.1838"
"stgcn","1782","1.1293"
"stgcn","1783","1.1705"
"stgcn","1784","2.4325"
"stgcn","1785","2.2818"
"stgcn","1786","1.0646"
"stgcn","1787","1.0323"
"stgcn","1788","1.4470"
"stgcn","1789","1.2336"
"stgcn","1790","1.0801"
"stgcn","1791","1.1445"
"stgcn","1792","1.2203"
"stgcn","1793","2.9252"
"stgcn","1794","1.2138"
"stgcn","1795","1.2291"
"stgcn","1796","1.0643"
"stgcn","1797","1.1105"
"stgcn","1798","1.1985"
"stgcn","1799","1.5252"
"stgcn","1800","1.2521"
"stgcn","1801","1.1016"
"stgcn","1802","1.1360"
"stgcn","1803","1.1067"
"stgcn","1804","3.5201"
"stgcn","1805","1.0811"
"stgcn","1806","1.1386"
"stgcn","1807","1.0510"
"stgcn","1808","1.0358"
"stgcn","1809","1.5387"
"stgcn","1810","1.1151"
"stgcn","1811","1.1208"
"stgcn","1812","1.0692"
"stgcn","1813","1.1380"
"stgcn","1814","2.4651"
"stgcn","1815","1.2863"
"stgcn","1816","1.1179"
"stgcn","1817","1.1835"
"stgcn","1818","1.1743"
"stgcn","1819","1.0436"
"stgcn","1820","1.5197"
"stgcn","1821","1.0266"
"stgcn","1822","1.1233"
"stgcn","1823","1.1066"
"stgcn","1824","1.0229"
"stgcn","1825","2.4202"
"stgcn","1826","1.2052"
"stgcn","1827","1.0995"
"stgcn","1828","1.0989"
"stgcn","1829","1.0946"
"stgcn","1830","1.1083"
"stgcn","1831","1.4872"
"stgcn","1832","1.1333"
"stgcn","1833","1.1088"
"stgcn","1834","1.0549"
"stgcn","1835","1.1186"
"stgcn","1836","1.1351"
"stgcn","1837","1.5614"
"stgcn","1838","1.0983"
"stgcn","1839","1.0465"
"stgcn","1840","1.2065"
"stgcn","1841","1.0249"
"stgcn","1842","1.1421"
"stgcn","1843","1.0383"
"stgcn","1844","1.2422"
"stgcn","1845","1.0273"
"stgcn","1846","1.0447"
"stgcn","1847","1.0942"
"stgcn","1848","1.0196"
"stgcn","1849","2.8891"
"stgcn","1850","1.0489"
"stgcn","1851","1.0757"
"stgcn","1852","1.0889"
"stgcn","1853","1.2181"
"stgcn","1854","1.1538"
"stgcn","1855","1.0187"
"stgcn","1856","1.0398"
"stgcn","1857","1.0401"
"stgcn","1858","1.0868"
"stgcn","1859","1.1041"
"stgcn","1860","1.0089"
"stgcn","1861","2.6706"
"stgcn","1862","1.1654"
"stgcn","1863","1.2933"
"stgcn","1864","1.1137"
"stgcn","1865","1.2822"
"stgcn","1866","1.8172"
"stgcn","1867","1.2102"
"stgcn","1868","1.0648"
"stgcn","1869","1.1375"
"stgcn","1870","1.1357"
"stgcn","1871","2.8254"
"stgcn","1872","1.1264"
"stgcn","1873","1.0004"
"stgcn","1874","1.1574"
"stgcn","1875","1.1437"
"stgcn","1876","1.2310"
"stgcn","1877","1.0429"
"stgcn","1878","1.3462"
"stgcn","1879","1.0932"
"stgcn","1880","1.1318"
"stgcn","1881","1.0909"
"stgcn","1882","2.5802"
"stgcn","1883","1.1972"
"stgcn","1884","1.1212"
"stgcn","1885","1.0408"
"stgcn","1886","1.1142"
"stgcn","1887","1.1169"
"stgcn","1888","1.4499"
"stgcn","1889","1.0370"
"stgcn","1890","1.2255"
"stgcn","1891","1.0907"
"stgcn","1892","1.0296"
"stgcn","1893","1.0991"
"stgcn","1894","1.9876"
"stgcn","1895","1.1194"
"stgcn","1896","1.0214"
"stgcn","1897","0.9865"
"stgcn","1898","1.1252"
"stgcn","1899","1.0198"
"stgcn","1900","1.4873"
"stgcn","1901","1.1944"
"stgcn","1902","1.0646"
"stgcn","1903","1.2907"
"stgcn","1904","1.1129"
"stgcn","1905","2.3873"
"stgcn","1906","1.1975"
"stgcn","1907","1.1528"
"stgcn","1908","1.1119"
"stgcn","1909","1.0702"
"stgcn","1910","1.1027"
"stgcn","1911","1.4792"
"stgcn","1912","1.1156"
"stgcn","1913","1.0612"
"stgcn","1914","1.0448"
"stgcn","1915","1.0718"
"stgcn","1916","2.5345"
"stgcn","1917","1.3136"
"stgcn","1918","1.0353"
"stgcn","1919","1.0329"
"stgcn","1920","1.0311"
"stgcn","1921","1.1147"
"stgcn","1922","1.0768"
"stgcn","1923","1.0994"
"stgcn","1924","1.0655"
"stgcn","1925","1.1047"
"stgcn","1926","1.1179"
"stgcn","1927","1.0193"
"stgcn","1928","1.3544"
"stgcn","1929","1.5603"
"stgcn","1930","1.0741"
"stgcn","1931","1.1618"
"stgcn","1932","1.0768"
"stgcn","1933","1.1555"
"stgcn","1934","1.0548"
"stgcn","1935","1.4149"
"stgcn","1936","1.1166"
"stgcn","1937","1.1051"
"stgcn","1938","0.9811"
"stgcn","1939","1.1637"
"stgcn","1940","2.8123"
"stgcn","1941","1.1855"
"stgcn","1942","1.0969"
"stgcn","1943","1.0715"
"stgcn","1944","1.0631"
"stgcn","1945","1.1071"
"stgcn","1946","1.1004"
"stgcn","1947","1.0216"
"stgcn","1948","1.1304"
"stgcn","1949","1.1080"
"stgcn","1950","1.0959"
"stgcn","1951","1.0950"
"stgcn","1952","1.0554"
"stgcn","1953","1.2556"
"stgcn","1954","1.4170"
"stgcn","1955","1.0963"
"stgcn","1956","1.1011"
"stgcn","1957","1.1464"
"stgcn","1958","1.1488"
"stgcn","1959","1.0907"
"stgcn","1960","1.1009"
"stgcn","1961","1.0963"
"stgcn","1962","1.2352"
"stgcn","1963","1.1037"
"stgcn","1964","1.0999"
"stgcn","1965","1.2979"
"stgcn","1966","1.0578"
"stgcn","1967","1.8059"
"stgcn","1968","1.2245"
"stgcn","1969","1.2798"
"stgcn","1970","1.1099"
"stgcn","1971","1.1537"
"stgcn","1972","1.5197"
"stgcn","1973","1.5708"
"stgcn","1974","3.3974"
"stgcn","1975","1.1458"
"stgcn","1976","1.4459"
"stgcn","1977","2.1298"
"stgcn","1978","1.0991"
"stgcn","1979","1.0410"
"stgcn","1980","1.1561"
"stgcn","1981","1.5843"
"stgcn","1982","1.0829"
"stgcn","1983","1.0892"
"stgcn","1984","1.1288"
"stgcn","1985","1.7735"
"stgcn","1986","1.1704"
"stgcn","1987","1.0490"
"stgcn","1988","1.1223"
"stgcn","1989","1.1200"
"stgcn","1990","1.3340"
"stgcn","1991","1.1441"
"stgcn","1992","1.1893"
"stgcn","1993","1.4979"
"stgcn","1994","1.0501"
"stgcn","1995","1.1061"
"stgcn","1996","2.5170"
"stgcn","1997","1.2605"
"stgcn","1998","1.5140"
"stgcn","1999","1.1867"
"stgcn","2000","1.1735"
"stgcn","2001","1.0720"
"stgcn","2002","1.2417"
"stgcn","2003","1.0694"
"stgcn","2004","1.0296"
"stgcn","2005","1.0884"
"stgcn","2006","1.1692"
"stgcn","2007","2.5427"
"stgcn","2008","1.2113"
"stgcn","2009","1.1117"
"stgcn","2010","1.1199"
"stgcn","2011","1.0529"
"stgcn","2012","1.1138"
"stgcn","2013","1.2388"
"stgcn","2014","1.2462"
"stgcn","2015","1.5820"
"stgcn","2016","1.1728"
"stgcn","2017","2.3272"
"stgcn","2018","1.0792"
"stgcn","2019","1.0550"
"stgcn","2020","1.0491"
"stgcn","2021","1.1650"
"stgcn","2022","1.0960"
"stgcn","2023","1.1062"
"stgcn","2024","1.0275"
"stgcn","2025","1.1901"
"stgcn","2026","1.1580"
"stgcn","2027","1.4005"
"stgcn","2028","1.1501"
"stgcn","2029","1.0833"
"stgcn","2030","1.5412"
"stgcn","2031","1.0709"
"stgcn","2032","1.1425"
"stgcn","2033","1.5782"
"stgcn","2034","1.0511"
"stgcn","2035","1.0621"
"stgcn","2036","1.0315"
"stgcn","2037","1.1619"
"stgcn","2038","1.0286"
"stgcn","2039","1.5698"
"stgcn","2040","1.2431"
"stgcn","2041","2.2161"
"stgcn","2042","1.0871"
"stgcn","2043","1.0962"
"stgcn","2044","1.1634"
"stgcn","2045","1.0571"
"stgcn","2046","1.0765"
"stgcn","2047","1.1024"
"stgcn","2048","1.0354"
"stgcn","2049","1.0426"
"stgcn","2050","1.0761"
"stgcn","2051","0.9713"
"stgcn","2052","0.9918"
"stgcn","2053","1.8190"
"stgcn","2054","1.2625"
"stgcn","2055","1.1196"
"stgcn","2056","1.1535"
"stgcn","2057","1.0956"
"stgcn","2058","1.1166"
"stgcn","2059","1.0598"
"stgcn","2060","1.1800"
"stgcn","2061","1.1187"
"stgcn","2062","1.0809"
"stgcn","2063","1.0587"
"stgcn","2064","1.4866"
"stgcn","2065","1.0908"
"stgcn","2066","1.2134"
"stgcn","2067","1.2879"
"stgcn","2068","1.1921"
"stgcn","2069","1.0429"
"stgcn","2070","1.1496"
"stgcn","2071","1.0433"
"stgcn","2072","1.0170"
"stgcn","2073","1.0889"
"stgcn","2074","1.0729"
"stgcn","2075","1.1665"
"stgcn","2076","1.0988"
"stgcn","2077","2.6532"
"stgcn","2078","1.2049"
"stgcn","2079","1.2057"
"stgcn","2080","1.1644"
"stgcn","2081","1.0921"
"stgcn","2082","1.1724"
"stgcn","2083","1.1474"
"stgcn","2084","1.1051"
"stgcn","2085","1.0930"
"stgcn","2086","1.0893"
"stgcn","2087","1.1643"
"stgcn","2088","1.4933"
"stgcn","2089","2.0299"
"stgcn","2090","1.1017"
"stgcn","2091","1.1300"
"stgcn","2092","1.1882"
"stgcn","2093","1.1581"
"stgcn","2094","1.5381"
"stgcn","2095","1.0895"
"stgcn","2096","1.1137"
"stgcn","2097","1.1175"
"stgcn","2098","1.0379"
"stgcn","2099","1.0707"
"stgcn","2100","1.5119"
"stgcn","2101","1.1702"
"stgcn","2102","1.0882"
"stgcn","2103","1.1930"
"stgcn","2104","1.0723"
"stgcn","2105","1.1317"
"stgcn","2106","1.2000"
"stgcn","2107","1.2453"
"stgcn","2108","1.0462"
"stgcn","2109","1.1491"
"stgcn","2110","1.0789"
"stgcn","2111","1.1071"
"stgcn","2112","1.0532"
"stgcn","2113","1.1498"
"stgcn","2114","1.1261"
"stgcn","2115","1.0789"
"stgcn","2116","1.0778"
"stgcn","2117","1.0291"
"stgcn","2118","0.9983"
"stgcn","2119","1.1821"
"stgcn","2120","1.6112"
"stgcn","2121","1.1537"
"stgcn","2122","1.0160"
"stgcn","2123","1.1503"
"stgcn","2124","2.5712"
"stgcn","2125","1.0178"
"stgcn","2126","1.1752"
"stgcn","2127","1.9708"
"stgcn","2128","1.0554"
"stgcn","2129","1.1441"
"stgcn","2130","1.1546"
"stgcn","2131","1.1208"
"stgcn","2132","1.1987"
"stgcn","2133","1.1630"
"stgcn","2134","1.0465"
"stgcn","2135","2.5585"
"stgcn","2136","1.6693"
"stgcn","2137","1.1777"
"stgcn","2138","1.1412"
"stgcn","2139","1.0215"
"stgcn","2140","1.1237"
"stgcn","2141","1.1496"
"stgcn","2142","1.5603"
"stgcn","2143","1.0525"
"stgcn","2144","1.0536"
"stgcn","2145","1.1142"
"stgcn","2146","3.1505"
"stgcn","2147","1.3086"
"stgcn","2148","1.1258"
"stgcn","2149","1.0367"
"stgcn","2150","1.1386"
"stgcn","2151","1.0725"
"stgcn","2152","1.1096"
"stgcn","2153","1.1426"
"stgcn","2154","1.3519"
"stgcn","2155","1.0836"
"stgcn","2156","1.0963"
"stgcn","2157","1.0662"
"stgcn","2158","1.1007"
"stgcn","2159","1.0613"
"stgcn","2160","1.1343"
"stgcn","2161","1.0275"
"stgcn","2162","1.0955"
"stgcn","2163","1.0175"
"stgcn","2164","1.1112"
"stgcn","2165","1.1070"
"stgcn","2166","1.5405"
"stgcn","2167","1.2371"
"stgcn","2168","1.0842"
"stgcn","2169","2.7063"
"stgcn","2170","1.0502"
"stgcn","2171","1.5002"
"stgcn","2172","1.1207"
"stgcn","2173","1.0714"
"stgcn","2174","1.0904"
"stgcn","2175","1.1850"
"stgcn","2176","1.1397"
"stgcn","2177","1.5374"
"stgcn","2178","1.1537"
"stgcn","2179","3.0144"
"stgcn","2180","1.1384"
"stgcn","2181","1.1350"
"stgcn","2182","1.0249"
"stgcn","2183","1.1229"
"stgcn","2184","1.0112"
"stgcn","2185","1.1396"
"stgcn","2186","1.0359"
"stgcn","2187","1.0346"
"stgcn","2188","1.1049"
"stgcn","2189","1.5151"
"stgcn","2190","1.0815"
"stgcn","2191","2.5986"
"stgcn","2192","1.0681"
"stgcn","2193","1.1589"
"stgcn","2194","1.4637"
"stgcn","2195","1.1775"
"stgcn","2196","1.0506"
"stgcn","2197","1.1485"
"stgcn","2198","1.0830"
"stgcn","2199","1.1196"
"stgcn","2200","1.2137"
"stgcn","2201","1.1679"
"stgcn","2202","2.6669"
"stgcn","2203","1.1266"
"stgcn","2204","1.0751"
"stgcn","2205","1.4417"
"stgcn","2206","1.1726"
"stgcn","2207","1.0889"
"stgcn","2208","1.0604"
"stgcn","2209","1.1569"
"stgcn","2210","1.0776"
"stgcn","2211","1.0188"
"stgcn","2212","2.8379"
"stgcn","2213","1.2031"
"stgcn","2214","1.1378"
"stgcn","2215","1.2092"
"stgcn","2216","1.1317"
"stgcn","2217","1.5532"
"stgcn","2218","1.1094"
"stgcn","2219","1.1242"
"stgcn","2220","1.1548"
"stgcn","2221","1.0633"
"stgcn","2222","1.0570"
"stgcn","2223","1.5078"
"stgcn","2224","1.4064"
"stgcn","2225","1.0766"
"stgcn","2226","1.0800"
"stgcn","2227","1.0691"
"stgcn","2228","1.2764"
"stgcn","2229","1.1598"
"stgcn","2230","1.2465"
"stgcn","2231","1.1477"
"stgcn","2232","1.1027"
"stgcn","2233","1.0884"
"stgcn","2234","1.0528"
"stgcn","2235","1.0770"
"stgcn","2236","1.6552"
"stgcn","2237","1.1722"
"stgcn","2238","1.0292"
"stgcn","2239","1.0974"
"stgcn","2240","1.1866"
"stgcn","2241","1.1161"
"stgcn","2242","1.6193"
"stgcn","2243","1.0905"
"stgcn","2244","1.0969"
"stgcn","2245","1.0745"
"stgcn","2246","1.0157"
"stgcn","2247","2.3386"
"stgcn","2248","1.1530"
"stgcn","2249","1.0403"
"stgcn","2250","1.1154"
"stgcn","2251","1.0623"
"stgcn","2252","1.0240"
"stgcn","2253","1.0291"
"stgcn","2254","1.5307"
"stgcn","2255","1.1244"
"stgcn","2256","1.2302"
"stgcn","2257","1.2290"
"stgcn","2258","1.0906"
"stgcn","2259","1.0589"
"stgcn","2260","1.6458"
"stgcn","2261","1.0961"
"stgcn","2262","1.0559"
"stgcn","2263","1.0089"
"stgcn","2264","1.0932"
"stgcn","2265","1.1134"
"stgcn","2266","1.0652"
"stgcn","2267","1.0577"
"stgcn","2268","1.0749"
"stgcn","2269","1.2470"
"stgcn","2270","1.0286"
"stgcn","2271","2.7106"
"stgcn","2272","1.2941"
"stgcn","2273","1.1394"
"stgcn","2274","1.0396"
"stgcn","2275","1.1615"
"stgcn","2276","1.2082"
"stgcn","2277","1.5058"
"stgcn","2278","1.1229"
"stgcn","2279","1.0866"
"stgcn","2280","1.1880"
"stgcn","2281","1.1118"
"stgcn","2282","1.8811"
"stgcn","2283","1.0947"
"stgcn","2284","1.0948"
"stgcn","2285","1.0729"
"stgcn","2286","1.1129"
"stgcn","2287","1.0525"
"stgcn","2288","1.1290"
"stgcn","2289","1.5183"
"stgcn","2290","1.0390"
"stgcn","2291","1.1164"
"stgcn","2292","1.1018"
"stgcn","2293","1.4993"
"stgcn","2294","2.4701"
"stgcn","2295","1.0568"
"stgcn","2296","1.1945"
"stgcn","2297","1.1977"
"stgcn","2298","1.1570"
"stgcn","2299","1.1483"
"stgcn","2300","1.1587"
"stgcn","2301","1.1491"
"stgcn","2302","1.1698"
"stgcn","2303","1.0866"
"stgcn","2304","1.0812"
"stgcn","2305","1.1167"
"stgcn","2306","1.5625"
"stgcn","2307","1.0776"
"stgcn","2308","1.1249"
"stgcn","2309","1.1523"
"stgcn","2310","1.1195"
"stgcn","2311","1.1411"
"stgcn","2312","1.1160"
"stgcn","2313","1.5249"
"stgcn","2314","1.0972"
"stgcn","2315","1.0008"
"stgcn","2316","1.0887"
"stgcn","2317","2.3521"
"stgcn","2318","1.6235"
"stgcn","2319","1.2310"
"stgcn","2320","1.1932"
"stgcn","2321","1.2244"
"stgcn","2322","1.1737"
"stgcn","2323","1.5827"
"stgcn","2324","1.1809"
"stgcn","2325","1.1057"
"stgcn","2326","1.0566"
"stgcn","2327","1.1858"
"stgcn","2328","1.2858"
"stgcn","2329","1.1099"
"stgcn","2330","1.1471"
"stgcn","2331","1.0872"
"stgcn","2332","1.1999"
"stgcn","2333","1.1625"
"stgcn","2334","1.0423"
"stgcn","2335","1.4605"
"stgcn","2336","1.1938"
"stgcn","2337","1.1286"
"stgcn","2338","1.0689"
"stgcn","2339","1.0869"
"stgcn","2340","2.6528"
"stgcn","2341","1.0509"
"stgcn","2342","1.1344"
"stgcn","2343","1.0205"
"stgcn","2344","1.1661"
"stgcn","2345","1.1325"
"stgcn","2346","1.2838"
"stgcn","2347","1.3772"
"stgcn","2348","1.2882"
"stgcn","2349","1.4136"
"stgcn","2350","1.1239"
"stgcn","2351","1.2117"
"stgcn","2352","1.0545"
"stgcn","2353","1.0698"
"stgcn","2354","1.0335"
"stgcn","2355","1.0270"
"stgcn","2356","1.0168"
"stgcn","2357","1.0568"
"stgcn","2358","1.1331"
"stgcn","2359","1.0933"
"stgcn","2360","1.0635"
"stgcn","2361","1.0920"
"stgcn","2362","1.1635"
"stgcn","2363","2.2482"
"stgcn","2364","1.6227"
"stgcn","2365","1.2097"
"stgcn","2366","1.0287"
"stgcn","2367","1.1389"
"stgcn","2368","1.2859"
"stgcn","2369","1.0735"
"stgcn","2370","1.0206"
"stgcn","2371","1.2017"
"stgcn","2372","1.1349"
"stgcn","2373","1.0246"
"stgcn","2374","1.1273"
"stgcn","2375","2.4525"
"stgcn","2376","1.0721"
"stgcn","2377","1.0680"
"stgcn","2378","1.1515"
"stgcn","2379","1.0405"
"stgcn","2380","1.0141"
"stgcn","2381","1.0464"
"stgcn","2382","1.1391"
"stgcn","2383","1.1436"
"stgcn","2384","1.2551"
"stgcn","2385","1.1523"
"stgcn","2386","2.5791"
"stgcn","2387","1.0817"
"stgcn","2388","1.1048"
"stgcn","2389","1.0560"
"stgcn","2390","1.0509"
"stgcn","2391","1.0978"
"stgcn","2392","1.0431"
"stgcn","2393","1.0730"
"stgcn","2394","1.1304"
"stgcn","2395","1.1276"
"stgcn","2396","1.1920"
"stgcn","2397","1.2374"
"stgcn","2398","2.5366"
"stgcn","2399","1.1816"
"stgcn","2400","1.1472"
"stgcn","2401","1.0813"
"stgcn","2402","1.1455"
"stgcn","2403","1.0998"
"stgcn","2404","1.3800"
"stgcn","2405","1.0654"
"stgcn","2406","1.1466"
"stgcn","2407","1.1514"
"stgcn","2408","1.1353"
"stgcn","2409","1.2336"
"stgcn","2410","1.3955"
"stgcn","2411","1.1195"
"stgcn","2412","1.0103"
"stgcn","2413","1.0214"
"stgcn","2414","1.0349"
"stgcn","2415","1.0312"
"stgcn","2416","1.0538"
"stgcn","2417","1.3109"
"stgcn","2418","1.0255"
"stgcn","2419","1.0129"
"stgcn","2420","1.0831"
"stgcn","2421","1.1501"
"stgcn","2422","2.7866"
"stgcn","2423","1.1375"
"stgcn","2424","1.1630"
"stgcn","2425","1.1220"
"stgcn","2426","1.0583"
"stgcn","2427","1.1233"
"stgcn","2428","1.1187"
"stgcn","2429","1.0957"
"stgcn","2430","0.9949"
"stgcn","2431","1.0698"
"stgcn","2432","1.1352"
"stgcn","2433","1.9891"
"stgcn","2434","1.0965"
"stgcn","2435","1.1287"
"stgcn","2436","1.2209"
"stgcn","2437","1.1573"
"stgcn","2438","1.0520"
"stgcn","2439","1.5427"
"stgcn","2440","1.1098"
"stgcn","2441","1.0698"
"stgcn","2442","1.0916"
"stgcn","2443","1.0776"
"stgcn","2444","1.0019"
"stgcn","2445","3.2148"
"stgcn","2446","1.1401"
"stgcn","2447","1.1958"
"stgcn","2448","1.0694"
"stgcn","2449","1.1330"
"stgcn","2450","1.7406"
"stgcn","2451","1.2100"
"stgcn","2452","1.0627"
"stgcn","2453","1.0498"
"stgcn","2454","1.1612"
"stgcn","2455","1.0551"
"stgcn","2456","1.1864"
"stgcn","2457","1.1478"
"stgcn","2458","1.0696"
"stgcn","2459","1.1652"
"stgcn","2460","1.2342"
"stgcn","2461","1.2906"
"stgcn","2462","1.3229"
"stgcn","2463","1.1147"
"stgcn","2464","1.1115"
"stgcn","2465","1.0927"
"stgcn","2466","1.0840"
"stgcn","2467","2.9884"
"stgcn","2468","1.0675"
"stgcn","2469","1.2640"
"stgcn","2470","1.1018"
"stgcn","2471","1.0612"
"stgcn","2472","1.1167"
"stgcn","2473","1.3358"
"stgcn","2474","1.1504"
"stgcn","2475","1.1525"
"stgcn","2476","1.0519"
"stgcn","2477","1.0103"
"stgcn","2478","2.6436"
"stgcn","2479","1.0975"
"stgcn","2480","1.0093"
"stgcn","2481","1.0260"
"stgcn","2482","1.0013"
"stgcn","2483","1.1595"
"stgcn","2484","1.4304"
"stgcn","2485","0.9945"
"stgcn","2486","1.1369"
"stgcn","2487","1.1178"
"stgcn","2488","1.0672"
"stgcn","2489","1.1070"
"stgcn","2490","1.4092"
"stgcn","2491","1.0380"
"stgcn","2492","1.0127"
"stgcn","2493","0.9868"
"stgcn","2494","1.0966"
"stgcn","2495","1.0202"
"stgcn","2496","1.5103"
"stgcn","2497","1.0682"
"stgcn","2498","0.9948"
"stgcn","2499","1.0104"
"stgcn","2500","0.9917"
"stgcn","2501","1.4722"
"stgcn","2502","1.5174"
"stgcn","2503","1.2955"
"stgcn","2504","1.2512"
"stgcn","2505","0.9789"
"stgcn","2506","1.0865"
"stgcn","2507","1.1085"
"stgcn","2508","1.1100"
"stgcn","2509","1.1487"
"stgcn","2510","1.0167"
"stgcn","2511","1.0264"
"stgcn","2512","0.9898"
"stgcn","2513","0.9935"
"stgcn","2514","1.0107"
"stgcn","2515","2.7807"
"stgcn","2516","1.1140"
"stgcn","2517","1.1008"
"stgcn","2518","1.0885"
"stgcn","2519","1.1535"
"stgcn","2520","1.4935"
"stgcn","2521","1.2133"
"stgcn","2522","1.1462"
"stgcn","2523","1.0889"
"stgcn","2524","1.1326"
"stgcn","2525","1.5466"
"stgcn","2526","1.4129"
"stgcn","2527","2.2402"
"stgcn","2528","1.1449"
"stgcn","2529","1.0480"
"stgcn","2530","1.5154"
"stgcn","2531","1.1529"
"stgcn","2532","1.3967"
"stgcn","2533","1.1272"
"stgcn","2534","1.0688"
"stgcn","2535","1.0890"
"stgcn","2536","1.5377"
"stgcn","2537","2.3274"
"stgcn","2538","1.4708"
"stgcn","2539","1.1108"
"stgcn","2540","1.5511"
"stgcn","2541","1.3641"
"stgcn","2542","1.0901"
"stgcn","2543","1.0819"
"stgcn","2544","1.2228"
"stgcn","2545","1.1818"
"stgcn","2546","1.4850"
"stgcn","2547","2.5223"
"stgcn","2548","1.0628"
"stgcn","2549","1.2348"
"stgcn","2550","1.1911"
"stgcn","2551","1.1747"
"stgcn","2552","1.1462"
"stgcn","2553","1.1021"
"stgcn","2554","1.0809"
"stgcn","2555","1.2539"
"stgcn","2556","1.1376"
"stgcn","2557","1.5333"
"stgcn","2558","1.2743"
"stgcn","2559","1.4754"
"stgcn","2560","1.1708"
"stgcn","2561","1.1457"
"stgcn","2562","1.4749"
"stgcn","2563","1.1690"
"stgcn","2564","1.1022"
"stgcn","2565","1.2322"
"stgcn","2566","1.1280"
"stgcn","2567","1.2477"
"stgcn","2568","1.1271"
"stgcn","2569","1.1502"
"stgcn","2570","1.2144"
"stgcn","2571","1.4259"
"stgcn","2572","1.1265"
"stgcn","2573","3.4260"
"stgcn","2574","1.3832"
"stgcn","2575","1.0224"
"stgcn","2576","1.3199"
"stgcn","2577","1.2658"
"stgcn","2578","1.0538"
"stgcn","2579","3.5422"
"stgcn","2580","1.1457"
"stgcn","2581","1.1807"
"stgcn","2582","1.1242"
"stgcn","2583","1.3054"
"stgcn","2584","1.0885"
"stgcn","2585","1.0223"
"stgcn","2586","1.1614"
"stgcn","2587","1.1080"
"stgcn","2588","1.1442"
"stgcn","2589","2.6816"
"stgcn","2590","1.1866"
"stgcn","2591","1.0613"
"stgcn","2592","1.1361"
"stgcn","2593","1.1269"
"stgcn","2594","1.3047"
"stgcn","2595","1.0589"
"stgcn","2596","1.1428"
"stgcn","2597","1.0899"
"stgcn","2598","1.0806"
"stgcn","2599","1.4619"
"stgcn","2600","2.8504"
"stgcn","2601","1.0691"
"stgcn","2602","1.0688"
"stgcn","2603","1.0408"
"stgcn","2604","1.5587"
"stgcn","2605","1.2279"
"stgcn","2606","1.0997"
"stgcn","2607","1.1967"
"stgcn","2608","1.1812"
"stgcn","2609","1.1157"
"stgcn","2610","1.0639"
"stgcn","2611","1.2297"
"stgcn","2612","1.3615"
"stgcn","2613","1.1044"
"stgcn","2614","1.1257"
"stgcn","2615","1.0656"
"stgcn","2616","1.0077"
"stgcn","2617","1.1367"
"stgcn","2618","1.0695"
"stgcn","2619","1.0331"
"stgcn","2620","1.0810"
"stgcn","2621","1.2083"
"stgcn","2622","1.3558"
"stgcn","2623","2.7373"
"stgcn","2624","1.0677"
"stgcn","2625","1.1574"
"stgcn","2626","1.6290"
"stgcn","2627","1.0503"
"stgcn","2628","1.0955"
"stgcn","2629","1.0513"
"stgcn","2630","1.1116"
"stgcn","2631","1.0344"
"stgcn","2632","1.1153"
"stgcn","2633","1.6475"
"stgcn","2634","1.1062"
"stgcn","2635","1.4330"
"stgcn","2636","1.2586"
"stgcn","2637","1.1510"
"stgcn","2638","1.5203"
"stgcn","2639","1.0499"
"stgcn","2640","1.4623"
"stgcn","2641","1.0490"
"stgcn","2642","1.0176"
"stgcn","2643","1.0912"
"stgcn","2644","1.4526"
"stgcn","2645","2.9583"
"stgcn","2646","1.1998"
"stgcn","2647","1.0080"
"stgcn","2648","1.5655"
"stgcn","2649","1.1602"
"stgcn","2650","1.0331"
"stgcn","2651","1.0586"
"stgcn","2652","1.0675"
"stgcn","2653","1.0535"
"stgcn","2654","1.4948"
"stgcn","2655","4.6652"
"stgcn","2656","1.1853"
"stgcn","2657","1.1327"
"stgcn","2658","1.0989"
"stgcn","2659","1.1415"
"stgcn","2660","1.1735"
"stgcn","2661","1.1447"
"stgcn","2662","1.1059"
"stgcn","2663","1.1504"
"stgcn","2664","1.0999"
"stgcn","2665","1.2034"
"stgcn","2666","1.2903"
"stgcn","2667","1.4855"
"stgcn","2668","1.2493"
"stgcn","2669","1.0771"
"stgcn","2670","1.1320"
"stgcn","2671","1.2321"
"stgcn","2672","1.0866"
"stgcn","2673","1.0982"
"stgcn","2674","1.2235"
"stgcn","2675","1.4889"
"stgcn","2676","1.1348"
"stgcn","2677","1.1135"
"stgcn","2678","1.2778"
"stgcn","2679","1.2766"
"stgcn","2680","1.1745"
"stgcn","2681","1.9133"
"stgcn","2682","1.0397"
"stgcn","2683","1.1357"
"stgcn","2684","1.0487"
"stgcn","2685","1.0672"
"stgcn","2686","1.0887"
"stgcn","2687","1.5642"
"stgcn","2688","2.4923"
"stgcn","2689","1.2049"
"stgcn","2690","1.1796"
"stgcn","2691","1.0534"
"stgcn","2692","1.1724"
"stgcn","2693","1.0875"
"stgcn","2694","1.1294"
"stgcn","2695","1.1573"
"stgcn","2696","1.1143"
"stgcn","2697","1.0644"
"stgcn","2698","1.0238"
"stgcn","2699","1.1441"
"stgcn","2700","1.0390"
"stgcn","2701","1.2108"
"stgcn","2702","1.0724"
"stgcn","2703","1.0429"
"stgcn","2704","1.1289"
"stgcn","2705","1.0307"
"stgcn","2706","1.1140"
"stgcn","2707","1.1145"
"stgcn","2708","1.0505"
"stgcn","2709","1.0266"
"stgcn","2710","1.1376"
"stgcn","2711","0.9999"
"stgcn","2712","1.0981"
"stgcn","2713","2.5270"
"stgcn","2714","1.0221"
"stgcn","2715","1.1559"
"stgcn","2716","1.1092"
"stgcn","2717","1.1846"
"stgcn","2718","1.0367"
"stgcn","2719","0.9923"
"stgcn","2720","1.0877"
"stgcn","2721","1.2247"
"stgcn","2722","1.1021"
"stgcn","2723","1.0413"
"stgcn","2724","1.0509"
"stgcn","2725","2.3791"
"stgcn","2726","1.1368"
"stgcn","2727","1.5869"
"stgcn","2728","1.1855"
"stgcn","2729","1.0553"
"stgcn","2730","1.0340"
"stgcn","2731","1.0906"
"stgcn","2732","1.2385"
"stgcn","2733","1.1334"
"stgcn","2734","1.2199"
"stgcn","2735","1.1841"
"stgcn","2736","1.0837"
"stgcn","2737","1.6032"
"stgcn","2738","1.0673"
"stgcn","2739","1.5713"
"stgcn","2740","1.0724"
"stgcn","2741","1.0662"
"stgcn","2742","1.0656"
"stgcn","2743","1.0472"
"stgcn","2744","1.0969"
"stgcn","2745","1.5722"
"stgcn","2746","1.0989"
"stgcn","2747","1.1634"
"stgcn","2748","2.0762"
"stgcn","2749","1.0817"
"stgcn","2750","1.0501"
"stgcn","2751","1.0469"
"stgcn","2752","1.1711"
"stgcn","2753","1.0940"
"stgcn","2754","1.0599"
"stgcn","2755","1.0478"
"stgcn","2756","1.1779"
"stgcn","2757","1.5436"
"stgcn","2758","1.3501"
"stgcn","2759","2.4684"
"stgcn","2760","1.1962"
"stgcn","2761","1.1167"
"stgcn","2762","1.1808"
"stgcn","2763","1.0775"
"stgcn","2764","1.8017"
"stgcn","2765","1.0326"
"stgcn","2766","1.2496"
"stgcn","2767","1.0388"
"stgcn","2768","1.0867"
"stgcn","2769","1.0711"
"stgcn","2770","1.1457"
"stgcn","2771","1.1545"
"stgcn","2772","1.1097"
"stgcn","2773","1.6021"
"stgcn","2774","1.1189"
"stgcn","2775","1.1080"
"stgcn","2776","1.1144"
"stgcn","2777","1.2061"
"stgcn","2778","1.0326"
"stgcn","2779","1.4782"
"stgcn","2780","1.1674"
"stgcn","2781","1.1335"
"stgcn","2782","2.4288"
"stgcn","2783","1.0905"
"stgcn","2784","1.5151"
"stgcn","2785","1.0602"
"stgcn","2786","1.1550"
"stgcn","2787","1.0959"
"stgcn","2788","1.0192"
"stgcn","2789","1.0752"
"stgcn","2790","1.4124"
"stgcn","2791","1.1038"
"stgcn","2792","1.0852"
"stgcn","2793","2.3817"
"stgcn","2794","1.1498"
"stgcn","2795","1.1299"
"stgcn","2796","1.1661"
"stgcn","2797","1.0546"
"stgcn","2798","1.1646"
"stgcn","2799","1.0678"
"stgcn","2800","1.1166"
"stgcn","2801","1.0988"
"stgcn","2802","1.1320"
"stgcn","2803","1.1017"
"stgcn","2804","1.0876"
"stgcn","2805","2.0062"
"stgcn","2806","1.1352"
"stgcn","2807","1.5660"
"stgcn","2808","1.1056"
"stgcn","2809","1.0334"
"stgcn","2810","1.0593"
"stgcn","2811","1.1133"
"stgcn","2812","1.0700"
"stgcn","2813","1.0713"
"stgcn","2814","1.1230"
"stgcn","2815","1.1011"
"stgcn","2816","2.3535"
"stgcn","2817","1.1340"
"stgcn","2818","1.1840"
"stgcn","2819","1.2107"
"stgcn","2820","1.0426"
"stgcn","2821","1.1215"
"stgcn","2822","1.0511"
"stgcn","2823","1.1617"
"stgcn","2824","1.4996"
"stgcn","2825","1.1373"
"stgcn","2826","1.0659"
"stgcn","2827","1.0264"
"stgcn","2828","2.1079"
"stgcn","2829","1.5415"
"stgcn","2830","1.1473"
"stgcn","2831","1.0177"
"stgcn","2832","1.0193"
"stgcn","2833","1.0630"
"stgcn","2834","1.2678"
"stgcn","2835","1.0291"
"stgcn","2836","1.0421"
"stgcn","2837","1.1003"
"stgcn","2838","1.0854"
"stgcn","2839","2.4826"
"stgcn","2840","1.0359"
"stgcn","2841","1.1105"
"stgcn","2842","1.1593"
"stgcn","2843","1.0315"
"stgcn","2844","1.1300"
"stgcn","2845","1.0932"
"stgcn","2846","1.0889"
"stgcn","2847","1.2543"
"stgcn","2848","1.0110"
"stgcn","2849","1.1084"
"stgcn","2850","1.1033"
"stgcn","2851","2.7870"
"stgcn","2852","1.1873"
"stgcn","2853","1.1589"
"stgcn","2854","1.0776"
"stgcn","2855","1.1165"
"stgcn","2856","1.0958"
"stgcn","2857","1.1537"
"stgcn","2858","1.4364"
"stgcn","2859","1.1879"
"stgcn","2860","1.0718"
"stgcn","2861","1.0145"
"stgcn","2862","2.3694"
"stgcn","2863","1.0473"
"stgcn","2864","1.1875"
"stgcn","2865","1.0507"
"stgcn","2866","1.0217"
"stgcn","2867","1.0889"
"stgcn","2868","1.0260"
"stgcn","2869","1.1498"
"stgcn","2870","1.4719"
"stgcn","2871","1.1406"
"stgcn","2872","1.1712"
"stgcn","2873","1.1351"
"stgcn","2874","1.1348"
"stgcn","2875","1.2242"
"stgcn","2876","1.1895"
"stgcn","2877","1.1959"
"stgcn","2878","1.1276"
"stgcn","2879","1.0685"
"stgcn","2880","1.1355"
"stgcn","2881","1.0652"
"stgcn","2882","1.1180"
"stgcn","2883","1.2571"
"stgcn","2884","1.0473"
"stgcn","2885","1.1391"
"stgcn","2886","2.6572"
"stgcn","2887","1.5726"
"stgcn","2888","1.1668"
"stgcn","2889","1.1409"
"stgcn","2890","1.0437"
"stgcn","2891","1.1070"
"stgcn","2892","1.0286"
"stgcn","2893","1.0343"
"stgcn","2894","1.1153"
"stgcn","2895","1.0883"
"stgcn","2896","1.0816"
"stgcn","2897","1.2452"
"stgcn","2898","1.2263"
"stgcn","2899","1.7470"
"stgcn","2900","1.1757"
"stgcn","2901","1.2236"
"stgcn","2902","1.1092"
"stgcn","2903","1.1637"
"stgcn","2904","1.0966"
"stgcn","2905","1.1135"
"stgcn","2906","1.1610"
"stgcn","2907","1.1756"
"stgcn","2908","1.0686"
"stgcn","2909","2.3378"
"stgcn","2910","1.2001"
"stgcn","2911","1.2298"
"stgcn","2912","1.0485"
"stgcn","2913","1.1630"
"stgcn","2914","1.0812"
"stgcn","2915","1.1328"
"stgcn","2916","1.0349"
"stgcn","2917","1.1525"
"stgcn","2918","1.0326"
"stgcn","2919","1.0041"
"stgcn","2920","1.1744"
"stgcn","2921","1.0764"
"stgcn","2922","1.3139"
"stgcn","2923","1.3160"
"stgcn","2924","1.1843"
"stgcn","2925","1.0431"
"stgcn","2926","1.1183"
"stgcn","2927","2.1360"
"stgcn","2928","1.0877"
"stgcn","2929","1.2189"
"stgcn","2930","1.0631"
"stgcn","2931","1.1036"
"stgcn","2932","2.3280"
"stgcn","2933","1.0941"
"stgcn","2934","1.1625"
"stgcn","2935","1.2183"
"stgcn","2936","1.0958"
"stgcn","2937","1.0597"
"stgcn","2938","1.0857"
"stgcn","2939","1.4707"
"stgcn","2940","1.1284"
"stgcn","2941","1.0293"
"stgcn","2942","1.0051"
"stgcn","2943","2.5583"
"stgcn","2944","1.5504"
"stgcn","2945","1.3019"
"stgcn","2946","1.1695"
"stgcn","2947","1.2632"
"stgcn","2948","1.0732"
"stgcn","2949","1.4770"
"stgcn","2950","1.1272"
"stgcn","2951","1.1048"
"stgcn","2952","1.1063"
"stgcn","2953","1.0850"
"stgcn","2954","3.1555"
"stgcn","2955","1.1743"
"stgcn","2956","1.1084"
"stgcn","2957","1.1636"
"stgcn","2958","1.2025"
"stgcn","2959","1.2046"
"stgcn","2960","1.1593"
"stgcn","2961","1.1004"
"stgcn","2962","1.0804"
"stgcn","2963","1.0836"
"stgcn","2964","1.1209"
"stgcn","2965","2.4917"
"stgcn","2966","1.1203"
"stgcn","2967","1.1370"
"stgcn","2968","1.0770"
"stgcn","2969","1.0924"
"stgcn","2970","1.0969"
"stgcn","2971","1.6791"
"stgcn","2972","1.0849"
"stgcn","2973","1.0725"
"stgcn","2974","1.0288"
"stgcn","2975","1.1198"
"stgcn","2976","2.9113"
"stgcn","2977","1.1468"
"stgcn","2978","1.1349"
"stgcn","2979","1.0746"
"stgcn","2980","1.0949"
"stgcn","2981","1.0236"
"stgcn","2982","1.4923"
"stgcn","2983","1.1846"
"stgcn","2984","1.0942"
"stgcn","2985","1.1644"
"stgcn","2986","1.0890"
"stgcn","2987","2.9354"
"stgcn","2988","1.1253"
"stgcn","2989","1.0664"
"stgcn","2990","1.0730"
"stgcn","2991","1.1520"
"stgcn","2992","1.1580"
"stgcn","2993","1.0613"
"stgcn","2994","1.3055"
"stgcn","2995","1.2167"
"stgcn","2996","1.0193"
"stgcn","2997","1.2648"
"stgcn","2998","1.1352"
"stgcn","2999","1.1290"
"stgcn","3000","1.1800"
"stgcn","3001","1.1252"
"stgcn","3002","1.1873"
"stgcn","3003","1.0685"
"stgcn","3004","0.9948"
"stgcn","3005","1.3224"
"stgcn","3006","1.0591"
"stgcn","3007","1.1011"
"stgcn","3008","1.1002"
"stgcn","3009","1.1429"
"stgcn","3010","1.0259"
"stgcn","3011","2.1891"
"stgcn","3012","1.1373"
"stgcn","3013","1.0827"
"stgcn","3014","1.0947"
"stgcn","3015","1.0098"
"stgcn","3016","1.0849"
"stgcn","3017","1.0372"
"stgcn","3018","1.1436"
"stgcn","3019","1.0413"
"stgcn","3020","1.0393"
"stgcn","3021","1.1806"
"stgcn","3022","2.7587"
"stgcn","3023","1.1126"
"stgcn","3024","1.1360"
"stgcn","3025","1.0490"
"stgcn","3026","1.0417"
"stgcn","3027","1.0221"
"stgcn","3028","1.5995"
"stgcn","3029","1.1881"
"stgcn","3030","1.0552"
"stgcn","3031","1.0313"
"stgcn","3032","1.0902"
"stgcn","3033","2.2949"
"stgcn","3034","1.2170"
"stgcn","3035","1.0344"
"stgcn","3036","1.1701"
"stgcn","3037","1.0950"
"stgcn","3038","1.0155"
"stgcn","3039","1.1473"
"stgcn","3040","1.0606"
"stgcn","3041","1.1210"
"stgcn","3042","1.1124"
"stgcn","3043","1.0907"
"stgcn","3044","1.0808"
"stgcn","3045","2.3044"
"stgcn","3046","1.2162"
"stgcn","3047","1.1567"
"stgcn","3048","1.1322"
"stgcn","3049","1.0331"
"stgcn","3050","1.0440"
"stgcn","3051","1.0083"
"stgcn","3052","1.1052"
"stgcn","3053","1.0382"
"stgcn","3054","1.1119"
"stgcn","3055","1.1145"
"stgcn","3056","1.0717"
"stgcn","3057","2.1627"
"stgcn","3058","1.1480"
"stgcn","3059","1.0355"
"stgcn","3060","1.0242"
"stgcn","3061","1.1811"
"stgcn","3062","1.0681"
"stgcn","3063","1.1417"
"stgcn","3064","1.0203"
"stgcn","3065","1.0062"
"stgcn","3066","1.0359"
"stgcn","3067","1.0664"
"stgcn","3068","1.0911"
"stgcn","3069","1.0649"
"stgcn","3070","1.7053"
"stgcn","3071","1.0909"
"stgcn","3072","1.1335"
"stgcn","3073","1.0858"
"stgcn","3074","1.0529"
"stgcn","3075","1.2458"
"stgcn","3076","1.3344"
"stgcn","3077","1.0632"
"stgcn","3078","1.1104"
"stgcn","3079","1.1380"
"stgcn","3080","1.0513"
"stgcn","3081","1.9640"
"stgcn","3082","1.1860"
"stgcn","3083","1.1650"
"stgcn","3084","1.1446"
"stgcn","3085","1.0342"
"stgcn","3086","1.1084"
"stgcn","3087","1.5159"
"stgcn","3088","1.2527"
"stgcn","3089","1.1595"
"stgcn","3090","1.1323"
"stgcn","3091","1.1253"
"stgcn","3092","1.0797"
"stgcn","3093","1.7135"
"stgcn","3094","1.1115"
"stgcn","3095","1.1386"
"stgcn","3096","1.1239"
"stgcn","3097","1.1238"
"stgcn","3098","1.0466"
"stgcn","3099","1.0524"
"stgcn","3100","1.1494"
"stgcn","3101","1.1631"
"stgcn","3102","1.1089"
"stgcn","3103","1.0789"
"stgcn","3104","1.1503"
"stgcn","3105","2.7905"
"stgcn","3106","1.0898"
"stgcn","3107","1.0432"
"stgcn","3108","1.0521"
"stgcn","3109","1.1291"
"stgcn","3110","1.5922"
"stgcn","3111","1.0915"
"stgcn","3112","1.0540"
"stgcn","3113","1.2117"
"stgcn","3114","1.0458"
"stgcn","3115","1.1278"
"stgcn","3116","2.7618"
"stgcn","3117","1.1048"
"stgcn","3118","1.0319"
"stgcn","3119","1.0676"
"stgcn","3120","1.0177"
"stgcn","3121","1.4844"
"stgcn","3122","1.1081"
"stgcn","3123","1.0540"
"stgcn","3124","1.0518"
"stgcn","3125","1.2320"
"stgcn","3126","1.1090"
"stgcn","3127","1.5204"
"stgcn","3128","1.1821"
"stgcn","3129","1.3395"
"stgcn","3130","1.0812"
"stgcn","3131","1.1201"
"stgcn","3132","1.1199"
"stgcn","3133","1.4914"
"stgcn","3134","1.1068"
"stgcn","3135","1.1332"
"stgcn","3136","1.0726"
"stgcn","3137","1.1319"
"stgcn","3138","1.0359"
"stgcn","3139","1.2172"
"stgcn","3140","1.2293"
"stgcn","3141","1.1458"
"stgcn","3142","1.0926"
"stgcn","3143","1.1225"
"stgcn","3144","1.0576"
"stgcn","3145","1.1280"
"stgcn","3146","1.1586"
"stgcn","3147","1.0954"
"stgcn","3148","0.9958"
"stgcn","3149","1.1112"
"stgcn","3150","1.0423"
"stgcn","3151","1.0969"
"stgcn","3152","3.0439"
"stgcn","3153","1.1940"
"stgcn","3154","1.1364"
"stgcn","3155","1.0077"
"stgcn","3156","1.5231"
"stgcn","3157","1.1572"
"stgcn","3158","1.1926"
"stgcn","3159","1.1464"
"stgcn","3160","1.0852"
"stgcn","3161","1.1047"
"stgcn","3162","1.5400"
"stgcn","3163","1.1108"
"stgcn","3164","1.4908"
"stgcn","3165","1.1662"
"stgcn","3166","1.0737"
"stgcn","3167","1.0584"
"stgcn","3168","1.4960"
"stgcn","3169","1.1454"
"stgcn","3170","1.0162"
"stgcn","3171","1.1505"
"stgcn","3172","1.0036"
"stgcn","3173","2.0545"
"stgcn","3174","1.2000"
"stgcn","3175","1.1635"
"stgcn","3176","1.0427"
"stgcn","3177","1.2693"
"stgcn","3178","1.1300"
"stgcn","3179","1.0671"
"stgcn","3180","1.0710"
"stgcn","3181","1.1151"
"stgcn","3182","1.0971"
"stgcn","3183","1.0101"
"stgcn","3184","0.9970"
"stgcn","3185","1.1099"
"stgcn","3186","1.1030"
"stgcn","3187","2.2696"
"stgcn","3188","1.1228"
"stgcn","3189","1.0729"
"stgcn","3190","1.1936"
"stgcn","3191","1.1172"
"stgcn","3192","1.0375"
"stgcn","3193","1.1043"
"stgcn","3194","1.0590"
"stgcn","3195","1.1290"
"stgcn","3196","1.1641"
"stgcn","3197","1.0624"
"stgcn","3198","1.0047"
"stgcn","3199","1.1801"
"stgcn","3200","1.0854"
"stgcn","3201","1.1158"
"stgcn","3202","1.1817"
"stgcn","3203","1.1565"
"stgcn","3204","1.0740"
"stgcn","3205","1.1322"
"stgcn","3206","1.0436"
"stgcn","3207","1.0584"
"stgcn","3208","1.0542"
"stgcn","3209","1.1298"
"stgcn","3210","1.1467"
"stgcn","3211","1.0167"
"stgcn","3212","1.2198"
"stgcn","3213","1.2082"
"stgcn","3214","1.0784"
"stgcn","3215","1.0373"
"stgcn","3216","1.0321"
"stgcn","3217","1.2023"
"stgcn","3218","1.0582"
"stgcn","3219","1.2670"
"stgcn","3220","1.2410"
"stgcn","3221","1.3010"
"stgcn","3222","1.4116"
"stgcn","3223","2.7872"
"stgcn","3224","1.2243"
"stgcn","3225","1.1811"
"stgcn","3226","1.4403"
"stgcn","3227","1.1631"
"stgcn","3228","1.3296"
"stgcn","3229","1.1086"
"stgcn","3230","1.2551"
"stgcn","3231","1.2621"
"stgcn","3232","1.1150"
"stgcn","3233","1.1482"
"stgcn","3234","2.7796"
"stgcn","3235","1.3897"
"stgcn","3236","1.3288"
"stgcn","3237","1.4212"
"stgcn","3238","1.5114"
"stgcn","3239","1.3261"
"stgcn","3240","1.4225"
"stgcn","3241","1.4242"
"stgcn","3242","1.2541"
"stgcn","3243","3.2458"
"stgcn","3244","1.5437"
"stgcn","3245","1.2791"
"stgcn","3246","1.3673"
"stgcn","3247","1.3412"
"stgcn","3248","1.3981"
"stgcn","3249","1.3324"
"stgcn","3250","1.1385"
"stgcn","3251","1.1590"
"stgcn","3252","1.6373"
"stgcn","3253","1.3474"
"stgcn","3254","1.3641"
"stgcn","3255","1.0809"
"stgcn","3256","1.1434"
"stgcn","3257","1.0977"
"stgcn","3258","1.1095"
"stgcn","3259","1.0570"
"stgcn","3260","1.0679"
"stgcn","3261","1.1745"
"stgcn","3262","1.1153"
"stgcn","3263","1.0484"
"stgcn","3264","2.9862"
"stgcn","3265","1.1419"
"stgcn","3266","1.1284"
"stgcn","3267","1.0765"
"stgcn","3268","0.9986"
"stgcn","3269","1.0771"
"stgcn","3270","1.0358"
"stgcn","3271","1.0252"
"stgcn","3272","1.0367"
"stgcn","3273","1.1152"
"stgcn","3274","1.0969"
"stgcn","3275","1.1021"
"stgcn","3276","1.2426"
"stgcn","3277","1.3479"
"stgcn","3278","1.2957"
"stgcn","3279","1.1667"
"stgcn","3280","1.0170"
"stgcn","3281","1.0765"
"stgcn","3282","1.2341"
"stgcn","3283","1.0462"
"stgcn","3284","1.0598"
"stgcn","3285","1.1684"
"stgcn","3286","1.1644"
"stgcn","3287","1.1453"
"stgcn","3288","2.9004"
"stgcn","3289","1.2012"
"stgcn","3290","1.1301"
"stgcn","3291","1.0536"
"stgcn","3292","1.0620"
"stgcn","3293","1.1009"
"stgcn","3294","1.0899"
"stgcn","3295","1.0925"
"stgcn","3296","1.0861"
"stgcn","3297","1.1051"
"stgcn","3298","1.0872"
"stgcn","3299","2.8536"
"stgcn","3300","1.1050"
"stgcn","3301","1.1515"
"stgcn","3302","1.0510"
"stgcn","3303","1.0990"
"stgcn","3304","1.0821"
"stgcn","3305","1.0614"
"stgcn","3306","1.0219"
"stgcn","3307","1.0555"
"stgcn","3308","1.0474"
"stgcn","3309","1.1558"
"stgcn","3310","1.1262"
"stgcn","3311","2.5243"
"stgcn","3312","1.1204"
"stgcn","3313","1.1188"
"stgcn","3314","1.2072"
"stgcn","3315","1.1946"
"stgcn","3316","1.0180"
"stgcn","3317","1.0622"
"stgcn","3318","1.1163"
"stgcn","3319","1.1107"
"stgcn","3320","1.0680"
"stgcn","3321","1.2282"
"stgcn","3322","1.0932"
"stgcn","3323","1.2162"
"stgcn","3324","1.1861"
"stgcn","3325","1.1157"
"stgcn","3326","1.1061"
"stgcn","3327","1.1830"
"stgcn","3328","1.0659"
"stgcn","3329","1.1588"
"stgcn","3330","1.0339"
"stgcn","3331","1.0333"
"stgcn","3332","1.0986"
"stgcn","3333","1.0339"
"stgcn","3334","1.1734"
"stgcn","3335","2.3057"
"stgcn","3336","1.1081"
"stgcn","3337","1.0656"
"stgcn","3338","1.0866"
"stgcn","3339","0.9917"
"stgcn","3340","1.1217"
"stgcn","3341","1.0943"
"stgcn","3342","1.1861"
"stgcn","3343","1.2254"
"stgcn","3344","1.1058"
"stgcn","3345","1.1761"
"stgcn","3346","1.0482"
"stgcn","3347","1.0971"
"stgcn","3348","1.1936"
"stgcn","3349","1.2440"
"stgcn","3350","1.1560"
"stgcn","3351","1.1807"
"stgcn","3352","1.1244"
"stgcn","3353","1.1142"
"stgcn","3354","1.0700"
"stgcn","3355","1.0607"
"stgcn","3356","1.1733"
"stgcn","3357","1.1409"
"stgcn","3358","1.0932"
"stgcn","3359","1.1586"
"stgcn","3360","1.1657"
"stgcn","3361","1.1511"
"stgcn","3362","1.2116"
"stgcn","3363","1.1144"
"stgcn","3364","1.0803"
"stgcn","3365","1.0671"
"stgcn","3366","1.0570"
"stgcn","3367","1.0499"
"stgcn","3368","1.1491"
"stgcn","3369","1.1499"
"stgcn","3370","1.2695"
"stgcn","3371","1.0427"
"stgcn","3372","2.1714"
"stgcn","3373","1.0707"
"stgcn","3374","1.0619"
"stgcn","3375","1.0973"
"stgcn","3376","1.1400"
"stgcn","3377","1.0648"
"stgcn","3378","1.0721"
"stgcn","3379","1.1647"
"stgcn","3380","1.0368"
"stgcn","3381","1.0036"
"stgcn","3382","1.0316"
"stgcn","3383","1.1019"
"stgcn","3384","1.3918"
"stgcn","3385","1.6402"
"stgcn","3386","1.1639"
"stgcn","3387","1.1187"
"stgcn","3388","0.9788"
"stgcn","3389","1.0916"
"stgcn","3390","1.1081"
"stgcn","3391","1.0570"
"stgcn","3392","0.9962"
"stgcn","3393","1.2724"
"stgcn","3394","1.1181"
"stgcn","3395","1.0854"
"stgcn","3396","1.0552"
"stgcn","3397","2.5845"
"stgcn","3398","1.1312"
"stgcn","3399","1.0329"
"stgcn","3400","1.1348"
"stgcn","3401","1.1373"
"stgcn","3402","1.1532"
"stgcn","3403","1.1402"
"stgcn","3404","1.1662"
"stgcn","3405","1.0102"
"stgcn","3406","1.1045"
"stgcn","3407","1.2075"
"stgcn","3408","2.0274"
"stgcn","3409","1.5359"
"stgcn","3410","1.5449"
"stgcn","3411","1.0390"
"stgcn","3412","1.2414"
"stgcn","3413","1.1200"
"stgcn","3414","1.0085"
"stgcn","3415","1.0795"
"stgcn","3416","1.5319"
"stgcn","3417","1.0885"
"stgcn","3418","1.0941"
"stgcn","3419","2.5632"
"stgcn","3420","1.2907"
"stgcn","3421","1.2707"
"stgcn","3422","1.1175"
"stgcn","3423","1.1293"
"stgcn","3424","1.1043"
"stgcn","3425","1.1447"
"stgcn","3426","1.1160"
"stgcn","3427","1.1870"
"stgcn","3428","1.1970"
"stgcn","3429","1.1725"
"stgcn","3430","2.4198"
"stgcn","3431","1.1606"
"stgcn","3432","1.3503"
"stgcn","3433","1.1419"
"stgcn","3434","1.1260"
"stgcn","3435","1.1256"
"stgcn","3436","1.1769"
"stgcn","3437","1.1360"
"stgcn","3438","1.0645"
"stgcn","3439","1.0962"
"stgcn","3440","1.0808"
"stgcn","3441","1.1734"
"stgcn","3442","1.2097"
"stgcn","3443","1.1150"
"stgcn","3444","1.1077"
"stgcn","3445","1.1657"
"stgcn","3446","1.3522"
"stgcn","3447","1.1378"
"stgcn","3448","1.1312"
"stgcn","3449","1.0599"
"stgcn","3450","1.0135"
"stgcn","3451","1.0668"
"stgcn","3452","1.1047"
"stgcn","3453","1.0237"
"stgcn","3454","2.2591"
"stgcn","3455","1.1215"
"stgcn","3456","1.4775"
"stgcn","3457","1.1096"
"stgcn","3458","1.4464"
"stgcn","3459","1.0849"
"stgcn","3460","1.1082"
"stgcn","3461","1.5230"
"stgcn","3462","1.1043"
"stgcn","3463","1.1728"
"stgcn","3464","1.0335"
"stgcn","3465","1.1105"
"stgcn","3466","1.1034"
"stgcn","3467","1.5281"
"stgcn","3468","1.1530"
"stgcn","3469","1.1294"
"stgcn","3470","1.1099"
"stgcn","3471","1.2632"
"stgcn","3472","1.0964"
"stgcn","3473","1.5312"
"stgcn","3474","1.0787"
"stgcn","3475","1.1116"
"stgcn","3476","2.3381"
"stgcn","3477","1.0627"
"stgcn","3478","1.6007"
"stgcn","3479","1.1040"
"stgcn","3480","1.0221"
"stgcn","3481","1.1578"
"stgcn","3482","1.0392"
"stgcn","3483","1.1524"
"stgcn","3484","1.2373"
"stgcn","3485","1.1319"
"stgcn","3486","1.2503"
"stgcn","3487","0.9934"
"stgcn","3488","3.3396"
"stgcn","3489","1.1498"
"stgcn","3490","1.0511"
"stgcn","3491","1.0422"
"stgcn","3492","1.0471"
"stgcn","3493","1.4789"
"stgcn","3494","1.2049"
"stgcn","3495","1.4172"
"stgcn","3496","1.1382"
"stgcn","3497","1.0757"
"stgcn","3498","2.2351"
"stgcn","3499","1.1361"
"stgcn","3500","1.1392"
"stgcn","3501","1.0753"
"stgcn","3502","1.0515"
"stgcn","3503","1.0818"
"stgcn","3504","1.0205"
"stgcn","3505","1.0727"
"stgcn","3506","1.1578"
"stgcn","3507","1.1583"
"stgcn","3508","1.2057"
"stgcn","3509","1.1192"
"stgcn","3510","1.1937"
"stgcn","3511","1.0608"
"stgcn","3512","1.5535"
"stgcn","3513","1.0645"
"stgcn","3514","1.0458"
"stgcn","3515","1.1809"
"stgcn","3516","1.0969"
"stgcn","3517","1.0520"
"stgcn","3518","1.5813"
"stgcn","3519","1.1457"
"stgcn","3520","1.0717"
"stgcn","3521","1.2304"
"stgcn","3522","1.1297"
"stgcn","3523","1.0930"
"stgcn","3524","1.5396"
"stgcn","3525","1.1406"
"stgcn","3526","1.1210"
"stgcn","3527","1.1272"
"stgcn","3528","1.1347"
"stgcn","3529","1.0817"
"stgcn","3530","1.4654"
"stgcn","3531","1.0704"
"stgcn","3532","1.1021"
"stgcn","3533","1.1247"
"stgcn","3534","1.1348"
"stgcn","3535","1.8083"
"stgcn","3536","1.0300"
"stgcn","3537","1.1137"
"stgcn","3538","1.1862"
"stgcn","3539","1.0067"
"stgcn","3540","1.1003"
"stgcn","3541","1.0716"
"stgcn","3542","1.5036"
"stgcn","3543","1.0334"
"stgcn","3544","1.0390"
"stgcn","3545","1.0572"
"stgcn","3546","1.1458"
"stgcn","3547","1.2348"
"stgcn","3548","1.8027"
"stgcn","3549","1.0929"
"stgcn","3550","1.1302"
"stgcn","3551","1.0313"
"stgcn","3552","1.0692"
"stgcn","3553","1.5239"
"stgcn","3554","1.2318"
"stgcn","3555","1.0493"
"stgcn","3556","1.0495"
"stgcn","3557","1.0277"
"stgcn","3558","2.3663"
"stgcn","3559","1.3165"
"stgcn","3560","1.0909"
"stgcn","3561","1.3100"
"stgcn","3562","1.1436"
"stgcn","3563","1.0618"
"stgcn","3564","1.0489"
"stgcn","3565","1.1209"
"stgcn","3566","1.1003"
"stgcn","3567","1.1312"
"stgcn","3568","1.0045"
"stgcn","3569","3.3006"
"stgcn","3570","1.3608"
"stgcn","3571","1.0266"
"stgcn","3572","1.2004"
"stgcn","3573","1.6598"
"stgcn","3574","1.1569"
"stgcn","3575","1.4105"
"stgcn","3576","1.2012"
"stgcn","3577","1.7859"
"stgcn","3578","1.9760"
"stgcn","3579","1.6165"
"stgcn","3580","1.1453"
"stgcn","3581","1.1046"
"stgcn","3582","1.2128"
"stgcn","3583","1.0794"
"stgcn","3584","1.1746"
"stgcn","3585","1.1014"
"stgcn","3586","1.1784"
"stgcn","3587","1.1801"
"stgcn","3588","1.2724"
"stgcn","3589","3.3103"
"stgcn","3590","1.4736"
"stgcn","3591","1.6009"
"stgcn","3592","2.2053"
"stgcn","3593","2.3003"
"stgcn","3594","1.1627"
"stgcn","3595","1.1939"
"stgcn","3596","1.0920"
"stgcn","3597","1.1330"
"stgcn","3598","1.0741"
"stgcn","3599","2.5288"
"stgcn","3600","1.1786"
"stgcn","3601","1.1365"
"stgcn","3602","1.1078"
"stgcn","3603","1.0546"
"stgcn","3604","1.6781"
"stgcn","3605","1.1895"
"stgcn","3606","1.1660"
"stgcn","3607","1.1482"
"stgcn","3608","1.1292"
"stgcn","3609","1.0120"
"stgcn","3610","1.1853"
"stgcn","3611","1.1403"
"stgcn","3612","1.0339"
"stgcn","3613","1.1604"
"stgcn","3614","1.1930"
"stgcn","3615","1.0629"
"stgcn","3616","1.1626"
"stgcn","3617","1.0932"
"stgcn","3618","1.1865"
"stgcn","3619","1.0987"
"stgcn","3620","1.2023"
"stgcn","3621","1.0850"
"stgcn","3622","1.1638"
"stgcn","3623","1.0734"
"stgcn","3624","1.0528"
"stgcn","3625","1.0182"
"stgcn","3626","1.0569"
"stgcn","3627","1.1319"
"stgcn","3628","1.1414"
"stgcn","3629","1.1438"
"stgcn","3630","1.0337"
"stgcn","3631","1.1339"
"stgcn","3632","1.2734"
"stgcn","3633","1.0623"
"stgcn","3634","1.1422"
"stgcn","3635","1.4107"
"stgcn","3636","1.0977"
"stgcn","3637","1.0982"
"stgcn","3638","1.0820"
"stgcn","3639","1.1304"
"stgcn","3640","1.0295"
"stgcn","3641","1.1655"
"stgcn","3642","1.0133"
"stgcn","3643","1.1390"
"stgcn","3644","1.0528"
"stgcn","3645","1.2197"
"stgcn","3646","1.3408"
"stgcn","3647","1.7401"
"stgcn","3648","1.0364"
"stgcn","3649","1.1498"
"stgcn","3650","1.1236"
"stgcn","3651","1.1941"
"stgcn","3652","1.1175"
"stgcn","3653","1.0953"
"stgcn","3654","1.1921"
"stgcn","3655","1.0291"
"stgcn","3656","1.1682"
"stgcn","3657","1.1005"
"stgcn","3658","2.5426"
"stgcn","3659","1.2830"
"stgcn","3660","1.0437"
"stgcn","3661","1.1069"
"stgcn","3662","1.0765"
"stgcn","3663","1.1120"
"stgcn","3664","1.0926"
"stgcn","3665","1.1462"
"stgcn","3666","1.0075"
"stgcn","3667","1.0843"
"stgcn","3668","1.1695"
"stgcn","3669","1.1791"
"stgcn","3670","2.4342"
"stgcn","3671","1.1590"
"stgcn","3672","1.1089"
"stgcn","3673","1.1017"
"stgcn","3674","1.1908"
"stgcn","3675","1.1517"
"stgcn","3676","1.1491"
"stgcn","3677","1.1066"
"stgcn","3678","1.0849"
"stgcn","3679","1.1137"
"stgcn","3680","1.0044"
"stgcn","3681","2.9002"
"stgcn","3682","1.1810"
"stgcn","3683","1.1091"
"stgcn","3684","0.9911"
"stgcn","3685","1.0178"
"stgcn","3686","1.0003"
"stgcn","3687","1.1727"
"stgcn","3688","1.0421"
"stgcn","3689","1.1751"
"stgcn","3690","1.0458"
"stgcn","3691","1.0959"
"stgcn","3692","1.0155"
"stgcn","3693","2.8424"
"stgcn","3694","1.2225"
"stgcn","3695","1.1883"
"stgcn","3696","1.0943"
"stgcn","3697","1.0731"
"stgcn","3698","1.1101"
"stgcn","3699","1.1312"
"stgcn","3700","1.1368"
"stgcn","3701","1.0125"
"stgcn","3702","1.1150"
"stgcn","3703","1.1598"
"stgcn","3704","1.0583"
"stgcn","3705","1.9068"
"stgcn","3706","1.1564"
"stgcn","3707","1.0204"
"stgcn","3708","1.0328"
"stgcn","3709","1.1354"
"stgcn","3710","1.0046"
"stgcn","3711","1.1523"
"stgcn","3712","1.0371"
"stgcn","3713","1.0781"
"stgcn","3714","1.0101"
"stgcn","3715","1.1911"
"stgcn","3716","1.0698"
"stgcn","3717","2.0336"
"stgcn","3718","1.1314"
"stgcn","3719","1.0930"
"stgcn","3720","1.1276"
"stgcn","3721","1.1186"
"stgcn","3722","1.0347"
"stgcn","3723","1.0217"
"stgcn","3724","1.2202"
"stgcn","3725","1.0701"
"stgcn","3726","1.2267"
"stgcn","3727","1.0214"
"stgcn","3728","2.7073"
"stgcn","3729","1.2183"
"stgcn","3730","1.1895"
"stgcn","3731","1.0988"
"stgcn","3732","1.1063"
"stgcn","3733","1.2090"
"stgcn","3734","1.0576"
"stgcn","3735","1.1681"
"stgcn","3736","1.0517"
"stgcn","3737","1.0669"
"stgcn","3738","2.0926"
"stgcn","3739","2.5107"
"stgcn","3740","1.0708"
"stgcn","3741","1.0635"
"stgcn","3742","1.1459"
"stgcn","3743","1.0836"
"stgcn","3744","1.0357"
"stgcn","3745","1.0800"
"stgcn","3746","1.1580"
"stgcn","3747","1.2240"
"stgcn","3748","1.0678"
"stgcn","3749","1.1199"
"stgcn","3750","2.2343"
"stgcn","3751","1.0618"
"stgcn","3752","1.0614"
"stgcn","3753","1.0076"
"stgcn","3754","1.0112"
"stgcn","3755","0.9877"
"stgcn","3756","1.0713"
"stgcn","3757","1.0726"
"stgcn","3758","1.0257"
"stgcn","3759","1.0728"
"stgcn","3760","1.6778"
"stgcn","3761","1.1704"
"stgcn","3762","1.1814"
"stgcn","3763","1.2302"
"stgcn","3764","1.0463"
"stgcn","3765","1.0463"
"stgcn","3766","1.0083"
"stgcn","3767","1.1445"
"stgcn","3768","1.0911"
"stgcn","3769","0.9982"
"stgcn","3770","1.1275"
"stgcn","3771","1.1163"
"stgcn","3772","1.0109"
"stgcn","3773","1.1557"
"stgcn","3774","1.4302"
"stgcn","3775","3.3454"
"stgcn","3776","1.3990"
"stgcn","3777","1.2205"
"stgcn","3778","1.1375"
"stgcn","3779","1.1210"
"stgcn","3780","1.0389"
"stgcn","3781","1.0709"
"stgcn","3782","1.0612"
"stgcn","3783","1.0594"
"stgcn","3784","1.1611"
"stgcn","3785","1.2309"
"stgcn","3786","1.2843"
"stgcn","3787","1.3527"
"stgcn","3788","1.0608"
"stgcn","3789","1.0382"
"stgcn","3790","1.0456"
"stgcn","3791","1.2344"
"stgcn","3792","1.2245"
"stgcn","3793","1.0954"
"stgcn","3794","1.1213"
"stgcn","3795","1.1215"
"stgcn","3796","1.0817"
"stgcn","3797","1.0814"
"stgcn","3798","1.0532"
"stgcn","3799","1.7902"
"stgcn","3800","1.0475"
"stgcn","3801","1.1080"
"stgcn","3802","1.0609"
"stgcn","3803","1.0787"
"stgcn","3804","1.1079"
"stgcn","3805","1.2937"
"stgcn","3806","1.1088"
"stgcn","3807","1.0420"
"stgcn","3808","1.2509"
"stgcn","3809","1.2641"
"stgcn","3810","3.1905"
"stgcn","3811","1.1664"
"stgcn","3812","1.0755"
"stgcn","3813","1.2730"
"stgcn","3814","1.1169"
"stgcn","3815","1.1572"
"stgcn","3816","1.1380"
"stgcn","3817","1.2099"
"stgcn","3818","1.0881"
"stgcn","3819","1.0446"
"stgcn","3820","2.7094"
"stgcn","3821","1.2359"
"stgcn","3822","1.3426"
"stgcn","3823","1.1347"
"stgcn","3824","1.0377"
"stgcn","3825","1.0471"
"stgcn","3826","1.1260"
"stgcn","3827","1.0632"
"stgcn","3828","1.1844"
"stgcn","3829","1.0476"
"stgcn","3830","1.2424"
"stgcn","3831","1.1970"
"stgcn","3832","1.3691"
"stgcn","3833","1.2005"
"stgcn","3834","1.2161"
"stgcn","3835","1.1905"
"stgcn","3836","1.1735"
"stgcn","3837","1.1327"
"stgcn","3838","1.1427"
"stgcn","3839","1.1367"
"stgcn","3840","1.0843"
"stgcn","3841","1.0227"
"stgcn","3842","1.0029"
"stgcn","3843","1.1421"
"stgcn","3844","1.1327"
"stgcn","3845","1.7490"
"stgcn","3846","1.6149"
"stgcn","3847","1.2219"
"stgcn","3848","1.7197"
"stgcn","3849","2.2058"
"stgcn","3850","1.3431"
"stgcn","3851","1.7753"
"stgcn","3852","4.9284"
"stgcn","3853","1.2463"
"stgcn","3854","2.5988"
"stgcn","3855","1.2437"
"stgcn","3856","1.0574"
"stgcn","3857","1.0706"
"stgcn","3858","1.1955"
"stgcn","3859","1.0742"
"stgcn","3860","1.1193"
"stgcn","3861","1.0736"
"stgcn","3862","1.1304"
"stgcn","3863","1.8691"
"stgcn","3864","1.1617"
"stgcn","3865","1.2222"
"stgcn","3866","1.1415"
"stgcn","3867","1.1310"
"stgcn","3868","1.1984"
"stgcn","3869","1.0753"
"stgcn","3870","1.1398"
"stgcn","3871","1.0635"
"stgcn","3872","1.0225"
"stgcn","3873","1.0921"
"stgcn","3874","2.6649"
"stgcn","3875","1.0695"
"stgcn","3876","1.0400"
"stgcn","3877","1.0462"
"stgcn","3878","1.0438"
"stgcn","3879","1.0475"
"stgcn","3880","1.0999"
"stgcn","3881","1.0447"
"stgcn","3882","1.2588"
"stgcn","3883","1.1861"
"stgcn","3884","1.1235"
"stgcn","3885","3.1718"
"stgcn","3886","1.0968"
"stgcn","3887","1.0459"
"stgcn","3888","1.1690"
"stgcn","3889","1.9718"
"stgcn","3890","1.0955"
"stgcn","3891","1.0456"
"stgcn","3892","1.0290"
"stgcn","3893","1.4680"
"stgcn","3894","1.1408"
"stgcn","3895","1.0508"
"stgcn","3896","1.0624"
"stgcn","3897","1.1501"
"stgcn","3898","1.0322"
"stgcn","3899","1.0353"
"stgcn","3900","0.9899"
"stgcn","3901","1.1263"
"stgcn","3902","1.0779"
"stgcn","3903","1.1172"
"stgcn","3904","1.1424"
"stgcn","3905","1.0609"
"stgcn","3906","1.0782"
"stgcn","3907","2.8413"
"stgcn","3908","1.1573"
"stgcn","3909","1.0642"
"stgcn","3910","1.1527"
"stgcn","3911","1.1529"
"stgcn","3912","1.1076"
"stgcn","3913","1.0519"
"stgcn","3914","1.0608"
"stgcn","3915","1.0343"
"stgcn","3916","1.1279"
"stgcn","3917","1.1360"
"stgcn","3918","1.5762"
"stgcn","3919","1.7100"
"stgcn","3920","1.0948"
"stgcn","3921","1.0767"
"stgcn","3922","1.0430"
"stgcn","3923","1.0627"
"stgcn","3924","1.0297"
"stgcn","3925","1.0726"
"stgcn","3926","1.0463"
"stgcn","3927","1.0948"
"stgcn","3928","1.0940"
"stgcn","3929","1.0590"
"stgcn","3930","1.0348"
"stgcn","3931","2.6683"
"stgcn","3932","1.2449"
"stgcn","3933","1.0576"
"stgcn","3934","1.0216"
"stgcn","3935","1.2743"
"stgcn","3936","1.1423"
"stgcn","3937","1.0506"
"stgcn","3938","1.1332"
"stgcn","3939","1.1046"
"stgcn","3940","1.0993"
"stgcn","3941","1.0241"
"stgcn","3942","2.8391"
"stgcn","3943","1.2055"
"stgcn","3944","1.1843"
"stgcn","3945","1.1466"
"stgcn","3946","1.1161"
"stgcn","3947","1.1531"
"stgcn","3948","1.1387"
"stgcn","3949","1.0896"
"stgcn","3950","1.0946"
"stgcn","3951","1.0047"
"stgcn","3952","1.1245"
"stgcn","3953","0.9968"
"stgcn","3954","2.7429"
"stgcn","3955","1.0935"
"stgcn","3956","1.1313"
"stgcn","3957","1.3820"
"stgcn","3958","1.2033"
"stgcn","3959","2.6610"
"stgcn","3960","1.0502"
"stgcn","3961","1.0360"
"stgcn","3962","1.0511"
"stgcn","3963","1.0333"
"stgcn","3964","3.4388"
"stgcn","3965","3.4366"
"stgcn","3966","1.4454"
"stgcn","3967","1.2359"
"stgcn","3968","1.7263"
"stgcn","3969","1.0454"
"stgcn","3970","1.0308"
"stgcn","3971","1.0030"
"stgcn","3972","1.0994"
"stgcn","3973","1.6224"
"stgcn","3974","1.3273"
"stgcn","3975","1.0692"
"stgcn","3976","1.0652"
"stgcn","3977","1.2324"
"stgcn","3978","1.1826"
"stgcn","3979","1.0541"
"stgcn","3980","1.0770"
"stgcn","3981","1.1587"
"stgcn","3982","1.2979"
"stgcn","3983","2.6294"
"stgcn","3984","1.1815"
"stgcn","3985","1.2406"
"stgcn","3986","1.1005"
"stgcn","3987","1.1129"
"stgcn","3988","1.2673"
"stgcn","3989","1.1193"
"stgcn","3990","1.2097"
"stgcn","3991","1.1236"
"stgcn","3992","1.1733"
"stgcn","3993","1.0609"
"stgcn","3994","1.0517"
"stgcn","3995","1.1277"
"stgcn","3996","1.0077"
"stgcn","3997","1.0465"
"stgcn","3998","1.2103"
"stgcn","3999","1.1305"
"stgcn","4000","1.0782"
"stgcn","4001","1.0110"
"stgcn","4002","2.7211"
"stgcn","4003","1.4188"
"stgcn","4004","1.1192"
"stgcn","4005","1.0074"
"stgcn","4006","3.0718"
"stgcn","4007","1.0874"
"stgcn","4008","1.4732"
"stgcn","4009","1.1250"
"stgcn","4010","1.1429"
"stgcn","4011","1.1548"
"stgcn","4012","1.4421"
"stgcn","4013","1.3218"
"stgcn","4014","1.1560"
"stgcn","4015","1.0519"
"stgcn","4016","2.6043"
"stgcn","4017","1.1528"
"stgcn","4018","1.0494"
"stgcn","4019","0.9931"
"stgcn","4020","1.0437"
"stgcn","4021","1.0308"
"stgcn","4022","1.1970"
"stgcn","4023","1.0169"
"stgcn","4024","1.1397"
"stgcn","4025","1.0465"
"stgcn","4026","1.1649"
"stgcn","4027","1.3533"
"stgcn","4028","2.1298"
"stgcn","4029","1.1629"
"stgcn","4030","1.1137"
"stgcn","4031","1.0427"
"stgcn","4032","1.0902"
"stgcn","4033","1.0652"
"stgcn","4034","1.0462"
"stgcn","4035","1.1355"
"stgcn","4036","0.9964"
"stgcn","4037","1.0627"
"stgcn","4038","1.1867"
"stgcn","4039","1.0604"
"stgcn","4040","2.0134"
"stgcn","4041","1.0570"
"stgcn","4042","1.0326"
"stgcn","4043","1.0328"
"stgcn","4044","1.0994"
"stgcn","4045","1.0418"
"stgcn","4046","1.0638"
"stgcn","4047","1.0759"
"stgcn","4048","1.1060"
"stgcn","4049","1.1691"
"stgcn","4050","1.0049"
"stgcn","4051","0.9847"
"stgcn","4052","1.0067"
"stgcn","4053","1.1235"
"stgcn","4054","1.2058"
"stgcn","4055","1.2139"
"stgcn","4056","1.1109"
"stgcn","4057","1.1097"
"stgcn","4058","1.0975"
"stgcn","4059","1.0945"
"stgcn","4060","1.1798"
"stgcn","4061","1.0823"
"stgcn","4062","1.1968"
"stgcn","4063","1.0953"
"stgcn","4064","1.0822"
"stgcn","4065","1.0729"
"stgcn","4066","1.0645"
"stgcn","4067","1.1611"
"stgcn","4068","1.1629"
"stgcn","4069","1.1013"
"stgcn","4070","1.1583"
"stgcn","4071","1.0472"
"stgcn","4072","1.0936"
"stgcn","4073","1.2854"
"stgcn","4074","1.2137"
"stgcn","4075","1.3949"
"stgcn","4076","1.0531"
"stgcn","4077","1.0819"
"stgcn","4078","1.1411"
"stgcn","4079","1.0410"
"stgcn","4080","1.1906"
"stgcn","4081","1.0965"
"stgcn","4082","1.4471"
"stgcn","4083","1.3739"
"stgcn","4084","1.0801"
"stgcn","4085","1.0942"
"stgcn","4086","1.1501"
"stgcn","4087","1.0645"
"stgcn","4088","1.0815"
"stgcn","4089","1.0371"
"stgcn","4090","1.1613"
"stgcn","4091","1.2457"
"stgcn","4092","1.1076"
"stgcn","4093","1.0446"
"stgcn","4094","1.0379"
"stgcn","4095","1.2759"
"stgcn","4096","1.2167"
"stgcn","4097","1.0566"
"stgcn","4098","1.0787"
"stgcn","4099","1.2186"
"stgcn","4100","1.1422"
"stgcn","4101","1.0366"
"stgcn","4102","2.5119"
"stgcn","4103","1.1278"
"stgcn","4104","1.0567"
"stgcn","4105","1.0410"
"stgcn","4106","1.0316"
"stgcn","4107","1.1108"
"stgcn","4108","1.1299"
"stgcn","4109","1.0333"
"stgcn","4110","1.0300"
"stgcn","4111","1.0152"
"stgcn","4112","0.9869"
"stgcn","4113","1.0645"
"stgcn","4114","2.2548"
"stgcn","4115","0.9963"
"stgcn","4116","1.0022"
"stgcn","4117","1.0471"
"stgcn","4118","1.0130"
"stgcn","4119","1.0520"
"stgcn","4120","1.0027"
"stgcn","4121","1.0233"
"stgcn","4122","1.2823"
"stgcn","4123","1.2456"
"stgcn","4124","1.1087"
"stgcn","4125","1.0726"
"stgcn","4126","1.0001"
"stgcn","4127","1.1425"
"stgcn","4128","1.3130"
"stgcn","4129","1.0528"
"stgcn","4130","1.0640"
"stgcn","4131","1.0649"
"stgcn","4132","1.0981"
"stgcn","4133","1.1697"
"stgcn","4134","1.1575"
"stgcn","4135","1.0896"
"stgcn","4136","1.1761"
"stgcn","4137","1.1207"
"stgcn","4138","1.0715"
"stgcn","4139","1.0338"
"stgcn","4140","1.1745"
"stgcn","4141","1.3994"
"stgcn","4142","0.9754"
"stgcn","4143","1.1768"
"stgcn","4144","1.0213"
"stgcn","4145","1.1582"
"stgcn","4146","1.1097"
"stgcn","4147","1.1432"
"stgcn","4148","1.1975"
"stgcn","4149","1.1575"
"stgcn","4150","1.0321"
"stgcn","4151","1.0033"
"stgcn","4152","2.5034"
"stgcn","4153","1.3282"
"stgcn","4154","1.0186"
"stgcn","4155","1.0569"
"stgcn","4156","1.0447"
"stgcn","4157","1.0549"
"stgcn","4158","1.0069"
"stgcn","4159","1.4327"
"stgcn","4160","1.0741"
"stgcn","4161","1.0767"
"stgcn","4162","1.1171"
"stgcn","4163","2.4515"
"stgcn","4164","1.1429"
"stgcn","4165","1.0511"
"stgcn","4166","1.0859"
"stgcn","4167","1.0356"
"stgcn","4168","1.0233"
"stgcn","4169","1.0049"
"stgcn","4170","1.0922"
"stgcn","4171","1.0298"
"stgcn","4172","1.1555"
"stgcn","4173","1.0969"
"stgcn","4174","1.0194"
"stgcn","4175","1.0202"
"stgcn","4176","1.1995"
"stgcn","4177","1.4797"
"stgcn","4178","1.0063"
"stgcn","4179","1.0330"
"stgcn","4180","1.0337"
"stgcn","4181","1.1149"
"stgcn","4182","1.0337"
"stgcn","4183","1.0141"
"stgcn","4184","1.6301"
"stgcn","4185","1.1227"
"stgcn","4186","1.0211"
"stgcn","4187","1.0191"
"stgcn","4188","2.2730"
"stgcn","4189","1.1886"
"stgcn","4190","1.0544"
"stgcn","4191","1.0223"
"stgcn","4192","1.0274"
"stgcn","4193","1.0121"
"stgcn","4194","1.0329"
"stgcn","4195","1.0145"
"stgcn","4196","1.5931"
"stgcn","4197","1.0820"
"stgcn","4198","1.0118"
"stgcn","4199","1.1224"
"stgcn","4200","1.0166"
"stgcn","4201","1.1685"
"stgcn","4202","1.4633"
"stgcn","4203","1.1794"
"stgcn","4204","1.0736"
"stgcn","4205","1.0464"
"stgcn","4206","1.0551"
"stgcn","4207","1.0871"
"stgcn","4208","1.0420"
"stgcn","4209","1.2050"
"stgcn","4210","1.1573"
"stgcn","4211","1.0701"
"stgcn","4212","1.0015"
"stgcn","4213","2.2265"
"stgcn","4214","1.0011"
"stgcn","4215","1.0049"
"stgcn","4216","1.0961"
"stgcn","4217","1.1769"
"stgcn","4218","1.1424"
"stgcn","4219","1.1322"
"stgcn","4220","1.0141"
"stgcn","4221","1.0964"
"stgcn","4222","1.0367"
"stgcn","4223","0.9924"
"stgcn","4224","1.0761"
"stgcn","4225","1.0281"
"stgcn","4226","1.1044"
"stgcn","4227","1.1559"
"stgcn","4228","1.2217"
"stgcn","4229","1.2931"
"stgcn","4230","1.1687"
"stgcn","4231","1.0005"
"stgcn","4232","1.4274"
"stgcn","4233","1.1709"
"stgcn","4234","1.0130"
"stgcn","4235","1.0140"
"stgcn","4236","1.0110"
"stgcn","4237","1.0119"
"stgcn","4238","1.1503"
"stgcn","4239","1.4307"
"stgcn","4240","1.0027"
"stgcn","4241","1.1723"
"stgcn","4242","1.1667"
"stgcn","4243","1.1653"
"stgcn","4244","1.1483"
"stgcn","4245","1.5578"
"stgcn","4246","1.2172"
"stgcn","4247","1.0488"
"stgcn","4248","1.0337"
"stgcn","4249","2.3518"
"stgcn","4250","1.1349"
"stgcn","4251","1.2407"
"stgcn","4252","1.0346"
"stgcn","4253","1.2638"
"stgcn","4254","1.0546"
"stgcn","4255","1.1220"
"stgcn","4256","1.7501"
"stgcn","4257","1.2769"
"stgcn","4258","1.3194"
"stgcn","4259","1.1734"
"stgcn","4260","2.7321"
"stgcn","4261","1.3376"
"stgcn","4262","1.2363"
"stgcn","4263","1.0425"
"stgcn","4264","1.1694"
"stgcn","4265","1.1182"
"stgcn","4266","1.5028"
"stgcn","4267","1.3736"
"stgcn","4268","1.1036"
"stgcn","4269","1.1494"
"stgcn","4270","2.7015"
"stgcn","4271","1.0029"
"stgcn","4272","1.1195"
"stgcn","4273","0.9943"
"stgcn","4274","1.0237"
"stgcn","4275","1.0121"
"stgcn","4276","1.0221"
"stgcn","4277","1.0364"
"stgcn","4278","1.1642"
"stgcn","4279","1.0957"
"stgcn","4280","1.1876"
"stgcn","4281","1.0087"
"stgcn","4282","0.9995"
"stgcn","4283","1.5089"
"stgcn","4284","1.5386"
"stgcn","4285","1.1514"
"stgcn","4286","1.1204"
"stgcn","4287","1.0767"
"stgcn","4288","1.0565"
"stgcn","4289","1.4850"
"stgcn","4290","1.0470"
"stgcn","4291","1.1094"
"stgcn","4292","1.1710"
"stgcn","4293","1.2071"
"stgcn","4294","2.9043"
"stgcn","4295","1.2642"
"stgcn","4296","1.1489"
"stgcn","4297","1.2594"
"stgcn","4298","1.3267"
"stgcn","4299","1.5000"
"stgcn","4300","2.2170"
"stgcn","4301","1.0697"
"stgcn","4302","1.0973"
"stgcn","4303","1.3191"
"stgcn","4304","2.0887"
"stgcn","4305","1.1782"
"stgcn","4306","1.1278"
"stgcn","4307","1.1266"
"stgcn","4308","0.9934"
"stgcn","4309","1.4966"
"stgcn","4310","1.0142"
"stgcn","4311","1.3014"
"stgcn","4312","0.9913"
"stgcn","4313","1.0067"
"stgcn","4314","1.1362"
"stgcn","4315","2.9274"
"stgcn","4316","0.9974"
"stgcn","4317","1.1693"
"stgcn","4318","1.0132"
"stgcn","4319","1.1304"
"stgcn","4320","1.1266"
"stgcn","4321","1.1607"
"stgcn","4322","1.0921"
"stgcn","4323","1.1026"
"stgcn","4324","1.0097"
"stgcn","4325","1.1306"
"stgcn","4326","2.4412"
"stgcn","4327","1.0742"
"stgcn","4328","1.2582"
"stgcn","4329","1.1772"
"stgcn","4330","1.1458"
"stgcn","4331","1.0617"
"stgcn","4332","1.1715"
"stgcn","4333","1.0966"
"stgcn","4334","1.0996"
"stgcn","4335","1.1243"
"stgcn","4336","1.1280"
"stgcn","4337","2.6777"
"stgcn","4338","1.3301"
"stgcn","4339","1.1171"
"stgcn","4340","1.2437"
"stgcn","4341","1.1491"
"stgcn","4342","1.0365"
"stgcn","4343","1.0880"
"stgcn","4344","1.1095"
"stgcn","4345","1.1359"
"stgcn","4346","1.0726"
"stgcn","4347","1.0805"
"stgcn","4348","1.0964"
"stgcn","4349","1.5139"
"stgcn","4350","1.0632"
"stgcn","4351","1.1648"
"stgcn","4352","1.0436"
"stgcn","4353","1.0377"
"stgcn","4354","1.2513"
"stgcn","4355","1.5506"
"stgcn","4356","1.1732"
"stgcn","4357","1.0633"
"stgcn","4358","1.2353"
"stgcn","4359","1.0905"
"stgcn","4360","1.0968"
"stgcn","4361","2.7465"
"stgcn","4362","1.2578"
"stgcn","4363","1.3877"
"stgcn","4364","1.6442"
"stgcn","4365","1.8303"
"stgcn","4366","1.1251"
"stgcn","4367","1.0317"
"stgcn","4368","1.1016"
"stgcn","4369","1.0471"
"stgcn","4370","1.0656"
"stgcn","4371","3.0062"
"stgcn","4372","1.2478"
"stgcn","4373","1.1227"
"stgcn","4374","1.1308"
"stgcn","4375","1.5467"
"stgcn","4376","1.1649"
"stgcn","4377","1.3283"
"stgcn","4378","1.0477"
"stgcn","4379","1.0099"
"stgcn","4380","1.2306"
"stgcn","4381","1.4780"
"stgcn","4382","1.3244"
"stgcn","4383","1.1569"
"stgcn","4384","1.9293"
"stgcn","4385","1.6931"
"stgcn","4386","1.1252"
"stgcn","4387","1.1929"
"stgcn","4388","1.1390"
"stgcn","4389","1.2866"
"stgcn","4390","1.0326"
"stgcn","4391","1.0535"
"stgcn","4392","1.0442"
"stgcn","4393","1.1912"
"stgcn","4394","1.3395"
"stgcn","4395","1.1305"
"stgcn","4396","1.1873"
"stgcn","4397","1.1345"
"stgcn","4398","1.5517"
"stgcn","4399","1.2200"
"stgcn","4400","1.0783"
"stgcn","4401","1.2151"
"stgcn","4402","1.1937"
"stgcn","4403","1.0380"
"stgcn","4404","1.5594"
"stgcn","4405","1.2778"
"stgcn","4406","1.2724"
"stgcn","4407","1.1463"
"stgcn","4408","1.0829"
"stgcn","4409","1.5148"
"stgcn","4410","1.1263"
"stgcn","4411","1.1096"
"stgcn","4412","1.0272"
"stgcn","4413","1.0091"
"stgcn","4414","1.1838"
"stgcn","4415","1.7496"
"stgcn","4416","1.3275"
"stgcn","4417","1.2650"
"stgcn","4418","1.2247"
"stgcn","4419","1.0814"
"stgcn","4420","1.1029"
"stgcn","4421","1.0909"
"stgcn","4422","1.0999"
"stgcn","4423","1.1307"
"stgcn","4424","1.1905"
"stgcn","4425","1.0738"
"stgcn","4426","1.2323"
"stgcn","4427","1.8391"
"stgcn","4428","1.8881"
"stgcn","4429","1.3608"
"stgcn","4430","1.2454"
"stgcn","4431","1.0880"
"stgcn","4432","1.1019"
"stgcn","4433","1.0750"
"stgcn","4434","1.2303"
"stgcn","4435","1.1222"
"stgcn","4436","1.0336"
"stgcn","4437","1.2027"
"stgcn","4438","3.5212"
"stgcn","4439","1.2038"
"stgcn","4440","1.0690"
"stgcn","4441","1.0829"
"stgcn","4442","1.0247"
"stgcn","4443","1.0759"
"stgcn","4444","1.0208"
"stgcn","4445","1.0311"
"stgcn","4446","1.1877"
"stgcn","4447","1.0552"
"stgcn","4448","0.9992"
"stgcn","4449","3.1183"
"stgcn","4450","1.1441"
"stgcn","4451","1.2894"
"stgcn","4452","1.1064"
"stgcn","4453","1.4609"
"stgcn","4454","1.1499"
"stgcn","4455","1.0844"
"stgcn","4456","1.0163"
"stgcn","4457","1.1078"
"stgcn","4458","1.0474"
"stgcn","4459","1.1023"
"stgcn","4460","1.0640"
"stgcn","4461","1.1329"
"stgcn","4462","1.1187"
"stgcn","4463","1.1731"
"stgcn","4464","1.1526"
"stgcn","4465","1.0885"
"stgcn","4466","1.1922"
"stgcn","4467","1.1238"
"stgcn","4468","1.0569"
"stgcn","4469","1.0912"
"stgcn","4470","1.1294"
"stgcn","4471","1.2292"
"stgcn","4472","1.0609"
"stgcn","4473","1.0263"
"stgcn","4474","1.1400"
"stgcn","4475","1.3396"
"stgcn","4476","1.1789"
"stgcn","4477","1.1030"
"stgcn","4478","1.1481"
"stgcn","4479","1.1666"
"stgcn","4480","1.1101"
"stgcn","4481","1.3171"
"stgcn","4482","1.2556"
"stgcn","4483","1.0724"
"stgcn","4484","1.1097"
"stgcn","4485","1.0250"
"stgcn","4486","1.0335"
"stgcn","4487","1.0674"
"stgcn","4488","1.1648"
"stgcn","4489","1.0276"
"stgcn","4490","1.0838"
"stgcn","4491","1.0482"
"stgcn","4492","1.1822"
"stgcn","4493","1.0836"
"stgcn","4494","1.0370"
"stgcn","4495","1.0827"
"stgcn","4496","1.1108"
"stgcn","4497","1.2040"
"stgcn","4498","2.1515"
"stgcn","4499","1.1513"
"stgcn","4500","1.2103"
"stgcn","4501","1.0960"
"stgcn","4502","1.0933"
"stgcn","4503","1.0949"
"stgcn","4504","1.0498"
"stgcn","4505","1.0823"
"stgcn","4506","1.2226"
"stgcn","4507","1.1103"
"stgcn","4508","1.1576"
"stgcn","4509","1.0584"
"stgcn","4510","2.0944"
"stgcn","4511","1.0481"
"stgcn","4512","1.0716"
"stgcn","4513","1.1009"
"stgcn","4514","1.0840"
"stgcn","4515","1.1064"
"stgcn","4516","1.1978"
"stgcn","4517","1.0630"
"stgcn","4518","1.0803"
"stgcn","4519","1.0836"
"stgcn","4520","1.1919"
"stgcn","4521","1.1490"
"stgcn","4522","1.0567"
"stgcn","4523","1.2074"
"stgcn","4524","1.2171"
"stgcn","4525","1.2039"
"stgcn","4526","1.3110"
"stgcn","4527","1.1828"
"stgcn","4528","1.1415"
"stgcn","4529","1.0406"
"stgcn","4530","1.1459"
"stgcn","4531","1.1066"
"stgcn","4532","1.1125"
"stgcn","4533","1.3049"
"stgcn","4534","1.1425"
"stgcn","4535","1.1787"
"stgcn","4536","1.3329"
"stgcn","4537","1.1817"
"stgcn","4538","1.1025"
"stgcn","4539","1.1643"
"stgcn","4540","1.1470"
"stgcn","4541","1.1011"
"stgcn","4542","1.1177"
"stgcn","4543","1.1164"
"stgcn","4544","1.1687"
"stgcn","4545","1.1665"
"stgcn","4546","1.1035"
"stgcn","4547","1.4008"
"stgcn","4548","1.1350"
"stgcn","4549","1.2331"
"stgcn","4550","1.0915"
"stgcn","4551","1.1740"
"stgcn","4552","1.3226"
"stgcn","4553","1.1580"
"stgcn","4554","1.1550"
"stgcn","4555","1.1023"
"stgcn","4556","1.0875"
"stgcn","4557","1.0027"
"stgcn","4558","2.3984"
"stgcn","4559","1.4241"
"stgcn","4560","1.1938"
"stgcn","4561","1.0333"
"stgcn","4562","1.0303"
"stgcn","4563","0.9960"
"stgcn","4564","1.0899"
"stgcn","4565","1.1258"
"stgcn","4566","1.0466"
"stgcn","4567","1.0607"
"stgcn","4568","1.0220"
"stgcn","4569","1.1591"
"stgcn","4570","2.5295"
"stgcn","4571","1.0286"
"stgcn","4572","1.0028"
"stgcn","4573","1.2574"
"stgcn","4574","1.1459"
"stgcn","4575","1.2125"
"stgcn","4576","1.1479"
"stgcn","4577","1.0498"
"stgcn","4578","1.0812"
"stgcn","4579","1.0741"
"stgcn","4580","1.0283"
"stgcn","4581","1.0403"
"stgcn","4582","2.6400"
"stgcn","4583","1.1534"
"stgcn","4584","1.1759"
"stgcn","4585","1.1886"
"stgcn","4586","1.2950"
"stgcn","4587","1.1184"
"stgcn","4588","1.0167"
"stgcn","4589","1.2066"
"stgcn","4590","1.0911"
"stgcn","4591","1.0954"
"stgcn","4592","1.1530"
"stgcn","4593","2.1545"
"stgcn","4594","1.1977"
"stgcn","4595","1.1218"
"stgcn","4596","1.0928"
"stgcn","4597","1.0881"
"stgcn","4598","1.1572"
"stgcn","4599","1.1836"
"stgcn","4600","1.1042"
"stgcn","4601","1.0242"
"stgcn","4602","1.1265"
"stgcn","4603","1.0727"
"stgcn","4604","1.1073"
"stgcn","4605","1.3074"
"stgcn","4606","1.2014"
"stgcn","4607","1.1384"
"stgcn","4608","1.0314"
"stgcn","4609","1.0640"
"stgcn","4610","1.0592"
"stgcn","4611","0.9936"
"stgcn","4612","1.0268"
"stgcn","4613","1.4069"
"stgcn","4614","1.1072"
"stgcn","4615","1.1522"
"stgcn","4616","1.0363"
"stgcn","4617","2.4907"
"stgcn","4618","1.1134"
"stgcn","4619","1.1612"
"stgcn","4620","1.0948"
"stgcn","4621","1.1406"
"stgcn","4622","1.0834"
"stgcn","4623","1.1585"
"stgcn","4624","1.0607"
"stgcn","4625","1.5424"
"stgcn","4626","1.1398"
"stgcn","4627","1.1436"
"stgcn","4628","1.1457"
"stgcn","4629","1.1024"
"stgcn","4630","1.3128"
"stgcn","4631","1.1360"
"stgcn","4632","1.1499"
"stgcn","4633","1.2414"
"stgcn","4634","1.0540"
"stgcn","4635","1.0400"
"stgcn","4636","1.0664"
"stgcn","4637","1.1239"
"stgcn","4638","1.1092"
"stgcn","4639","1.3382"
"stgcn","4640","1.1797"
"stgcn","4641","1.1404"
"stgcn","4642","1.2205"
"stgcn","4643","1.1511"
"stgcn","4644","1.2041"
"stgcn","4645","1.1231"
"stgcn","4646","1.1118"
"stgcn","4647","1.1195"
"stgcn","4648","1.0501"
"stgcn","4649","1.0859"
"stgcn","4650","1.1232"
"stgcn","4651","1.1931"
"stgcn","4652","1.0526"
"stgcn","4653","1.3059"
"stgcn","4654","1.3130"
"stgcn","4655","1.4028"
"stgcn","4656","1.2106"
"stgcn","4657","1.0217"
"stgcn","4658","1.0911"
"stgcn","4659","1.1256"
"stgcn","4660","1.1084"
"stgcn","4661","1.0601"
"stgcn","4662","1.0215"
"stgcn","4663","1.1638"
"stgcn","4664","1.0021"
"stgcn","4665","1.0977"
"stgcn","4666","1.0420"
"stgcn","4667","1.3424"
"stgcn","4668","1.0801"
"stgcn","4669","1.0408"
"stgcn","4670","1.0904"
"stgcn","4671","1.0997"
"stgcn","4672","1.0620"
"stgcn","4673","1.1301"
"stgcn","4674","1.0583"
"stgcn","4675","1.0511"
"stgcn","4676","1.0732"
"stgcn","4677","1.0224"
"stgcn","4678","1.1960"
"stgcn","4679","1.1554"
"stgcn","4680","1.1327"
"stgcn","4681","1.1755"
"stgcn","4682","1.0147"
"stgcn","4683","1.1630"
"stgcn","4684","1.1756"
"stgcn","4685","1.0565"
"stgcn","4686","1.1391"
"stgcn","4687","1.0180"
"stgcn","4688","1.2095"
"stgcn","4689","1.1246"
"stgcn","4690","1.0625"
"stgcn","4691","1.1143"
"stgcn","4692","1.3468"
"stgcn","4693","1.1844"
"stgcn","4694","1.2695"
"stgcn","4695","1.1643"
"stgcn","4696","1.1534"
"stgcn","4697","1.1299"
"stgcn","4698","1.1523"
"stgcn","4699","1.1807"
"stgcn","4700","1.1030"
"stgcn","4701","1.0912"
"stgcn","4702","1.0595"
"stgcn","4703","1.1568"
"stgcn","4704","1.0987"
"stgcn","4705","1.2175"
"stgcn","4706","1.1630"
"stgcn","4707","1.2898"
"stgcn","4708","1.0761"
"stgcn","4709","1.0189"
"stgcn","4710","1.1007"
"stgcn","4711","1.0506"
"stgcn","4712","1.1037"
"stgcn","4713","1.0787"
"stgcn","4714","1.0154"
"stgcn","4715","1.0867"
"stgcn","4716","2.2556"
"stgcn","4717","1.0364"
"stgcn","4718","1.1448"
"stgcn","4719","1.0852"
"stgcn","4720","1.1499"
"stgcn","4721","1.1147"
"stgcn","4722","1.2881"
"stgcn","4723","1.1140"
"stgcn","4724","1.1422"
"stgcn","4725","1.2196"
"stgcn","4726","1.1563"
"stgcn","4727","1.0626"
"stgcn","4728","2.5168"
"stgcn","4729","1.1475"
"stgcn","4730","1.1956"
"stgcn","4731","1.0547"
"stgcn","4732","1.0676"
"stgcn","4733","1.0784"
"stgcn","4734","1.1247"
"stgcn","4735","1.3841"
"stgcn","4736","1.1204"
"stgcn","4737","1.1721"
"stgcn","4738","1.1795"
"stgcn","4739","2.5801"
"stgcn","4740","1.0200"
"stgcn","4741","1.1849"
"stgcn","4742","1.1196"
"stgcn","4743","1.1707"
"stgcn","4744","1.1094"
"stgcn","4745","1.0536"
"stgcn","4746","1.1136"
"stgcn","4747","1.2283"
"stgcn","4748","0.9886"
"stgcn","4749","1.1946"
"stgcn","4750","2.6747"
"stgcn","4751","1.1320"
"stgcn","4752","1.0234"
"stgcn","4753","1.0277"
"stgcn","4754","1.0404"
"stgcn","4755","1.2369"
"stgcn","4756","1.1077"
"stgcn","4757","1.0613"
"stgcn","4758","1.1677"
"stgcn","4759","1.0343"
"stgcn","4760","1.2908"
"stgcn","4761","1.0170"
"stgcn","4762","2.5038"
"stgcn","4763","1.1378"
"stgcn","4764","1.1593"
"stgcn","4765","1.2215"
"stgcn","4766","1.0829"
"stgcn","4767","1.1280"
"stgcn","4768","1.1728"
"stgcn","4769","1.0186"
"stgcn","4770","1.1209"
"stgcn","4771","1.0386"
"stgcn","4772","1.1650"
"stgcn","4773","1.2166"
"stgcn","4774","1.3652"
"stgcn","4775","1.1740"
"stgcn","4776","1.1144"
"stgcn","4777","1.1598"
"stgcn","4778","1.2034"
"stgcn","4779","1.1370"
"stgcn","4780","1.2024"
"stgcn","4781","1.1004"
"stgcn","4782","1.0933"
"stgcn","4783","1.0856"
"stgcn","4784","1.0895"
"stgcn","4785","1.0746"
"stgcn","4786","2.3292"
"stgcn","4787","1.0628"
"stgcn","4788","1.0685"
"stgcn","4789","1.0930"
"stgcn","4790","1.1196"
"stgcn","4791","1.0371"
"stgcn","4792","1.1268"
"stgcn","4793","1.0079"
"stgcn","4794","1.0573"
"stgcn","4795","0.9907"
"stgcn","4796","1.0021"
"stgcn","4797","1.1214"
"stgcn","4798","1.0416"
"stgcn","4799","1.5945"
"stgcn","4800","1.3786"
"stgcn","4801","1.1022"
"stgcn","4802","0.9940"
"stgcn","4803","1.8949"
"stgcn","4804","1.1867"
"stgcn","4805","1.0497"
"stgcn","4806","1.0661"
"stgcn","4807","0.9881"
"stgcn","4808","0.9830"
"stgcn","4809","1.0809"
"stgcn","4810","1.3004"
"stgcn","4811","1.2248"
"stgcn","4812","1.3311"
"stgcn","4813","1.0283"
"stgcn","4814","1.0823"
"stgcn","4815","1.0523"
"stgcn","4816","1.0545"
"stgcn","4817","1.0177"
"stgcn","4818","1.2591"
"stgcn","4819","1.1434"
"stgcn","4820","1.1906"
"stgcn","4821","1.1146"
"stgcn","4822","1.0387"
"stgcn","4823","0.9944"
"stgcn","4824","1.2363"
"stgcn","4825","1.1962"
"stgcn","4826","1.1081"
"stgcn","4827","1.2320"
"stgcn","4828","1.0271"
"stgcn","4829","1.1581"
"stgcn","4830","1.1466"
"stgcn","4831","1.0205"
"stgcn","4832","1.1288"
"stgcn","4833","1.0795"
"stgcn","4834","1.0557"
"stgcn","4835","1.0524"
"stgcn","4836","1.2412"
"stgcn","4837","1.0796"
"stgcn","4838","1.0313"
"stgcn","4839","1.1870"
"stgcn","4840","1.1052"
"stgcn","4841","1.1599"
"stgcn","4842","1.1136"
"stgcn","4843","1.1891"
"stgcn","4844","1.1402"
"stgcn","4845","1.0787"
"stgcn","4846","1.0334"
"stgcn","4847","1.1052"
"stgcn","4848","1.0316"
"stgcn","4849","1.1904"
"stgcn","4850","1.0151"
"stgcn","4851","1.0724"
"stgcn","4852","1.0613"
"stgcn","4853","1.0819"
"stgcn","4854","1.2104"
"stgcn","4855","1.0031"
"stgcn","4856","1.0385"
"stgcn","4857","1.1493"
"stgcn","4858","1.0034"
"stgcn","4859","1.1556"
"stgcn","4860","1.0685"
"stgcn","4861","2.4284"
"stgcn","4862","1.1769"
"stgcn","4863","1.0918"
"stgcn","4864","1.1133"
"stgcn","4865","1.0973"
"stgcn","4866","1.1926"
"stgcn","4867","1.1444"
"stgcn","4868","1.1858"
"stgcn","4869","1.1210"
"stgcn","4870","1.0327"
"stgcn","4871","1.1132"
"stgcn","4872","1.1170"
"stgcn","4873","1.2897"
"stgcn","4874","1.1172"
"stgcn","4875","1.1192"
"stgcn","4876","1.0995"
"stgcn","4877","1.0036"
"stgcn","4878","0.9810"
"stgcn","4879","0.9873"
"stgcn","4880","1.1293"
"stgcn","4881","1.0835"
"stgcn","4882","1.2926"
"stgcn","4883","1.0592"
"stgcn","4884","1.0746"
"stgcn","4885","2.5737"
"stgcn","4886","1.0504"
"stgcn","4887","1.0574"
"stgcn","4888","1.1349"
"stgcn","4889","1.0964"
"stgcn","4890","1.0466"
"stgcn","4891","1.0955"
"stgcn","4892","0.9756"
"stgcn","4893","1.1164"
"stgcn","4894","1.0826"
"stgcn","4895","0.9958"
"stgcn","4896","1.1707"
"stgcn","4897","1.1250"
"stgcn","4898","1.6879"
"stgcn","4899","1.1839"
"stgcn","4900","1.1133"
"stgcn","4901","1.1559"
"stgcn","4902","1.0591"
"stgcn","4903","1.1498"
"stgcn","4904","1.1136"
"stgcn","4905","1.0868"
"stgcn","4906","1.1636"
"stgcn","4907","1.1560"
"stgcn","4908","1.0441"
"stgcn","4909","1.2240"
"stgcn","4910","1.1727"
"stgcn","4911","1.2531"
"stgcn","4912","1.1538"
"stgcn","4913","1.0805"
"stgcn","4914","1.2752"
"stgcn","4915","1.1091"
"stgcn","4916","1.0511"
"stgcn","4917","1.0674"
"stgcn","4918","1.0556"
"stgcn","4919","1.0938"
"stgcn","4920","1.1161"
"stgcn","4921","1.1493"
"stgcn","4922","2.4983"
"stgcn","4923","1.1568"
"stgcn","4924","1.0816"
"stgcn","4925","1.1922"
"stgcn","4926","1.0553"
"stgcn","4927","1.0014"
"stgcn","4928","0.9850"
"stgcn","4929","1.0145"
"stgcn","4930","1.0681"
"stgcn","4931","1.0347"
"stgcn","4932","1.1289"
"stgcn","4933","1.0724"
"stgcn","4934","2.4180"
"stgcn","4935","1.0662"
"stgcn","4936","1.1152"
"stgcn","4937","1.0417"
"stgcn","4938","1.0894"
"stgcn","4939","1.0816"
"stgcn","4940","1.1300"
"stgcn","4941","1.1108"
"stgcn","4942","1.1377"
"stgcn","4943","1.0824"
"stgcn","4944","1.1019"
"stgcn","4945","1.0220"
"stgcn","4946","1.2073"
"stgcn","4947","1.2742"
"stgcn","4948","1.0852"
"stgcn","4949","1.2405"
"stgcn","4950","1.1494"
"stgcn","4951","1.0753"
"stgcn","4952","1.0885"
"stgcn","4953","1.0610"
"stgcn","4954","1.0852"
"stgcn","4955","1.0898"
"stgcn","4956","1.1164"
"stgcn","4957","1.0290"
"stgcn","4958","1.0796"
"stgcn","4959","1.3182"
"stgcn","4960","1.2765"
"stgcn","4961","1.1903"
"stgcn","4962","1.0973"
"stgcn","4963","1.4011"
"stgcn","4964","1.1900"
"stgcn","4965","1.0858"
"stgcn","4966","1.0193"
"stgcn","4967","1.1767"
"stgcn","4968","1.0848"
"stgcn","4969","1.0197"
"stgcn","4970","1.0031"
"stgcn","4971","1.2234"
"stgcn","4972","1.1884"
"stgcn","4973","1.1189"
"stgcn","4974","1.0261"
"stgcn","4975","1.0243"
"stgcn","4976","1.0645"
"stgcn","4977","1.1626"
"stgcn","4978","1.1287"
"stgcn","4979","1.1087"
"stgcn","4980","1.1601"
"stgcn","4981","1.0677"
"stgcn","4982","1.1799"
"stgcn","4983","2.5386"
"stgcn","4984","1.1750"
"stgcn","4985","1.1586"
"stgcn","4986","1.1159"
"stgcn","4987","1.0998"
"stgcn","4988","1.0748"
"stgcn","4989","0.9805"
"stgcn","4990","1.3251"
"stgcn","4991","1.0589"
"stgcn","4992","1.0144"
"stgcn","4993","0.9817"
"stgcn","4994","0.9864"
"stgcn","4995","2.6582"
"stgcn","4996","1.1248"
"stgcn","4997","1.1008"
"stgcn","4998","1.1620"
"stgcn","4999","1.0859"
