2026-03-22 17:17:24,489 INFO main - ============================================================
2026-03-22 17:17:24,489 INFO main - RehabGuardian 10.0
2026-03-22 17:17:24,489 INFO main - 模式: train
2026-03-22 17:17:24,489 INFO main - ============================================================
2026-03-22 17:17:25,438 INFO utils.b3d_loader - [B3DLoader] 120 个 .b3d 文件
2026-03-22 17:17:25,438 INFO main - [.b3d] 加载 120 个文件...
2026-03-22 17:17:25,438 INFO utils.b3d_loader - [1/120] AB06_split0.b3d
2026-03-22 17:17:25,704 WARNING utils.b3d_loader - 加载失败 /mnt/d/Camargo2021_Formatted_No_Arm/AB06_split0/AB06_split0.b3d: module 'nimblephysics_libs._nimblephysics.biomechanics.OpenSimParser' has no attribute 'loadB3D'
2026-03-22 17:17:25,704 INFO utils.b3d_loader - [2/120] AB06_split1.b3d
2026-03-22 17:17:25,704 WARNING utils.b3d_loader - 加载失败 /mnt/d/Camargo2021_Formatted_No_Arm/AB06_split1/AB06_split1.b3d: module 'nimblephysics_libs._nimblephysics.biomechanics.OpenSimParser' has no attribute 'loadB3D'
2026-03-22 17:17:25,704 INFO utils.b3d_loader - [3/120] AB06_split2.b3d
2026-03-22 17:17:25,704 WARNING utils.b3d_loader - 加载失败 /mnt/d/Camargo2021_Formatted_No_Arm/AB06_split2/AB06_split2.b3d: module 'nimblephysics_libs._nimblephysics.biomechanics.OpenSimParser' has no attribute 'loadB3D'
2026-03-22 17:17:25,704 INFO utils.b3d_loader - [4/120] AB06_split3.b3d
2026-03-22 17:17:25,704 WARNING utils.b3d_loader - 加载失败 /mnt/d/Camargo2021_Formatted_No_Arm/AB06_split3/AB06_split3.b3d: module 'nimblephysics_libs._nimblephysics.biomechanics.OpenSimParser' has no attribute 'loadB3D'
2026-03-22 17:17:25,704 INFO utils.b3d_loader - [5/120] AB06_split4.b3d
2026-03-22 17:17:25,704 WARNING utils.b3d_loader - 加载失败 /mnt/d/Camargo2021_Formatted_No_Arm/AB06_split4/AB06_split4.b3d: module 'nimblephysics_libs._nimblephysics.biomechanics.OpenSimParser' has no attribute 'loadB3D'
2026-03-22 17:17:25,705 INFO utils.b3d_loader - [6/120] AB07_split0.b3d
2026-03-22 17:17:25,705 WARNING utils.b3d_loader - 加载失败 /mnt/d/Camargo2021_Formatted_No_Arm/AB07_split0/AB07_split0.b3d: module 'nimblephysics_libs._nimblephysics.biomechanics.OpenSimParser' has no attribute 'loadB3D'
2026-03-22 17:17:25,705 INFO utils.b3d_loader - [7/120] AB07_split1.b3d
2026-03-22 17:17:25,705 WARNING utils.b3d_loader - 加载失败 /mnt/d/Camargo2021_Formatted_No_Arm/AB07_split1/AB07_split1.b3d: module 'nimblephysics_libs._nimblephysics.biomechanics.OpenSimParser' has no attribute 'loadB3D'
2026-03-22 17:17:25,705 INFO utils.b3d_loader - [8/120] AB07_split2.b3d
2026-03-22 17:17:25,705 WARNING utils.b3d_loader - 加载失败 /mnt/d/Camargo2021_Formatted_No_Arm/AB07_split2/AB07_split2.b3d: module 'nimblephysics_libs._nimblephysics.biomechanics.OpenSimParser' has no attribute 'loadB3D'
2026-03-22 17:17:25,705 INFO utils.b3d_loader - [9/120] AB07_split3.b3d
2026-03-22 17:17:25,705 WARNING utils.b3d_loader - 加载失败 /mnt/d/Camargo2021_Formatted_No_Arm/AB07_split3/AB07_split3.b3d: module 'nimblephysics_libs._nimblephysics.biomechanics.OpenSimParser' has no attribute 'loadB3D'
2026-03-22 17:17:25,705 INFO utils.b3d_loader - [10/120] AB07_split4.b3d
2026-03-22 17:17:25,705 WARNING utils.b3d_loader - 加载失败 /mnt/d/Camargo2021_Formatted_No_Arm/AB07_split4/AB07_split4.b3d: module 'nimblephysics_libs._nimblephysics.biomechanics.OpenSimParser' has no attribute 'loadB3D'
2026-03-22 17:17:25,705 INFO utils.b3d_loader - [11/120] AB07_split5.b3d
2026-03-22 17:17:25,705 WARNING utils.b3d_loader - 加载失败 /mnt/d/Camargo2021_Formatted_No_Arm/AB07_split5/AB07_split5.b3d: module 'nimblephysics_libs._nimblephysics.biomechanics.OpenSimParser' has no attribute 'loadB3D'
2026-03-22 17:17:25,705 INFO utils.b3d_loader - [12/120] AB08_split5.b3d
2026-03-22 17:17:25,705 WARNING utils.b3d_loader - 加载失败 /mnt/d/Camargo2021_Formatted_No_Arm/AB08_split5/AB08_split5.b3d: module 'nimblephysics_libs._nimblephysics.biomechanics.OpenSimParser' has no attribute 'loadB3D'
2026-03-22 17:17:25,705 INFO utils.b3d_loader - [13/120] AB09_split0.b3d
2026-03-22 17:17:25,705 WARNING utils.b3d_loader - 加载失败 /mnt/d/Camargo2021_Formatted_No_Arm/AB09_split0/AB09_split0.b3d: module 'nimblephysics_libs._nimblephysics.biomechanics.OpenSimParser' has no attribute 'loadB3D'
2026-03-22 17:17:25,705 INFO utils.b3d_loader - [14/120] AB09_split1.b3d
2026-03-22 17:17:25,705 WARNING utils.b3d_loader - 加载失败 /mnt/d/Camargo2021_Formatted_No_Arm/AB09_split1/AB09_split1.b3d: module 'nimblephysics_libs._nimblephysics.biomechanics.OpenSimParser' has no attribute 'loadB3D'
2026-03-22 17:17:25,705 INFO utils.b3d_loader - [15/120] AB09_split2.b3d
2026-03-22 17:17:25,705 WARNING utils.b3d_loader - 加载失败 /mnt/d/Camargo2021_Formatted_No_Arm/AB09_split2/AB09_split2.b3d: module 'nimblephysics_libs._nimblephysics.biomechanics.OpenSimParser' has no attribute 'loadB3D'
2026-03-22 17:17:25,705 INFO utils.b3d_loader - [16/120] AB09_split3.b3d
2026-03-22 17:17:25,705 WARNING utils.b3d_loader - 加载失败 /mnt/d/Camargo2021_Formatted_No_Arm/AB09_split3/AB09_split3.b3d: module 'nimblephysics_libs._nimblephysics.biomechanics.OpenSimParser' has no attribute 'loadB3D'
2026-03-22 17:17:25,705 INFO utils.b3d_loader - [17/120] AB09_split4.b3d
2026-03-22 17:17:25,705 WARNING utils.b3d_loader - 加载失败 /mnt/d/Camargo2021_Formatted_No_Arm/AB09_split4/AB09_split4.b3d: module 'nimblephysics_libs._nimblephysics.biomechanics.OpenSimParser' has no attribute 'loadB3D'
2026-03-22 17:17:25,705 INFO utils.b3d_loader - [18/120] AB09_split5.b3d
2026-03-22 17:17:25,705 WARNING utils.b3d_loader - 加载失败 /mnt/d/Camargo2021_Formatted_No_Arm/AB09_split5/AB09_split5.b3d: module 'nimblephysics_libs._nimblephysics.biomechanics.OpenSimParser' has no attribute 'loadB3D'
2026-03-22 17:17:25,705 INFO utils.b3d_loader - [19/120] AB11_split0.b3d
2026-03-22 17:17:25,705 WARNING utils.b3d_loader - 加载失败 /mnt/d/Camargo2021_Formatted_No_Arm/AB11_split0/AB11_split0.b3d: module 'nimblephysics_libs._nimblephysics.biomechanics.OpenSimParser' has no attribute 'loadB3D'
2026-03-22 17:17:25,705 INFO utils.b3d_loader - [20/120] AB11_split1.b3d
2026-03-22 17:17:25,706 WARNING utils.b3d_loader - 加载失败 /mnt/d/Camargo2021_Formatted_No_Arm/AB11_split1/AB11_split1.b3d: module 'nimblephysics_libs._nimblephysics.biomechanics.OpenSimParser' has no attribute 'loadB3D'
2026-03-22 17:17:25,706 INFO utils.b3d_loader - [21/120] AB11_split2.b3d
2026-03-22 17:17:25,706 WARNING utils.b3d_loader - 加载失败 /mnt/d/Camargo2021_Formatted_No_Arm/AB11_split2/AB11_split2.b3d: module 'nimblephysics_libs._nimblephysics.biomechanics.OpenSimParser' has no attribute 'loadB3D'
2026-03-22 17:17:25,706 INFO utils.b3d_loader - [22/120] AB11_split3.b3d
2026-03-22 17:17:25,706 WARNING utils.b3d_loader - 加载失败 /mnt/d/Camargo2021_Formatted_No_Arm/AB11_split3/AB11_split3.b3d: module 'nimblephysics_libs._nimblephysics.biomechanics.OpenSimParser' has no attribute 'loadB3D'
2026-03-22 17:17:25,706 INFO utils.b3d_loader - [23/120] AB11_split4.b3d
2026-03-22 17:17:25,706 WARNING utils.b3d_loader - 加载失败 /mnt/d/Camargo2021_Formatted_No_Arm/AB11_split4/AB11_split4.b3d: module 'nimblephysics_libs._nimblephysics.biomechanics.OpenSimParser' has no attribute 'loadB3D'
2026-03-22 17:17:25,706 INFO utils.b3d_loader - [24/120] AB11_split5.b3d
2026-03-22 17:17:25,706 WARNING utils.b3d_loader - 加载失败 /mnt/d/Camargo2021_Formatted_No_Arm/AB11_split5/AB11_split5.b3d: module 'nimblephysics_libs._nimblephysics.biomechanics.OpenSimParser' has no attribute 'loadB3D'
2026-03-22 17:17:25,706 INFO utils.b3d_loader - [25/120] AB12_split0.b3d
2026-03-22 17:17:25,706 WARNING utils.b3d_loader - 加载失败 /mnt/d/Camargo2021_Formatted_No_Arm/AB12_split0/AB12_split0.b3d: module 'nimblephysics_libs._nimblephysics.biomechanics.OpenSimParser' has no attribute 'loadB3D'
2026-03-22 17:17:25,706 INFO utils.b3d_loader - [26/120] AB12_split1.b3d
2026-03-22 17:17:25,706 WARNING utils.b3d_loader - 加载失败 /mnt/d/Camargo2021_Formatted_No_Arm/AB12_split1/AB12_split1.b3d: module 'nimblephysics_libs._nimblephysics.biomechanics.OpenSimParser' has no attribute 'loadB3D'
2026-03-22 17:17:25,706 INFO utils.b3d_loader - [27/120] AB12_split2.b3d
2026-03-22 17:17:25,706 WARNING utils.b3d_loader - 加载失败 /mnt/d/Camargo2021_Formatted_No_Arm/AB12_split2/AB12_split2.b3d: module 'nimblephysics_libs._nimblephysics.biomechanics.OpenSimParser' has no attribute 'loadB3D'
2026-03-22 17:17:25,706 INFO utils.b3d_loader - [28/120] AB12_split3.b3d
2026-03-22 17:17:25,706 WARNING utils.b3d_loader - 加载失败 /mnt/d/Camargo2021_Formatted_No_Arm/AB12_split3/AB12_split3.b3d: module 'nimblephysics_libs._nimblephysics.biomechanics.OpenSimParser' has no attribute 'loadB3D'
2026-03-22 17:17:25,706 INFO utils.b3d_loader - [29/120] AB12_split4.b3d
2026-03-22 17:17:25,706 WARNING utils.b3d_loader - 加载失败 /mnt/d/Camargo2021_Formatted_No_Arm/AB12_split4/AB12_split4.b3d: module 'nimblephysics_libs._nimblephysics.biomechanics.OpenSimParser' has no attribute 'loadB3D'
2026-03-22 17:17:25,706 INFO utils.b3d_loader - [30/120] AB12_split5.b3d
2026-03-22 17:17:25,706 WARNING utils.b3d_loader - 加载失败 /mnt/d/Camargo2021_Formatted_No_Arm/AB12_split5/AB12_split5.b3d: module 'nimblephysics_libs._nimblephysics.biomechanics.OpenSimParser' has no attribute 'loadB3D'
2026-03-22 17:17:25,706 INFO utils.b3d_loader - [31/120] AB13_split0.b3d
2026-03-22 17:17:25,706 WARNING utils.b3d_loader - 加载失败 /mnt/d/Camargo2021_Formatted_No_Arm/AB13_split0/AB13_split0.b3d: module 'nimblephysics_libs._nimblephysics.biomechanics.OpenSimParser' has no attribute 'loadB3D'
2026-03-22 17:17:25,706 INFO utils.b3d_loader - [32/120] AB13_split1.b3d
2026-03-22 17:17:25,706 WARNING utils.b3d_loader - 加载失败 /mnt/d/Camargo2021_Formatted_No_Arm/AB13_split1/AB13_split1.b3d: module 'nimblephysics_libs._nimblephysics.biomechanics.OpenSimParser' has no attribute 'loadB3D'
2026-03-22 17:17:25,707 INFO utils.b3d_loader - [33/120] AB13_split2.b3d
2026-03-22 17:17:25,707 WARNING utils.b3d_loader - 加载失败 /mnt/d/Camargo2021_Formatted_No_Arm/AB13_split2/AB13_split2.b3d: module 'nimblephysics_libs._nimblephysics.biomechanics.OpenSimParser' has no attribute 'loadB3D'
2026-03-22 17:17:25,707 INFO utils.b3d_loader - [34/120] AB13_split3.b3d
2026-03-22 17:17:25,707 WARNING utils.b3d_loader - 加载失败 /mnt/d/Camargo2021_Formatted_No_Arm/AB13_split3/AB13_split3.b3d: module 'nimblephysics_libs._nimblephysics.biomechanics.OpenSimParser' has no attribute 'loadB3D'
2026-03-22 17:17:25,707 INFO utils.b3d_loader - [35/120] AB13_split4.b3d
2026-03-22 17:17:25,707 WARNING utils.b3d_loader - 加载失败 /mnt/d/Camargo2021_Formatted_No_Arm/AB13_split4/AB13_split4.b3d: module 'nimblephysics_libs._nimblephysics.biomechanics.OpenSimParser' has no attribute 'loadB3D'
2026-03-22 17:17:25,707 INFO utils.b3d_loader - [36/120] AB13_split5.b3d
2026-03-22 17:17:25,707 WARNING utils.b3d_loader - 加载失败 /mnt/d/Camargo2021_Formatted_No_Arm/AB13_split5/AB13_split5.b3d: module 'nimblephysics_libs._nimblephysics.biomechanics.OpenSimParser' has no attribute 'loadB3D'
2026-03-22 17:17:25,707 INFO utils.b3d_loader - [37/120] AB14_split0.b3d
2026-03-22 17:17:25,707 WARNING utils.b3d_loader - 加载失败 /mnt/d/Camargo2021_Formatted_No_Arm/AB14_split0/AB14_split0.b3d: module 'nimblephysics_libs._nimblephysics.biomechanics.OpenSimParser' has no attribute 'loadB3D'
2026-03-22 17:17:25,707 INFO utils.b3d_loader - [38/120] AB14_split1.b3d
2026-03-22 17:17:25,707 WARNING utils.b3d_loader - 加载失败 /mnt/d/Camargo2021_Formatted_No_Arm/AB14_split1/AB14_split1.b3d: module 'nimblephysics_libs._nimblephysics.biomechanics.OpenSimParser' has no attribute 'loadB3D'
2026-03-22 17:17:25,707 INFO utils.b3d_loader - [39/120] AB14_split2.b3d
2026-03-22 17:17:25,707 WARNING utils.b3d_loader - 加载失败 /mnt/d/Camargo2021_Formatted_No_Arm/AB14_split2/AB14_split2.b3d: module 'nimblephysics_libs._nimblephysics.biomechanics.OpenSimParser' has no attribute 'loadB3D'
2026-03-22 17:17:25,707 INFO utils.b3d_loader - [40/120] AB14_split3.b3d
2026-03-22 17:17:25,707 WARNING utils.b3d_loader - 加载失败 /mnt/d/Camargo2021_Formatted_No_Arm/AB14_split3/AB14_split3.b3d: module 'nimblephysics_libs._nimblephysics.biomechanics.OpenSimParser' has no attribute 'loadB3D'
2026-03-22 17:17:25,707 INFO utils.b3d_loader - [41/120] AB14_split4.b3d
2026-03-22 17:17:25,707 WARNING utils.b3d_loader - 加载失败 /mnt/d/Camargo2021_Formatted_No_Arm/AB14_split4/AB14_split4.b3d: module 'nimblephysics_libs._nimblephysics.biomechanics.OpenSimParser' has no attribute 'loadB3D'
2026-03-22 17:17:25,707 INFO utils.b3d_loader - [42/120] AB14_split5.b3d
2026-03-22 17:17:25,707 WARNING utils.b3d_loader - 加载失败 /mnt/d/Camargo2021_Formatted_No_Arm/AB14_split5/AB14_split5.b3d: module 'nimblephysics_libs._nimblephysics.biomechanics.OpenSimParser' has no attribute 'loadB3D'
2026-03-22 17:17:25,707 INFO utils.b3d_loader - [43/120] AB15_split0.b3d
2026-03-22 17:17:25,708 WARNING utils.b3d_loader - 加载失败 /mnt/d/Camargo2021_Formatted_No_Arm/AB15_split0/AB15_split0.b3d: module 'nimblephysics_libs._nimblephysics.biomechanics.OpenSimParser' has no attribute 'loadB3D'
2026-03-22 17:17:25,708 INFO utils.b3d_loader - [44/120] AB15_split1.b3d
2026-03-22 17:17:25,708 WARNING utils.b3d_loader - 加载失败 /mnt/d/Camargo2021_Formatted_No_Arm/AB15_split1/AB15_split1.b3d: module 'nimblephysics_libs._nimblephysics.biomechanics.OpenSimParser' has no attribute 'loadB3D'
2026-03-22 17:17:25,708 INFO utils.b3d_loader - [45/120] AB15_split2.b3d
2026-03-22 17:17:25,708 WARNING utils.b3d_loader - 加载失败 /mnt/d/Camargo2021_Formatted_No_Arm/AB15_split2/AB15_split2.b3d: module 'nimblephysics_libs._nimblephysics.biomechanics.OpenSimParser' has no attribute 'loadB3D'
2026-03-22 17:17:25,708 INFO utils.b3d_loader - [46/120] AB15_split3.b3d
2026-03-22 17:17:25,708 WARNING utils.b3d_loader - 加载失败 /mnt/d/Camargo2021_Formatted_No_Arm/AB15_split3/AB15_split3.b3d: module 'nimblephysics_libs._nimblephysics.biomechanics.OpenSimParser' has no attribute 'loadB3D'
2026-03-22 17:17:25,708 INFO utils.b3d_loader - [47/120] AB15_split4.b3d
2026-03-22 17:17:25,708 WARNING utils.b3d_loader - 加载失败 /mnt/d/Camargo2021_Formatted_No_Arm/AB15_split4/AB15_split4.b3d: module 'nimblephysics_libs._nimblephysics.biomechanics.OpenSimParser' has no attribute 'loadB3D'
2026-03-22 17:17:25,708 INFO utils.b3d_loader - [48/120] AB15_split5.b3d
2026-03-22 17:17:25,708 WARNING utils.b3d_loader - 加载失败 /mnt/d/Camargo2021_Formatted_No_Arm/AB15_split5/AB15_split5.b3d: module 'nimblephysics_libs._nimblephysics.biomechanics.OpenSimParser' has no attribute 'loadB3D'
2026-03-22 17:17:25,708 INFO utils.b3d_loader - [49/120] AB16_split0.b3d
2026-03-22 17:17:25,708 WARNING utils.b3d_loader - 加载失败 /mnt/d/Camargo2021_Formatted_No_Arm/AB16_split0/AB16_split0.b3d: module 'nimblephysics_libs._nimblephysics.biomechanics.OpenSimParser' has no attribute 'loadB3D'
2026-03-22 17:17:25,708 INFO utils.b3d_loader - [50/120] AB16_split1.b3d
2026-03-22 17:17:25,708 WARNING utils.b3d_loader - 加载失败 /mnt/d/Camargo2021_Formatted_No_Arm/AB16_split1/AB16_split1.b3d: module 'nimblephysics_libs._nimblephysics.biomechanics.OpenSimParser' has no attribute 'loadB3D'
2026-03-22 17:17:25,708 INFO utils.b3d_loader - [51/120] AB16_split2.b3d
2026-03-22 17:17:25,708 WARNING utils.b3d_loader - 加载失败 /mnt/d/Camargo2021_Formatted_No_Arm/AB16_split2/AB16_split2.b3d: module 'nimblephysics_libs._nimblephysics.biomechanics.OpenSimParser' has no attribute 'loadB3D'
2026-03-22 17:17:25,708 INFO utils.b3d_loader - [52/120] AB16_split3.b3d
2026-03-22 17:17:25,708 WARNING utils.b3d_loader - 加载失败 /mnt/d/Camargo2021_Formatted_No_Arm/AB16_split3/AB16_split3.b3d: module 'nimblephysics_libs._nimblephysics.biomechanics.OpenSimParser' has no attribute 'loadB3D'
2026-03-22 17:17:25,708 INFO utils.b3d_loader - [53/120] AB16_split4.b3d
2026-03-22 17:17:25,708 WARNING utils.b3d_loader - 加载失败 /mnt/d/Camargo2021_Formatted_No_Arm/AB16_split4/AB16_split4.b3d: module 'nimblephysics_libs._nimblephysics.biomechanics.OpenSimParser' has no attribute 'loadB3D'
2026-03-22 17:17:25,708 INFO utils.b3d_loader - [54/120] AB16_split5.b3d
2026-03-22 17:17:25,708 WARNING utils.b3d_loader - 加载失败 /mnt/d/Camargo2021_Formatted_No_Arm/AB16_split5/AB16_split5.b3d: module 'nimblephysics_libs._nimblephysics.biomechanics.OpenSimParser' has no attribute 'loadB3D'
2026-03-22 17:17:25,708 INFO utils.b3d_loader - [55/120] AB17_split0.b3d
2026-03-22 17:17:25,708 WARNING utils.b3d_loader - 加载失败 /mnt/d/Camargo2021_Formatted_No_Arm/AB17_split0/AB17_split0.b3d: module 'nimblephysics_libs._nimblephysics.biomechanics.OpenSimParser' has no attribute 'loadB3D'
2026-03-22 17:17:25,708 INFO utils.b3d_loader - [56/120] AB17_split1.b3d
2026-03-22 17:17:25,709 WARNING utils.b3d_loader - 加载失败 /mnt/d/Camargo2021_Formatted_No_Arm/AB17_split1/AB17_split1.b3d: module 'nimblephysics_libs._nimblephysics.biomechanics.OpenSimParser' has no attribute 'loadB3D'
2026-03-22 17:17:25,709 INFO utils.b3d_loader - [57/120] AB17_split2.b3d
2026-03-22 17:17:25,709 WARNING utils.b3d_loader - 加载失败 /mnt/d/Camargo2021_Formatted_No_Arm/AB17_split2/AB17_split2.b3d: module 'nimblephysics_libs._nimblephysics.biomechanics.OpenSimParser' has no attribute 'loadB3D'
2026-03-22 17:17:25,709 INFO utils.b3d_loader - [58/120] AB17_split3.b3d
2026-03-22 17:17:25,709 WARNING utils.b3d_loader - 加载失败 /mnt/d/Camargo2021_Formatted_No_Arm/AB17_split3/AB17_split3.b3d: module 'nimblephysics_libs._nimblephysics.biomechanics.OpenSimParser' has no attribute 'loadB3D'
2026-03-22 17:17:25,709 INFO utils.b3d_loader - [59/120] AB17_split4.b3d
2026-03-22 17:17:25,709 WARNING utils.b3d_loader - 加载失败 /mnt/d/Camargo2021_Formatted_No_Arm/AB17_split4/AB17_split4.b3d: module 'nimblephysics_libs._nimblephysics.biomechanics.OpenSimParser' has no attribute 'loadB3D'
2026-03-22 17:17:25,709 INFO utils.b3d_loader - [60/120] AB17_split5.b3d
2026-03-22 17:17:25,709 WARNING utils.b3d_loader - 加载失败 /mnt/d/Camargo2021_Formatted_No_Arm/AB17_split5/AB17_split5.b3d: module 'nimblephysics_libs._nimblephysics.biomechanics.OpenSimParser' has no attribute 'loadB3D'
2026-03-22 17:17:25,709 INFO utils.b3d_loader - [61/120] AB18_split0.b3d
2026-03-22 17:17:25,709 WARNING utils.b3d_loader - 加载失败 /mnt/d/Camargo2021_Formatted_No_Arm/AB18_split0/AB18_split0.b3d: module 'nimblephysics_libs._nimblephysics.biomechanics.OpenSimParser' has no attribute 'loadB3D'
2026-03-22 17:17:25,709 INFO utils.b3d_loader - [62/120] AB18_split1.b3d
2026-03-22 17:17:25,709 WARNING utils.b3d_loader - 加载失败 /mnt/d/Camargo2021_Formatted_No_Arm/AB18_split1/AB18_split1.b3d: module 'nimblephysics_libs._nimblephysics.biomechanics.OpenSimParser' has no attribute 'loadB3D'
2026-03-22 17:17:25,709 INFO utils.b3d_loader - [63/120] AB18_split2.b3d
2026-03-22 17:17:25,709 WARNING utils.b3d_loader - 加载失败 /mnt/d/Camargo2021_Formatted_No_Arm/AB18_split2/AB18_split2.b3d: module 'nimblephysics_libs._nimblephysics.biomechanics.OpenSimParser' has no attribute 'loadB3D'
2026-03-22 17:17:25,709 INFO utils.b3d_loader - [64/120] AB18_split3.b3d
2026-03-22 17:17:25,709 WARNING utils.b3d_loader - 加载失败 /mnt/d/Camargo2021_Formatted_No_Arm/AB18_split3/AB18_split3.b3d: module 'nimblephysics_libs._nimblephysics.biomechanics.OpenSimParser' has no attribute 'loadB3D'
2026-03-22 17:17:25,709 INFO utils.b3d_loader - [65/120] AB18_split4.b3d
2026-03-22 17:17:25,709 WARNING utils.b3d_loader - 加载失败 /mnt/d/Camargo2021_Formatted_No_Arm/AB18_split4/AB18_split4.b3d: module 'nimblephysics_libs._nimblephysics.biomechanics.OpenSimParser' has no attribute 'loadB3D'
2026-03-22 17:17:25,709 INFO utils.b3d_loader - [66/120] AB18_split5.b3d
2026-03-22 17:17:25,709 WARNING utils.b3d_loader - 加载失败 /mnt/d/Camargo2021_Formatted_No_Arm/AB18_split5/AB18_split5.b3d: module 'nimblephysics_libs._nimblephysics.biomechanics.OpenSimParser' has no attribute 'loadB3D'
2026-03-22 17:17:25,709 INFO utils.b3d_loader - [67/120] AB19_split0.b3d
2026-03-22 17:17:25,709 WARNING utils.b3d_loader - 加载失败 /mnt/d/Camargo2021_Formatted_No_Arm/AB19_split0/AB19_split0.b3d: module 'nimblephysics_libs._nimblephysics.biomechanics.OpenSimParser' has no attribute 'loadB3D'
2026-03-22 17:17:25,709 INFO utils.b3d_loader - [68/120] AB19_split1.b3d
2026-03-22 17:17:25,709 WARNING utils.b3d_loader - 加载失败 /mnt/d/Camargo2021_Formatted_No_Arm/AB19_split1/AB19_split1.b3d: module 'nimblephysics_libs._nimblephysics.biomechanics.OpenSimParser' has no attribute 'loadB3D'
2026-03-22 17:17:25,709 INFO utils.b3d_loader - [69/120] AB19_split2.b3d
2026-03-22 17:17:25,709 WARNING utils.b3d_loader - 加载失败 /mnt/d/Camargo2021_Formatted_No_Arm/AB19_split2/AB19_split2.b3d: module 'nimblephysics_libs._nimblephysics.biomechanics.OpenSimParser' has no attribute 'loadB3D'
2026-03-22 17:17:25,710 INFO utils.b3d_loader - [70/120] AB19_split3.b3d
2026-03-22 17:17:25,710 WARNING utils.b3d_loader - 加载失败 /mnt/d/Camargo2021_Formatted_No_Arm/AB19_split3/AB19_split3.b3d: module 'nimblephysics_libs._nimblephysics.biomechanics.OpenSimParser' has no attribute 'loadB3D'
2026-03-22 17:17:25,710 INFO utils.b3d_loader - [71/120] AB19_split4.b3d
2026-03-22 17:17:25,710 WARNING utils.b3d_loader - 加载失败 /mnt/d/Camargo2021_Formatted_No_Arm/AB19_split4/AB19_split4.b3d: module 'nimblephysics_libs._nimblephysics.biomechanics.OpenSimParser' has no attribute 'loadB3D'
2026-03-22 17:17:25,710 INFO utils.b3d_loader - [72/120] AB19_split5.b3d
2026-03-22 17:17:25,710 WARNING utils.b3d_loader - 加载失败 /mnt/d/Camargo2021_Formatted_No_Arm/AB19_split5/AB19_split5.b3d: module 'nimblephysics_libs._nimblephysics.biomechanics.OpenSimParser' has no attribute 'loadB3D'
2026-03-22 17:17:25,710 INFO utils.b3d_loader - [73/120] AB20_split0.b3d
2026-03-22 17:17:25,710 WARNING utils.b3d_loader - 加载失败 /mnt/d/Camargo2021_Formatted_No_Arm/AB20_split0/AB20_split0.b3d: module 'nimblephysics_libs._nimblephysics.biomechanics.OpenSimParser' has no attribute 'loadB3D'
2026-03-22 17:17:25,710 INFO utils.b3d_loader - [74/120] AB20_split1.b3d
2026-03-22 17:17:25,710 WARNING utils.b3d_loader - 加载失败 /mnt/d/Camargo2021_Formatted_No_Arm/AB20_split1/AB20_split1.b3d: module 'nimblephysics_libs._nimblephysics.biomechanics.OpenSimParser' has no attribute 'loadB3D'
2026-03-22 17:17:25,710 INFO utils.b3d_loader - [75/120] AB20_split2.b3d
2026-03-22 17:17:25,710 WARNING utils.b3d_loader - 加载失败 /mnt/d/Camargo2021_Formatted_No_Arm/AB20_split2/AB20_split2.b3d: module 'nimblephysics_libs._nimblephysics.biomechanics.OpenSimParser' has no attribute 'loadB3D'
2026-03-22 17:17:25,710 INFO utils.b3d_loader - [76/120] AB20_split3.b3d
2026-03-22 17:17:25,710 WARNING utils.b3d_loader - 加载失败 /mnt/d/Camargo2021_Formatted_No_Arm/AB20_split3/AB20_split3.b3d: module 'nimblephysics_libs._nimblephysics.biomechanics.OpenSimParser' has no attribute 'loadB3D'
2026-03-22 17:17:25,710 INFO utils.b3d_loader - [77/120] AB20_split4.b3d
2026-03-22 17:17:25,710 WARNING utils.b3d_loader - 加载失败 /mnt/d/Camargo2021_Formatted_No_Arm/AB20_split4/AB20_split4.b3d: module 'nimblephysics_libs._nimblephysics.biomechanics.OpenSimParser' has no attribute 'loadB3D'
2026-03-22 17:17:25,710 INFO utils.b3d_loader - [78/120] AB20_split5.b3d
2026-03-22 17:17:25,710 WARNING utils.b3d_loader - 加载失败 /mnt/d/Camargo2021_Formatted_No_Arm/AB20_split5/AB20_split5.b3d: module 'nimblephysics_libs._nimblephysics.biomechanics.OpenSimParser' has no attribute 'loadB3D'
2026-03-22 17:17:25,710 INFO utils.b3d_loader - [79/120] AB21_split0.b3d
2026-03-22 17:17:25,710 WARNING utils.b3d_loader - 加载失败 /mnt/d/Camargo2021_Formatted_No_Arm/AB21_split0/AB21_split0.b3d: module 'nimblephysics_libs._nimblephysics.biomechanics.OpenSimParser' has no attribute 'loadB3D'
2026-03-22 17:17:25,710 INFO utils.b3d_loader - [80/120] AB21_split1.b3d
2026-03-22 17:17:25,710 WARNING utils.b3d_loader - 加载失败 /mnt/d/Camargo2021_Formatted_No_Arm/AB21_split1/AB21_split1.b3d: module 'nimblephysics_libs._nimblephysics.biomechanics.OpenSimParser' has no attribute 'loadB3D'
2026-03-22 17:17:25,710 INFO utils.b3d_loader - [81/120] AB21_split2.b3d
2026-03-22 17:17:25,710 WARNING utils.b3d_loader - 加载失败 /mnt/d/Camargo2021_Formatted_No_Arm/AB21_split2/AB21_split2.b3d: module 'nimblephysics_libs._nimblephysics.biomechanics.OpenSimParser' has no attribute 'loadB3D'
2026-03-22 17:17:25,710 INFO utils.b3d_loader - [82/120] AB21_split3.b3d
2026-03-22 17:17:25,710 WARNING utils.b3d_loader - 加载失败 /mnt/d/Camargo2021_Formatted_No_Arm/AB21_split3/AB21_split3.b3d: module 'nimblephysics_libs._nimblephysics.biomechanics.OpenSimParser' has no attribute 'loadB3D'
2026-03-22 17:17:25,710 INFO utils.b3d_loader - [83/120] AB21_split4.b3d
2026-03-22 17:17:25,710 WARNING utils.b3d_loader - 加载失败 /mnt/d/Camargo2021_Formatted_No_Arm/AB21_split4/AB21_split4.b3d: module 'nimblephysics_libs._nimblephysics.biomechanics.OpenSimParser' has no attribute 'loadB3D'
2026-03-22 17:17:25,711 INFO utils.b3d_loader - [84/120] AB21_split5.b3d
2026-03-22 17:17:25,711 WARNING utils.b3d_loader - 加载失败 /mnt/d/Camargo2021_Formatted_No_Arm/AB21_split5/AB21_split5.b3d: module 'nimblephysics_libs._nimblephysics.biomechanics.OpenSimParser' has no attribute 'loadB3D'
2026-03-22 17:17:25,711 INFO utils.b3d_loader - [85/120] AB23_split0.b3d
2026-03-22 17:17:25,711 WARNING utils.b3d_loader - 加载失败 /mnt/d/Camargo2021_Formatted_No_Arm/AB23_split0/AB23_split0.b3d: module 'nimblephysics_libs._nimblephysics.biomechanics.OpenSimParser' has no attribute 'loadB3D'
2026-03-22 17:17:25,711 INFO utils.b3d_loader - [86/120] AB23_split1.b3d
2026-03-22 17:17:25,711 WARNING utils.b3d_loader - 加载失败 /mnt/d/Camargo2021_Formatted_No_Arm/AB23_split1/AB23_split1.b3d: module 'nimblephysics_libs._nimblephysics.biomechanics.OpenSimParser' has no attribute 'loadB3D'
2026-03-22 17:17:25,711 INFO utils.b3d_loader - [87/120] AB23_split2.b3d
2026-03-22 17:17:25,711 WARNING utils.b3d_loader - 加载失败 /mnt/d/Camargo2021_Formatted_No_Arm/AB23_split2/AB23_split2.b3d: module 'nimblephysics_libs._nimblephysics.biomechanics.OpenSimParser' has no attribute 'loadB3D'
2026-03-22 17:17:25,711 INFO utils.b3d_loader - [88/120] AB23_split3.b3d
2026-03-22 17:17:25,711 WARNING utils.b3d_loader - 加载失败 /mnt/d/Camargo2021_Formatted_No_Arm/AB23_split3/AB23_split3.b3d: module 'nimblephysics_libs._nimblephysics.biomechanics.OpenSimParser' has no attribute 'loadB3D'
2026-03-22 17:17:25,711 INFO utils.b3d_loader - [89/120] AB23_split4.b3d
2026-03-22 17:17:25,711 WARNING utils.b3d_loader - 加载失败 /mnt/d/Camargo2021_Formatted_No_Arm/AB23_split4/AB23_split4.b3d: module 'nimblephysics_libs._nimblephysics.biomechanics.OpenSimParser' has no attribute 'loadB3D'
2026-03-22 17:17:25,711 INFO utils.b3d_loader - [90/120] AB23_split5.b3d
2026-03-22 17:17:25,711 WARNING utils.b3d_loader - 加载失败 /mnt/d/Camargo2021_Formatted_No_Arm/AB23_split5/AB23_split5.b3d: module 'nimblephysics_libs._nimblephysics.biomechanics.OpenSimParser' has no attribute 'loadB3D'
2026-03-22 17:17:25,711 INFO utils.b3d_loader - [91/120] AB24_split0.b3d
2026-03-22 17:17:25,711 WARNING utils.b3d_loader - 加载失败 /mnt/d/Camargo2021_Formatted_No_Arm/AB24_split0/AB24_split0.b3d: module 'nimblephysics_libs._nimblephysics.biomechanics.OpenSimParser' has no attribute 'loadB3D'
2026-03-22 17:17:25,711 INFO utils.b3d_loader - [92/120] AB24_split1.b3d
2026-03-22 17:17:25,711 WARNING utils.b3d_loader - 加载失败 /mnt/d/Camargo2021_Formatted_No_Arm/AB24_split1/AB24_split1.b3d: module 'nimblephysics_libs._nimblephysics.biomechanics.OpenSimParser' has no attribute 'loadB3D'
2026-03-22 17:17:25,711 INFO utils.b3d_loader - [93/120] AB24_split2.b3d
2026-03-22 17:17:25,711 WARNING utils.b3d_loader - 加载失败 /mnt/d/Camargo2021_Formatted_No_Arm/AB24_split2/AB24_split2.b3d: module 'nimblephysics_libs._nimblephysics.biomechanics.OpenSimParser' has no attribute 'loadB3D'
2026-03-22 17:17:25,711 INFO utils.b3d_loader - [94/120] AB24_split3.b3d
2026-03-22 17:17:25,711 WARNING utils.b3d_loader - 加载失败 /mnt/d/Camargo2021_Formatted_No_Arm/AB24_split3/AB24_split3.b3d: module 'nimblephysics_libs._nimblephysics.biomechanics.OpenSimParser' has no attribute 'loadB3D'
2026-03-22 17:17:25,711 INFO utils.b3d_loader - [95/120] AB24_split4.b3d
2026-03-22 17:17:25,711 WARNING utils.b3d_loader - 加载失败 /mnt/d/Camargo2021_Formatted_No_Arm/AB24_split4/AB24_split4.b3d: module 'nimblephysics_libs._nimblephysics.biomechanics.OpenSimParser' has no attribute 'loadB3D'
2026-03-22 17:17:25,712 INFO utils.b3d_loader - [96/120] AB24_split5.b3d
2026-03-22 17:17:25,712 WARNING utils.b3d_loader - 加载失败 /mnt/d/Camargo2021_Formatted_No_Arm/AB24_split5/AB24_split5.b3d: module 'nimblephysics_libs._nimblephysics.biomechanics.OpenSimParser' has no attribute 'loadB3D'
2026-03-22 17:17:25,712 INFO utils.b3d_loader - [97/120] AB25_split0.b3d
2026-03-22 17:17:25,712 WARNING utils.b3d_loader - 加载失败 /mnt/d/Camargo2021_Formatted_No_Arm/AB25_split0/AB25_split0.b3d: module 'nimblephysics_libs._nimblephysics.biomechanics.OpenSimParser' has no attribute 'loadB3D'
2026-03-22 17:17:25,712 INFO utils.b3d_loader - [98/120] AB25_split1.b3d
2026-03-22 17:17:25,712 WARNING utils.b3d_loader - 加载失败 /mnt/d/Camargo2021_Formatted_No_Arm/AB25_split1/AB25_split1.b3d: module 'nimblephysics_libs._nimblephysics.biomechanics.OpenSimParser' has no attribute 'loadB3D'
2026-03-22 17:17:25,712 INFO utils.b3d_loader - [99/120] AB25_split2.b3d
2026-03-22 17:17:25,712 WARNING utils.b3d_loader - 加载失败 /mnt/d/Camargo2021_Formatted_No_Arm/AB25_split2/AB25_split2.b3d: module 'nimblephysics_libs._nimblephysics.biomechanics.OpenSimParser' has no attribute 'loadB3D'
2026-03-22 17:17:25,712 INFO utils.b3d_loader - [100/120] AB25_split3.b3d
2026-03-22 17:17:25,712 WARNING utils.b3d_loader - 加载失败 /mnt/d/Camargo2021_Formatted_No_Arm/AB25_split3/AB25_split3.b3d: module 'nimblephysics_libs._nimblephysics.biomechanics.OpenSimParser' has no attribute 'loadB3D'
2026-03-22 17:17:25,712 INFO utils.b3d_loader - [101/120] AB25_split4.b3d
2026-03-22 17:17:25,712 WARNING utils.b3d_loader - 加载失败 /mnt/d/Camargo2021_Formatted_No_Arm/AB25_split4/AB25_split4.b3d: module 'nimblephysics_libs._nimblephysics.biomechanics.OpenSimParser' has no attribute 'loadB3D'
2026-03-22 17:17:25,712 INFO utils.b3d_loader - [102/120] AB25_split5.b3d
2026-03-22 17:17:25,712 WARNING utils.b3d_loader - 加载失败 /mnt/d/Camargo2021_Formatted_No_Arm/AB25_split5/AB25_split5.b3d: module 'nimblephysics_libs._nimblephysics.biomechanics.OpenSimParser' has no attribute 'loadB3D'
2026-03-22 17:17:25,712 INFO utils.b3d_loader - [103/120] AB27_split0.b3d
2026-03-22 17:17:25,712 WARNING utils.b3d_loader - 加载失败 /mnt/d/Camargo2021_Formatted_No_Arm/AB27_split0/AB27_split0.b3d: module 'nimblephysics_libs._nimblephysics.biomechanics.OpenSimParser' has no attribute 'loadB3D'
2026-03-22 17:17:25,712 INFO utils.b3d_loader - [104/120] AB27_split1.b3d
2026-03-22 17:17:25,712 WARNING utils.b3d_loader - 加载失败 /mnt/d/Camargo2021_Formatted_No_Arm/AB27_split1/AB27_split1.b3d: module 'nimblephysics_libs._nimblephysics.biomechanics.OpenSimParser' has no attribute 'loadB3D'
2026-03-22 17:17:25,712 INFO utils.b3d_loader - [105/120] AB27_split2.b3d
2026-03-22 17:17:25,713 WARNING utils.b3d_loader - 加载失败 /mnt/d/Camargo2021_Formatted_No_Arm/AB27_split2/AB27_split2.b3d: module 'nimblephysics_libs._nimblephysics.biomechanics.OpenSimParser' has no attribute 'loadB3D'
2026-03-22 17:17:25,713 INFO utils.b3d_loader - [106/120] AB27_split3.b3d
2026-03-22 17:17:25,713 WARNING utils.b3d_loader - 加载失败 /mnt/d/Camargo2021_Formatted_No_Arm/AB27_split3/AB27_split3.b3d: module 'nimblephysics_libs._nimblephysics.biomechanics.OpenSimParser' has no attribute 'loadB3D'
2026-03-22 17:17:25,713 INFO utils.b3d_loader - [107/120] AB27_split4.b3d
2026-03-22 17:17:25,713 WARNING utils.b3d_loader - 加载失败 /mnt/d/Camargo2021_Formatted_No_Arm/AB27_split4/AB27_split4.b3d: module 'nimblephysics_libs._nimblephysics.biomechanics.OpenSimParser' has no attribute 'loadB3D'
2026-03-22 17:17:25,713 INFO utils.b3d_loader - [108/120] AB27_split5.b3d
2026-03-22 17:17:25,713 WARNING utils.b3d_loader - 加载失败 /mnt/d/Camargo2021_Formatted_No_Arm/AB27_split5/AB27_split5.b3d: module 'nimblephysics_libs._nimblephysics.biomechanics.OpenSimParser' has no attribute 'loadB3D'
2026-03-22 17:17:25,713 INFO utils.b3d_loader - [109/120] AB28_split0.b3d
2026-03-22 17:17:25,713 WARNING utils.b3d_loader - 加载失败 /mnt/d/Camargo2021_Formatted_No_Arm/AB28_split0/AB28_split0.b3d: module 'nimblephysics_libs._nimblephysics.biomechanics.OpenSimParser' has no attribute 'loadB3D'
2026-03-22 17:17:25,713 INFO utils.b3d_loader - [110/120] AB28_split1.b3d
2026-03-22 17:17:25,713 WARNING utils.b3d_loader - 加载失败 /mnt/d/Camargo2021_Formatted_No_Arm/AB28_split1/AB28_split1.b3d: module 'nimblephysics_libs._nimblephysics.biomechanics.OpenSimParser' has no attribute 'loadB3D'
2026-03-22 17:17:25,713 INFO utils.b3d_loader - [111/120] AB28_split2.b3d
2026-03-22 17:17:25,713 WARNING utils.b3d_loader - 加载失败 /mnt/d/Camargo2021_Formatted_No_Arm/AB28_split2/AB28_split2.b3d: module 'nimblephysics_libs._nimblephysics.biomechanics.OpenSimParser' has no attribute 'loadB3D'
2026-03-22 17:17:25,713 INFO utils.b3d_loader - [112/120] AB28_split3.b3d
2026-03-22 17:17:25,713 WARNING utils.b3d_loader - 加载失败 /mnt/d/Camargo2021_Formatted_No_Arm/AB28_split3/AB28_split3.b3d: module 'nimblephysics_libs._nimblephysics.biomechanics.OpenSimParser' has no attribute 'loadB3D'
2026-03-22 17:17:25,713 INFO utils.b3d_loader - [113/120] AB28_split4.b3d
2026-03-22 17:17:25,713 WARNING utils.b3d_loader - 加载失败 /mnt/d/Camargo2021_Formatted_No_Arm/AB28_split4/AB28_split4.b3d: module 'nimblephysics_libs._nimblephysics.biomechanics.OpenSimParser' has no attribute 'loadB3D'
2026-03-22 17:17:25,713 INFO utils.b3d_loader - [114/120] AB28_split5.b3d
2026-03-22 17:17:25,713 WARNING utils.b3d_loader - 加载失败 /mnt/d/Camargo2021_Formatted_No_Arm/AB28_split5/AB28_split5.b3d: module 'nimblephysics_libs._nimblephysics.biomechanics.OpenSimParser' has no attribute 'loadB3D'
2026-03-22 17:17:25,713 INFO utils.b3d_loader - [115/120] AB30_split0.b3d
2026-03-22 17:17:25,713 WARNING utils.b3d_loader - 加载失败 /mnt/d/Camargo2021_Formatted_No_Arm/AB30_split0/AB30_split0.b3d: module 'nimblephysics_libs._nimblephysics.biomechanics.OpenSimParser' has no attribute 'loadB3D'
2026-03-22 17:17:25,714 INFO utils.b3d_loader - [116/120] AB30_split1.b3d
2026-03-22 17:17:25,714 WARNING utils.b3d_loader - 加载失败 /mnt/d/Camargo2021_Formatted_No_Arm/AB30_split1/AB30_split1.b3d: module 'nimblephysics_libs._nimblephysics.biomechanics.OpenSimParser' has no attribute 'loadB3D'
2026-03-22 17:17:25,714 INFO utils.b3d_loader - [117/120] AB30_split2.b3d
2026-03-22 17:17:25,714 WARNING utils.b3d_loader - 加载失败 /mnt/d/Camargo2021_Formatted_No_Arm/AB30_split2/AB30_split2.b3d: module 'nimblephysics_libs._nimblephysics.biomechanics.OpenSimParser' has no attribute 'loadB3D'
2026-03-22 17:17:25,714 INFO utils.b3d_loader - [118/120] AB30_split3.b3d
2026-03-22 17:17:25,714 WARNING utils.b3d_loader - 加载失败 /mnt/d/Camargo2021_Formatted_No_Arm/AB30_split3/AB30_split3.b3d: module 'nimblephysics_libs._nimblephysics.biomechanics.OpenSimParser' has no attribute 'loadB3D'
2026-03-22 17:17:25,714 INFO utils.b3d_loader - [119/120] AB30_split4.b3d
2026-03-22 17:17:25,714 WARNING utils.b3d_loader - 加载失败 /mnt/d/Camargo2021_Formatted_No_Arm/AB30_split4/AB30_split4.b3d: module 'nimblephysics_libs._nimblephysics.biomechanics.OpenSimParser' has no attribute 'loadB3D'
2026-03-22 17:17:25,722 INFO utils.b3d_loader - [120/120] AB30_split5.b3d
2026-03-22 17:17:25,722 WARNING utils.b3d_loader - 加载失败 /mnt/d/Camargo2021_Formatted_No_Arm/AB30_split5/AB30_split5.b3d: module 'nimblephysics_libs._nimblephysics.biomechanics.OpenSimParser' has no attribute 'loadB3D'
2026-03-22 17:17:25,722 INFO utils.b3d_loader - [B3DLoader] 共 0 帧
2026-03-22 17:17:25,722 WARNING main - 未找到真实数据，使用合成数据演示...
2026-03-22 17:17:25,730 INFO main - 合成数据: 600 帧
2026-03-22 17:17:25,730 INFO main - 总样本数: 600
2026-03-22 17:17:25,742 INFO utils.teacher_labeler - TeacherLabeler: 600 帧 | 低=38 中=284 高=278
2026-03-22 17:17:25,743 INFO main - 风险标签分布: 低=38 中=284 高=278
2026-03-22 17:17:25,770 INFO main - 训练集: 400 | 验证集: 100
2026-03-22 17:17:25,819 INFO main - ST-GCN: 0.49M 参数
2026-03-22 17:17:25,819 INFO main - FNO:    0.480M 参数
2026-03-22 17:17:25,819 INFO main - Risk:   42660 参数
2026-03-22 17:17:25,821 INFO main - FNO 初始时延: 50.0ms
2026-03-22 17:17:25,821 INFO trainers.train_pipeline - [Trainer v3] 设备: cuda
2026-03-22 17:17:25,829 INFO utils.normalizer - Normalizer.fit 完成，样本数=400
2026-03-22 17:17:25,830 INFO utils.normalizer - 归一化参数保存到 ./data/processed/norm_stats.npz
2026-03-22 17:17:26,584 INFO utils.reproducibility - [版本锁] b3d=20df82b44e5d716a raw=e3b0c44298fc1c14 保存到 ./data/processed/data_version_lock.json
2026-03-22 17:17:26,584 INFO utils.reproducibility - [StructuredLogger] 开始记录 run_id=run_20260322_171726
2026-03-22 17:17:26,585 INFO data.datasets - [E2EDataset/train] 200 帧, 171 窗口 (vis=5, K=10)
2026-03-22 17:17:26,585 INFO data.datasets - [E2EDataset/val] 0 帧, 0 窗口 (vis=5, K=10)
2026-03-22 17:17:29,329 INFO trainers.train_pipeline - Ep 001/100 [S1] | tr=0.4812 val=0.0000 grf_mae=0.0000 risk_acc=0.000 lag=50.0ms | 1.4s
2026-03-22 17:17:29,349 INFO trainers.train_pipeline -   ✅ 最佳模型保存 (val=0.0000)
2026-03-22 17:17:29,554 INFO trainers.train_pipeline - Ep 002/100 [S1] | tr=0.4456 val=0.0000 grf_mae=0.0000 risk_acc=0.000 lag=50.0ms | 0.2s
2026-03-22 17:17:29,759 INFO trainers.train_pipeline - Ep 003/100 [S1] | tr=0.4046 val=0.0000 grf_mae=0.0000 risk_acc=0.000 lag=50.0ms | 0.2s
2026-03-22 17:17:29,970 INFO trainers.train_pipeline - Ep 004/100 [S1] | tr=0.3992 val=0.0000 grf_mae=0.0000 risk_acc=0.000 lag=50.0ms | 0.2s
2026-03-22 17:17:30,165 INFO trainers.train_pipeline - Ep 005/100 [S1] | tr=0.3916 val=0.0000 grf_mae=0.0000 risk_acc=0.000 lag=50.0ms | 0.2s
2026-03-22 17:17:30,374 INFO trainers.train_pipeline - Ep 006/100 [S1] | tr=0.3811 val=0.0000 grf_mae=0.0000 risk_acc=0.000 lag=50.0ms | 0.2s
2026-03-22 17:17:30,567 INFO trainers.train_pipeline - Ep 007/100 [S1] | tr=0.3735 val=0.0000 grf_mae=0.0000 risk_acc=0.000 lag=50.0ms | 0.2s
2026-03-22 17:17:30,769 INFO trainers.train_pipeline - Ep 008/100 [S1] | tr=0.3626 val=0.0000 grf_mae=0.0000 risk_acc=0.000 lag=50.0ms | 0.2s
2026-03-22 17:17:30,976 INFO trainers.train_pipeline - Ep 009/100 [S1] | tr=0.3539 val=0.0000 grf_mae=0.0000 risk_acc=0.000 lag=50.0ms | 0.2s
2026-03-22 17:17:31,179 INFO trainers.train_pipeline - Ep 010/100 [S1] | tr=0.3452 val=0.0000 grf_mae=0.0000 risk_acc=0.000 lag=50.0ms | 0.2s
2026-03-22 17:17:31,377 INFO trainers.train_pipeline - Ep 011/100 [S1] | tr=0.3469 val=0.0000 grf_mae=0.0000 risk_acc=0.000 lag=50.0ms | 0.2s
2026-03-22 17:17:31,377 INFO trainers.train_pipeline - [EarlyStopping] 触发，patience=10
2026-03-22 17:17:31,377 INFO utils.reproducibility - [StructuredLogger] 日志保存到 ./logs/run_20260322_171726.json (best_val=0.0000)
2026-03-22 17:17:31,378 INFO trainers.train_pipeline - 最终学习时延: 50.0ms (初始 50ms，物理期望 20-100ms)
2026-03-22 17:17:31,378 INFO main - 训练完成 | 最终验证 loss=0.0000 | 学习时延=50.0ms
2026-03-22 17:17:31,379 INFO main - 任务完成 ✅
2026-03-22 17:30:32,390 INFO main - ============================================================
2026-03-22 17:30:32,390 INFO main - RehabGuardian 10.0
2026-03-22 17:30:32,390 INFO main - 模式: train
2026-03-22 17:30:32,390 INFO main - ============================================================
2026-03-22 17:30:33,164 INFO utils.b3d_loader - [B3DLoader] 120 个 .b3d 文件
2026-03-22 17:30:33,164 INFO main - [.b3d] 加载 120 个文件...
2026-03-22 17:30:33,164 INFO utils.b3d_loader - [1/120] AB06_split0.b3d
2026-03-22 17:30:33,427 WARNING utils.b3d_loader - 加载失败 /mnt/d/Camargo2021_Formatted_No_Arm/AB06_split0/AB06_split0.b3d: module 'nimblephysics_libs._nimblephysics.biomechanics.OpenSimParser' has no attribute 'loadB3D'
2026-03-22 17:30:33,427 INFO utils.b3d_loader - [2/120] AB06_split1.b3d
2026-03-22 17:30:33,427 WARNING utils.b3d_loader - 加载失败 /mnt/d/Camargo2021_Formatted_No_Arm/AB06_split1/AB06_split1.b3d: module 'nimblephysics_libs._nimblephysics.biomechanics.OpenSimParser' has no attribute 'loadB3D'
2026-03-22 17:30:33,427 INFO utils.b3d_loader - [3/120] AB06_split2.b3d
2026-03-22 17:30:33,428 WARNING utils.b3d_loader - 加载失败 /mnt/d/Camargo2021_Formatted_No_Arm/AB06_split2/AB06_split2.b3d: module 'nimblephysics_libs._nimblephysics.biomechanics.OpenSimParser' has no attribute 'loadB3D'
2026-03-22 17:30:33,428 INFO utils.b3d_loader - [4/120] AB06_split3.b3d
2026-03-22 17:30:33,428 WARNING utils.b3d_loader - 加载失败 /mnt/d/Camargo2021_Formatted_No_Arm/AB06_split3/AB06_split3.b3d: module 'nimblephysics_libs._nimblephysics.biomechanics.OpenSimParser' has no attribute 'loadB3D'
2026-03-22 17:30:33,428 INFO utils.b3d_loader - [5/120] AB06_split4.b3d
2026-03-22 17:30:33,428 WARNING utils.b3d_loader - 加载失败 /mnt/d/Camargo2021_Formatted_No_Arm/AB06_split4/AB06_split4.b3d: module 'nimblephysics_libs._nimblephysics.biomechanics.OpenSimParser' has no attribute 'loadB3D'
2026-03-22 17:30:33,428 INFO utils.b3d_loader - [6/120] AB07_split0.b3d
2026-03-22 17:30:33,428 WARNING utils.b3d_loader - 加载失败 /mnt/d/Camargo2021_Formatted_No_Arm/AB07_split0/AB07_split0.b3d: module 'nimblephysics_libs._nimblephysics.biomechanics.OpenSimParser' has no attribute 'loadB3D'
2026-03-22 17:30:33,428 INFO utils.b3d_loader - [7/120] AB07_split1.b3d
2026-03-22 17:30:33,428 WARNING utils.b3d_loader - 加载失败 /mnt/d/Camargo2021_Formatted_No_Arm/AB07_split1/AB07_split1.b3d: module 'nimblephysics_libs._nimblephysics.biomechanics.OpenSimParser' has no attribute 'loadB3D'
2026-03-22 17:30:33,428 INFO utils.b3d_loader - [8/120] AB07_split2.b3d
2026-03-22 17:30:33,428 WARNING utils.b3d_loader - 加载失败 /mnt/d/Camargo2021_Formatted_No_Arm/AB07_split2/AB07_split2.b3d: module 'nimblephysics_libs._nimblephysics.biomechanics.OpenSimParser' has no attribute 'loadB3D'
2026-03-22 17:30:33,429 INFO utils.b3d_loader - [9/120] AB07_split3.b3d
2026-03-22 17:30:33,429 WARNING utils.b3d_loader - 加载失败 /mnt/d/Camargo2021_Formatted_No_Arm/AB07_split3/AB07_split3.b3d: module 'nimblephysics_libs._nimblephysics.biomechanics.OpenSimParser' has no attribute 'loadB3D'
2026-03-22 17:30:33,429 INFO utils.b3d_loader - [10/120] AB07_split4.b3d
2026-03-22 17:30:33,429 WARNING utils.b3d_loader - 加载失败 /mnt/d/Camargo2021_Formatted_No_Arm/AB07_split4/AB07_split4.b3d: module 'nimblephysics_libs._nimblephysics.biomechanics.OpenSimParser' has no attribute 'loadB3D'
2026-03-22 17:30:33,429 INFO utils.b3d_loader - [11/120] AB07_split5.b3d
2026-03-22 17:30:33,429 WARNING utils.b3d_loader - 加载失败 /mnt/d/Camargo2021_Formatted_No_Arm/AB07_split5/AB07_split5.b3d: module 'nimblephysics_libs._nimblephysics.biomechanics.OpenSimParser' has no attribute 'loadB3D'
2026-03-22 17:30:33,429 INFO utils.b3d_loader - [12/120] AB08_split5.b3d
2026-03-22 17:30:33,429 WARNING utils.b3d_loader - 加载失败 /mnt/d/Camargo2021_Formatted_No_Arm/AB08_split5/AB08_split5.b3d: module 'nimblephysics_libs._nimblephysics.biomechanics.OpenSimParser' has no attribute 'loadB3D'
2026-03-22 17:30:33,429 INFO utils.b3d_loader - [13/120] AB09_split0.b3d
2026-03-22 17:30:33,429 WARNING utils.b3d_loader - 加载失败 /mnt/d/Camargo2021_Formatted_No_Arm/AB09_split0/AB09_split0.b3d: module 'nimblephysics_libs._nimblephysics.biomechanics.OpenSimParser' has no attribute 'loadB3D'
2026-03-22 17:30:33,429 INFO utils.b3d_loader - [14/120] AB09_split1.b3d
2026-03-22 17:30:33,429 WARNING utils.b3d_loader - 加载失败 /mnt/d/Camargo2021_Formatted_No_Arm/AB09_split1/AB09_split1.b3d: module 'nimblephysics_libs._nimblephysics.biomechanics.OpenSimParser' has no attribute 'loadB3D'
2026-03-22 17:30:33,429 INFO utils.b3d_loader - [15/120] AB09_split2.b3d
2026-03-22 17:30:33,430 WARNING utils.b3d_loader - 加载失败 /mnt/d/Camargo2021_Formatted_No_Arm/AB09_split2/AB09_split2.b3d: module 'nimblephysics_libs._nimblephysics.biomechanics.OpenSimParser' has no attribute 'loadB3D'
2026-03-22 17:30:33,430 INFO utils.b3d_loader - [16/120] AB09_split3.b3d
2026-03-22 17:30:33,431 WARNING utils.b3d_loader - 加载失败 /mnt/d/Camargo2021_Formatted_No_Arm/AB09_split3/AB09_split3.b3d: module 'nimblephysics_libs._nimblephysics.biomechanics.OpenSimParser' has no attribute 'loadB3D'
2026-03-22 17:30:33,431 INFO utils.b3d_loader - [17/120] AB09_split4.b3d
2026-03-22 17:30:33,431 WARNING utils.b3d_loader - 加载失败 /mnt/d/Camargo2021_Formatted_No_Arm/AB09_split4/AB09_split4.b3d: module 'nimblephysics_libs._nimblephysics.biomechanics.OpenSimParser' has no attribute 'loadB3D'
2026-03-22 17:30:33,431 INFO utils.b3d_loader - [18/120] AB09_split5.b3d
2026-03-22 17:30:33,431 WARNING utils.b3d_loader - 加载失败 /mnt/d/Camargo2021_Formatted_No_Arm/AB09_split5/AB09_split5.b3d: module 'nimblephysics_libs._nimblephysics.biomechanics.OpenSimParser' has no attribute 'loadB3D'
2026-03-22 17:30:33,431 INFO utils.b3d_loader - [19/120] AB11_split0.b3d
2026-03-22 17:30:33,431 WARNING utils.b3d_loader - 加载失败 /mnt/d/Camargo2021_Formatted_No_Arm/AB11_split0/AB11_split0.b3d: module 'nimblephysics_libs._nimblephysics.biomechanics.OpenSimParser' has no attribute 'loadB3D'
2026-03-22 17:30:33,431 INFO utils.b3d_loader - [20/120] AB11_split1.b3d
2026-03-22 17:30:33,431 WARNING utils.b3d_loader - 加载失败 /mnt/d/Camargo2021_Formatted_No_Arm/AB11_split1/AB11_split1.b3d: module 'nimblephysics_libs._nimblephysics.biomechanics.OpenSimParser' has no attribute 'loadB3D'
2026-03-22 17:30:33,431 INFO utils.b3d_loader - [21/120] AB11_split2.b3d
2026-03-22 17:30:33,431 WARNING utils.b3d_loader - 加载失败 /mnt/d/Camargo2021_Formatted_No_Arm/AB11_split2/AB11_split2.b3d: module 'nimblephysics_libs._nimblephysics.biomechanics.OpenSimParser' has no attribute 'loadB3D'
2026-03-22 17:30:33,431 INFO utils.b3d_loader - [22/120] AB11_split3.b3d
2026-03-22 17:30:33,432 WARNING utils.b3d_loader - 加载失败 /mnt/d/Camargo2021_Formatted_No_Arm/AB11_split3/AB11_split3.b3d: module 'nimblephysics_libs._nimblephysics.biomechanics.OpenSimParser' has no attribute 'loadB3D'
2026-03-22 17:30:33,432 INFO utils.b3d_loader - [23/120] AB11_split4.b3d
2026-03-22 17:30:33,432 WARNING utils.b3d_loader - 加载失败 /mnt/d/Camargo2021_Formatted_No_Arm/AB11_split4/AB11_split4.b3d: module 'nimblephysics_libs._nimblephysics.biomechanics.OpenSimParser' has no attribute 'loadB3D'
2026-03-22 17:30:33,432 INFO utils.b3d_loader - [24/120] AB11_split5.b3d
2026-03-22 17:30:33,432 WARNING utils.b3d_loader - 加载失败 /mnt/d/Camargo2021_Formatted_No_Arm/AB11_split5/AB11_split5.b3d: module 'nimblephysics_libs._nimblephysics.biomechanics.OpenSimParser' has no attribute 'loadB3D'
2026-03-22 17:30:33,432 INFO utils.b3d_loader - [25/120] AB12_split0.b3d
2026-03-22 17:30:33,432 WARNING utils.b3d_loader - 加载失败 /mnt/d/Camargo2021_Formatted_No_Arm/AB12_split0/AB12_split0.b3d: module 'nimblephysics_libs._nimblephysics.biomechanics.OpenSimParser' has no attribute 'loadB3D'
2026-03-22 17:30:33,432 INFO utils.b3d_loader - [26/120] AB12_split1.b3d
2026-03-22 17:30:33,432 WARNING utils.b3d_loader - 加载失败 /mnt/d/Camargo2021_Formatted_No_Arm/AB12_split1/AB12_split1.b3d: module 'nimblephysics_libs._nimblephysics.biomechanics.OpenSimParser' has no attribute 'loadB3D'
2026-03-22 17:30:33,432 INFO utils.b3d_loader - [27/120] AB12_split2.b3d
2026-03-22 17:30:33,432 WARNING utils.b3d_loader - 加载失败 /mnt/d/Camargo2021_Formatted_No_Arm/AB12_split2/AB12_split2.b3d: module 'nimblephysics_libs._nimblephysics.biomechanics.OpenSimParser' has no attribute 'loadB3D'
2026-03-22 17:30:33,432 INFO utils.b3d_loader - [28/120] AB12_split3.b3d
2026-03-22 17:30:33,432 WARNING utils.b3d_loader - 加载失败 /mnt/d/Camargo2021_Formatted_No_Arm/AB12_split3/AB12_split3.b3d: module 'nimblephysics_libs._nimblephysics.biomechanics.OpenSimParser' has no attribute 'loadB3D'
2026-03-22 17:30:33,433 INFO utils.b3d_loader - [29/120] AB12_split4.b3d
2026-03-22 17:30:33,433 WARNING utils.b3d_loader - 加载失败 /mnt/d/Camargo2021_Formatted_No_Arm/AB12_split4/AB12_split4.b3d: module 'nimblephysics_libs._nimblephysics.biomechanics.OpenSimParser' has no attribute 'loadB3D'
2026-03-22 17:30:33,433 INFO utils.b3d_loader - [30/120] AB12_split5.b3d
2026-03-22 17:30:33,433 WARNING utils.b3d_loader - 加载失败 /mnt/d/Camargo2021_Formatted_No_Arm/AB12_split5/AB12_split5.b3d: module 'nimblephysics_libs._nimblephysics.biomechanics.OpenSimParser' has no attribute 'loadB3D'
2026-03-22 17:30:33,433 INFO utils.b3d_loader - [31/120] AB13_split0.b3d
2026-03-22 17:30:33,433 WARNING utils.b3d_loader - 加载失败 /mnt/d/Camargo2021_Formatted_No_Arm/AB13_split0/AB13_split0.b3d: module 'nimblephysics_libs._nimblephysics.biomechanics.OpenSimParser' has no attribute 'loadB3D'
2026-03-22 17:30:33,433 INFO utils.b3d_loader - [32/120] AB13_split1.b3d
2026-03-22 17:30:33,433 WARNING utils.b3d_loader - 加载失败 /mnt/d/Camargo2021_Formatted_No_Arm/AB13_split1/AB13_split1.b3d: module 'nimblephysics_libs._nimblephysics.biomechanics.OpenSimParser' has no attribute 'loadB3D'
2026-03-22 17:30:33,433 INFO utils.b3d_loader - [33/120] AB13_split2.b3d
2026-03-22 17:30:33,433 WARNING utils.b3d_loader - 加载失败 /mnt/d/Camargo2021_Formatted_No_Arm/AB13_split2/AB13_split2.b3d: module 'nimblephysics_libs._nimblephysics.biomechanics.OpenSimParser' has no attribute 'loadB3D'
2026-03-22 17:30:33,433 INFO utils.b3d_loader - [34/120] AB13_split3.b3d
2026-03-22 17:30:33,433 WARNING utils.b3d_loader - 加载失败 /mnt/d/Camargo2021_Formatted_No_Arm/AB13_split3/AB13_split3.b3d: module 'nimblephysics_libs._nimblephysics.biomechanics.OpenSimParser' has no attribute 'loadB3D'
2026-03-22 17:30:33,433 INFO utils.b3d_loader - [35/120] AB13_split4.b3d
2026-03-22 17:30:33,433 WARNING utils.b3d_loader - 加载失败 /mnt/d/Camargo2021_Formatted_No_Arm/AB13_split4/AB13_split4.b3d: module 'nimblephysics_libs._nimblephysics.biomechanics.OpenSimParser' has no attribute 'loadB3D'
2026-03-22 17:30:33,433 INFO utils.b3d_loader - [36/120] AB13_split5.b3d
2026-03-22 17:30:33,433 WARNING utils.b3d_loader - 加载失败 /mnt/d/Camargo2021_Formatted_No_Arm/AB13_split5/AB13_split5.b3d: module 'nimblephysics_libs._nimblephysics.biomechanics.OpenSimParser' has no attribute 'loadB3D'
2026-03-22 17:30:33,433 INFO utils.b3d_loader - [37/120] AB14_split0.b3d
2026-03-22 17:30:33,433 WARNING utils.b3d_loader - 加载失败 /mnt/d/Camargo2021_Formatted_No_Arm/AB14_split0/AB14_split0.b3d: module 'nimblephysics_libs._nimblephysics.biomechanics.OpenSimParser' has no attribute 'loadB3D'
2026-03-22 17:30:33,434 INFO utils.b3d_loader - [38/120] AB14_split1.b3d
2026-03-22 17:30:33,434 WARNING utils.b3d_loader - 加载失败 /mnt/d/Camargo2021_Formatted_No_Arm/AB14_split1/AB14_split1.b3d: module 'nimblephysics_libs._nimblephysics.biomechanics.OpenSimParser' has no attribute 'loadB3D'
2026-03-22 17:30:33,434 INFO utils.b3d_loader - [39/120] AB14_split2.b3d
2026-03-22 17:30:33,434 WARNING utils.b3d_loader - 加载失败 /mnt/d/Camargo2021_Formatted_No_Arm/AB14_split2/AB14_split2.b3d: module 'nimblephysics_libs._nimblephysics.biomechanics.OpenSimParser' has no attribute 'loadB3D'
2026-03-22 17:30:33,434 INFO utils.b3d_loader - [40/120] AB14_split3.b3d
2026-03-22 17:30:33,434 WARNING utils.b3d_loader - 加载失败 /mnt/d/Camargo2021_Formatted_No_Arm/AB14_split3/AB14_split3.b3d: module 'nimblephysics_libs._nimblephysics.biomechanics.OpenSimParser' has no attribute 'loadB3D'
2026-03-22 17:30:33,434 INFO utils.b3d_loader - [41/120] AB14_split4.b3d
2026-03-22 17:30:33,434 WARNING utils.b3d_loader - 加载失败 /mnt/d/Camargo2021_Formatted_No_Arm/AB14_split4/AB14_split4.b3d: module 'nimblephysics_libs._nimblephysics.biomechanics.OpenSimParser' has no attribute 'loadB3D'
2026-03-22 17:30:33,434 INFO utils.b3d_loader - [42/120] AB14_split5.b3d
2026-03-22 17:30:33,434 WARNING utils.b3d_loader - 加载失败 /mnt/d/Camargo2021_Formatted_No_Arm/AB14_split5/AB14_split5.b3d: module 'nimblephysics_libs._nimblephysics.biomechanics.OpenSimParser' has no attribute 'loadB3D'
2026-03-22 17:30:33,434 INFO utils.b3d_loader - [43/120] AB15_split0.b3d
2026-03-22 17:30:33,434 WARNING utils.b3d_loader - 加载失败 /mnt/d/Camargo2021_Formatted_No_Arm/AB15_split0/AB15_split0.b3d: module 'nimblephysics_libs._nimblephysics.biomechanics.OpenSimParser' has no attribute 'loadB3D'
2026-03-22 17:30:33,434 INFO utils.b3d_loader - [44/120] AB15_split1.b3d
2026-03-22 17:30:33,434 WARNING utils.b3d_loader - 加载失败 /mnt/d/Camargo2021_Formatted_No_Arm/AB15_split1/AB15_split1.b3d: module 'nimblephysics_libs._nimblephysics.biomechanics.OpenSimParser' has no attribute 'loadB3D'
2026-03-22 17:30:33,434 INFO utils.b3d_loader - [45/120] AB15_split2.b3d
2026-03-22 17:30:33,434 WARNING utils.b3d_loader - 加载失败 /mnt/d/Camargo2021_Formatted_No_Arm/AB15_split2/AB15_split2.b3d: module 'nimblephysics_libs._nimblephysics.biomechanics.OpenSimParser' has no attribute 'loadB3D'
2026-03-22 17:30:33,434 INFO utils.b3d_loader - [46/120] AB15_split3.b3d
2026-03-22 17:30:33,434 WARNING utils.b3d_loader - 加载失败 /mnt/d/Camargo2021_Formatted_No_Arm/AB15_split3/AB15_split3.b3d: module 'nimblephysics_libs._nimblephysics.biomechanics.OpenSimParser' has no attribute 'loadB3D'
2026-03-22 17:30:33,434 INFO utils.b3d_loader - [47/120] AB15_split4.b3d
2026-03-22 17:30:33,434 WARNING utils.b3d_loader - 加载失败 /mnt/d/Camargo2021_Formatted_No_Arm/AB15_split4/AB15_split4.b3d: module 'nimblephysics_libs._nimblephysics.biomechanics.OpenSimParser' has no attribute 'loadB3D'
2026-03-22 17:30:33,434 INFO utils.b3d_loader - [48/120] AB15_split5.b3d
2026-03-22 17:30:33,434 WARNING utils.b3d_loader - 加载失败 /mnt/d/Camargo2021_Formatted_No_Arm/AB15_split5/AB15_split5.b3d: module 'nimblephysics_libs._nimblephysics.biomechanics.OpenSimParser' has no attribute 'loadB3D'
2026-03-22 17:30:33,434 INFO utils.b3d_loader - [49/120] AB16_split0.b3d
2026-03-22 17:30:33,434 WARNING utils.b3d_loader - 加载失败 /mnt/d/Camargo2021_Formatted_No_Arm/AB16_split0/AB16_split0.b3d: module 'nimblephysics_libs._nimblephysics.biomechanics.OpenSimParser' has no attribute 'loadB3D'
2026-03-22 17:30:33,434 INFO utils.b3d_loader - [50/120] AB16_split1.b3d
2026-03-22 17:30:33,434 WARNING utils.b3d_loader - 加载失败 /mnt/d/Camargo2021_Formatted_No_Arm/AB16_split1/AB16_split1.b3d: module 'nimblephysics_libs._nimblephysics.biomechanics.OpenSimParser' has no attribute 'loadB3D'
2026-03-22 17:30:33,434 INFO utils.b3d_loader - [51/120] AB16_split2.b3d
2026-03-22 17:30:33,434 WARNING utils.b3d_loader - 加载失败 /mnt/d/Camargo2021_Formatted_No_Arm/AB16_split2/AB16_split2.b3d: module 'nimblephysics_libs._nimblephysics.biomechanics.OpenSimParser' has no attribute 'loadB3D'
2026-03-22 17:30:33,434 INFO utils.b3d_loader - [52/120] AB16_split3.b3d
2026-03-22 17:30:33,434 WARNING utils.b3d_loader - 加载失败 /mnt/d/Camargo2021_Formatted_No_Arm/AB16_split3/AB16_split3.b3d: module 'nimblephysics_libs._nimblephysics.biomechanics.OpenSimParser' has no attribute 'loadB3D'
2026-03-22 17:30:33,434 INFO utils.b3d_loader - [53/120] AB16_split4.b3d
2026-03-22 17:30:33,434 WARNING utils.b3d_loader - 加载失败 /mnt/d/Camargo2021_Formatted_No_Arm/AB16_split4/AB16_split4.b3d: module 'nimblephysics_libs._nimblephysics.biomechanics.OpenSimParser' has no attribute 'loadB3D'
2026-03-22 17:30:33,434 INFO utils.b3d_loader - [54/120] AB16_split5.b3d
2026-03-22 17:30:33,435 WARNING utils.b3d_loader - 加载失败 /mnt/d/Camargo2021_Formatted_No_Arm/AB16_split5/AB16_split5.b3d: module 'nimblephysics_libs._nimblephysics.biomechanics.OpenSimParser' has no attribute 'loadB3D'
2026-03-22 17:30:33,435 INFO utils.b3d_loader - [55/120] AB17_split0.b3d
2026-03-22 17:30:33,435 WARNING utils.b3d_loader - 加载失败 /mnt/d/Camargo2021_Formatted_No_Arm/AB17_split0/AB17_split0.b3d: module 'nimblephysics_libs._nimblephysics.biomechanics.OpenSimParser' has no attribute 'loadB3D'
2026-03-22 17:30:33,435 INFO utils.b3d_loader - [56/120] AB17_split1.b3d
2026-03-22 17:30:33,435 WARNING utils.b3d_loader - 加载失败 /mnt/d/Camargo2021_Formatted_No_Arm/AB17_split1/AB17_split1.b3d: module 'nimblephysics_libs._nimblephysics.biomechanics.OpenSimParser' has no attribute 'loadB3D'
2026-03-22 17:30:33,435 INFO utils.b3d_loader - [57/120] AB17_split2.b3d
2026-03-22 17:30:33,435 WARNING utils.b3d_loader - 加载失败 /mnt/d/Camargo2021_Formatted_No_Arm/AB17_split2/AB17_split2.b3d: module 'nimblephysics_libs._nimblephysics.biomechanics.OpenSimParser' has no attribute 'loadB3D'
2026-03-22 17:30:33,435 INFO utils.b3d_loader - [58/120] AB17_split3.b3d
2026-03-22 17:30:33,435 WARNING utils.b3d_loader - 加载失败 /mnt/d/Camargo2021_Formatted_No_Arm/AB17_split3/AB17_split3.b3d: module 'nimblephysics_libs._nimblephysics.biomechanics.OpenSimParser' has no attribute 'loadB3D'
2026-03-22 17:30:33,435 INFO utils.b3d_loader - [59/120] AB17_split4.b3d
2026-03-22 17:30:33,435 WARNING utils.b3d_loader - 加载失败 /mnt/d/Camargo2021_Formatted_No_Arm/AB17_split4/AB17_split4.b3d: module 'nimblephysics_libs._nimblephysics.biomechanics.OpenSimParser' has no attribute 'loadB3D'
2026-03-22 17:30:33,435 INFO utils.b3d_loader - [60/120] AB17_split5.b3d
2026-03-22 17:30:33,435 WARNING utils.b3d_loader - 加载失败 /mnt/d/Camargo2021_Formatted_No_Arm/AB17_split5/AB17_split5.b3d: module 'nimblephysics_libs._nimblephysics.biomechanics.OpenSimParser' has no attribute 'loadB3D'
2026-03-22 17:30:33,435 INFO utils.b3d_loader - [61/120] AB18_split0.b3d
2026-03-22 17:30:33,435 WARNING utils.b3d_loader - 加载失败 /mnt/d/Camargo2021_Formatted_No_Arm/AB18_split0/AB18_split0.b3d: module 'nimblephysics_libs._nimblephysics.biomechanics.OpenSimParser' has no attribute 'loadB3D'
2026-03-22 17:30:33,435 INFO utils.b3d_loader - [62/120] AB18_split1.b3d
2026-03-22 17:30:33,435 WARNING utils.b3d_loader - 加载失败 /mnt/d/Camargo2021_Formatted_No_Arm/AB18_split1/AB18_split1.b3d: module 'nimblephysics_libs._nimblephysics.biomechanics.OpenSimParser' has no attribute 'loadB3D'
2026-03-22 17:30:33,435 INFO utils.b3d_loader - [63/120] AB18_split2.b3d
2026-03-22 17:30:33,435 WARNING utils.b3d_loader - 加载失败 /mnt/d/Camargo2021_Formatted_No_Arm/AB18_split2/AB18_split2.b3d: module 'nimblephysics_libs._nimblephysics.biomechanics.OpenSimParser' has no attribute 'loadB3D'
2026-03-22 17:30:33,435 INFO utils.b3d_loader - [64/120] AB18_split3.b3d
2026-03-22 17:30:33,435 WARNING utils.b3d_loader - 加载失败 /mnt/d/Camargo2021_Formatted_No_Arm/AB18_split3/AB18_split3.b3d: module 'nimblephysics_libs._nimblephysics.biomechanics.OpenSimParser' has no attribute 'loadB3D'
2026-03-22 17:30:33,435 INFO utils.b3d_loader - [65/120] AB18_split4.b3d
2026-03-22 17:30:33,435 WARNING utils.b3d_loader - 加载失败 /mnt/d/Camargo2021_Formatted_No_Arm/AB18_split4/AB18_split4.b3d: module 'nimblephysics_libs._nimblephysics.biomechanics.OpenSimParser' has no attribute 'loadB3D'
2026-03-22 17:30:33,435 INFO utils.b3d_loader - [66/120] AB18_split5.b3d
2026-03-22 17:30:33,435 WARNING utils.b3d_loader - 加载失败 /mnt/d/Camargo2021_Formatted_No_Arm/AB18_split5/AB18_split5.b3d: module 'nimblephysics_libs._nimblephysics.biomechanics.OpenSimParser' has no attribute 'loadB3D'
2026-03-22 17:30:33,435 INFO utils.b3d_loader - [67/120] AB19_split0.b3d
2026-03-22 17:30:33,435 WARNING utils.b3d_loader - 加载失败 /mnt/d/Camargo2021_Formatted_No_Arm/AB19_split0/AB19_split0.b3d: module 'nimblephysics_libs._nimblephysics.biomechanics.OpenSimParser' has no attribute 'loadB3D'
2026-03-22 17:30:33,435 INFO utils.b3d_loader - [68/120] AB19_split1.b3d
2026-03-22 17:30:33,435 WARNING utils.b3d_loader - 加载失败 /mnt/d/Camargo2021_Formatted_No_Arm/AB19_split1/AB19_split1.b3d: module 'nimblephysics_libs._nimblephysics.biomechanics.OpenSimParser' has no attribute 'loadB3D'
2026-03-22 17:30:33,435 INFO utils.b3d_loader - [69/120] AB19_split2.b3d
2026-03-22 17:30:33,435 WARNING utils.b3d_loader - 加载失败 /mnt/d/Camargo2021_Formatted_No_Arm/AB19_split2/AB19_split2.b3d: module 'nimblephysics_libs._nimblephysics.biomechanics.OpenSimParser' has no attribute 'loadB3D'
2026-03-22 17:30:33,435 INFO utils.b3d_loader - [70/120] AB19_split3.b3d
2026-03-22 17:30:33,435 WARNING utils.b3d_loader - 加载失败 /mnt/d/Camargo2021_Formatted_No_Arm/AB19_split3/AB19_split3.b3d: module 'nimblephysics_libs._nimblephysics.biomechanics.OpenSimParser' has no attribute 'loadB3D'
2026-03-22 17:30:33,435 INFO utils.b3d_loader - [71/120] AB19_split4.b3d
2026-03-22 17:30:33,435 WARNING utils.b3d_loader - 加载失败 /mnt/d/Camargo2021_Formatted_No_Arm/AB19_split4/AB19_split4.b3d: module 'nimblephysics_libs._nimblephysics.biomechanics.OpenSimParser' has no attribute 'loadB3D'
2026-03-22 17:30:33,435 INFO utils.b3d_loader - [72/120] AB19_split5.b3d
2026-03-22 17:30:33,435 WARNING utils.b3d_loader - 加载失败 /mnt/d/Camargo2021_Formatted_No_Arm/AB19_split5/AB19_split5.b3d: module 'nimblephysics_libs._nimblephysics.biomechanics.OpenSimParser' has no attribute 'loadB3D'
2026-03-22 17:30:33,435 INFO utils.b3d_loader - [73/120] AB20_split0.b3d
2026-03-22 17:30:33,435 WARNING utils.b3d_loader - 加载失败 /mnt/d/Camargo2021_Formatted_No_Arm/AB20_split0/AB20_split0.b3d: module 'nimblephysics_libs._nimblephysics.biomechanics.OpenSimParser' has no attribute 'loadB3D'
2026-03-22 17:30:33,436 INFO utils.b3d_loader - [74/120] AB20_split1.b3d
2026-03-22 17:30:33,436 WARNING utils.b3d_loader - 加载失败 /mnt/d/Camargo2021_Formatted_No_Arm/AB20_split1/AB20_split1.b3d: module 'nimblephysics_libs._nimblephysics.biomechanics.OpenSimParser' has no attribute 'loadB3D'
2026-03-22 17:30:33,436 INFO utils.b3d_loader - [75/120] AB20_split2.b3d
2026-03-22 17:30:33,436 WARNING utils.b3d_loader - 加载失败 /mnt/d/Camargo2021_Formatted_No_Arm/AB20_split2/AB20_split2.b3d: module 'nimblephysics_libs._nimblephysics.biomechanics.OpenSimParser' has no attribute 'loadB3D'
2026-03-22 17:30:33,436 INFO utils.b3d_loader - [76/120] AB20_split3.b3d
2026-03-22 17:30:33,436 WARNING utils.b3d_loader - 加载失败 /mnt/d/Camargo2021_Formatted_No_Arm/AB20_split3/AB20_split3.b3d: module 'nimblephysics_libs._nimblephysics.biomechanics.OpenSimParser' has no attribute 'loadB3D'
2026-03-22 17:30:33,437 INFO utils.b3d_loader - [77/120] AB20_split4.b3d
2026-03-22 17:30:33,437 WARNING utils.b3d_loader - 加载失败 /mnt/d/Camargo2021_Formatted_No_Arm/AB20_split4/AB20_split4.b3d: module 'nimblephysics_libs._nimblephysics.biomechanics.OpenSimParser' has no attribute 'loadB3D'
2026-03-22 17:30:33,437 INFO utils.b3d_loader - [78/120] AB20_split5.b3d
2026-03-22 17:30:33,437 WARNING utils.b3d_loader - 加载失败 /mnt/d/Camargo2021_Formatted_No_Arm/AB20_split5/AB20_split5.b3d: module 'nimblephysics_libs._nimblephysics.biomechanics.OpenSimParser' has no attribute 'loadB3D'
2026-03-22 17:30:33,437 INFO utils.b3d_loader - [79/120] AB21_split0.b3d
2026-03-22 17:30:33,437 WARNING utils.b3d_loader - 加载失败 /mnt/d/Camargo2021_Formatted_No_Arm/AB21_split0/AB21_split0.b3d: module 'nimblephysics_libs._nimblephysics.biomechanics.OpenSimParser' has no attribute 'loadB3D'
2026-03-22 17:30:33,437 INFO utils.b3d_loader - [80/120] AB21_split1.b3d
2026-03-22 17:30:33,437 WARNING utils.b3d_loader - 加载失败 /mnt/d/Camargo2021_Formatted_No_Arm/AB21_split1/AB21_split1.b3d: module 'nimblephysics_libs._nimblephysics.biomechanics.OpenSimParser' has no attribute 'loadB3D'
2026-03-22 17:30:33,437 INFO utils.b3d_loader - [81/120] AB21_split2.b3d
2026-03-22 17:30:33,437 WARNING utils.b3d_loader - 加载失败 /mnt/d/Camargo2021_Formatted_No_Arm/AB21_split2/AB21_split2.b3d: module 'nimblephysics_libs._nimblephysics.biomechanics.OpenSimParser' has no attribute 'loadB3D'
2026-03-22 17:30:33,437 INFO utils.b3d_loader - [82/120] AB21_split3.b3d
2026-03-22 17:30:33,437 WARNING utils.b3d_loader - 加载失败 /mnt/d/Camargo2021_Formatted_No_Arm/AB21_split3/AB21_split3.b3d: module 'nimblephysics_libs._nimblephysics.biomechanics.OpenSimParser' has no attribute 'loadB3D'
2026-03-22 17:30:33,437 INFO utils.b3d_loader - [83/120] AB21_split4.b3d
2026-03-22 17:30:33,437 WARNING utils.b3d_loader - 加载失败 /mnt/d/Camargo2021_Formatted_No_Arm/AB21_split4/AB21_split4.b3d: module 'nimblephysics_libs._nimblephysics.biomechanics.OpenSimParser' has no attribute 'loadB3D'
2026-03-22 17:30:33,437 INFO utils.b3d_loader - [84/120] AB21_split5.b3d
2026-03-22 17:30:33,437 WARNING utils.b3d_loader - 加载失败 /mnt/d/Camargo2021_Formatted_No_Arm/AB21_split5/AB21_split5.b3d: module 'nimblephysics_libs._nimblephysics.biomechanics.OpenSimParser' has no attribute 'loadB3D'
2026-03-22 17:30:33,437 INFO utils.b3d_loader - [85/120] AB23_split0.b3d
2026-03-22 17:30:33,437 WARNING utils.b3d_loader - 加载失败 /mnt/d/Camargo2021_Formatted_No_Arm/AB23_split0/AB23_split0.b3d: module 'nimblephysics_libs._nimblephysics.biomechanics.OpenSimParser' has no attribute 'loadB3D'
2026-03-22 17:30:33,437 INFO utils.b3d_loader - [86/120] AB23_split1.b3d
2026-03-22 17:30:33,437 WARNING utils.b3d_loader - 加载失败 /mnt/d/Camargo2021_Formatted_No_Arm/AB23_split1/AB23_split1.b3d: module 'nimblephysics_libs._nimblephysics.biomechanics.OpenSimParser' has no attribute 'loadB3D'
2026-03-22 17:30:33,437 INFO utils.b3d_loader - [87/120] AB23_split2.b3d
2026-03-22 17:30:33,437 WARNING utils.b3d_loader - 加载失败 /mnt/d/Camargo2021_Formatted_No_Arm/AB23_split2/AB23_split2.b3d: module 'nimblephysics_libs._nimblephysics.biomechanics.OpenSimParser' has no attribute 'loadB3D'
2026-03-22 17:30:33,437 INFO utils.b3d_loader - [88/120] AB23_split3.b3d
2026-03-22 17:30:33,437 WARNING utils.b3d_loader - 加载失败 /mnt/d/Camargo2021_Formatted_No_Arm/AB23_split3/AB23_split3.b3d: module 'nimblephysics_libs._nimblephysics.biomechanics.OpenSimParser' has no attribute 'loadB3D'
2026-03-22 17:30:33,437 INFO utils.b3d_loader - [89/120] AB23_split4.b3d
2026-03-22 17:30:33,437 WARNING utils.b3d_loader - 加载失败 /mnt/d/Camargo2021_Formatted_No_Arm/AB23_split4/AB23_split4.b3d: module 'nimblephysics_libs._nimblephysics.biomechanics.OpenSimParser' has no attribute 'loadB3D'
2026-03-22 17:30:33,437 INFO utils.b3d_loader - [90/120] AB23_split5.b3d
2026-03-22 17:30:33,437 WARNING utils.b3d_loader - 加载失败 /mnt/d/Camargo2021_Formatted_No_Arm/AB23_split5/AB23_split5.b3d: module 'nimblephysics_libs._nimblephysics.biomechanics.OpenSimParser' has no attribute 'loadB3D'
2026-03-22 17:30:33,437 INFO utils.b3d_loader - [91/120] AB24_split0.b3d
2026-03-22 17:30:33,438 WARNING utils.b3d_loader - 加载失败 /mnt/d/Camargo2021_Formatted_No_Arm/AB24_split0/AB24_split0.b3d: module 'nimblephysics_libs._nimblephysics.biomechanics.OpenSimParser' has no attribute 'loadB3D'
2026-03-22 17:30:33,438 INFO utils.b3d_loader - [92/120] AB24_split1.b3d
2026-03-22 17:30:33,438 WARNING utils.b3d_loader - 加载失败 /mnt/d/Camargo2021_Formatted_No_Arm/AB24_split1/AB24_split1.b3d: module 'nimblephysics_libs._nimblephysics.biomechanics.OpenSimParser' has no attribute 'loadB3D'
2026-03-22 17:30:33,438 INFO utils.b3d_loader - [93/120] AB24_split2.b3d
2026-03-22 17:30:33,438 WARNING utils.b3d_loader - 加载失败 /mnt/d/Camargo2021_Formatted_No_Arm/AB24_split2/AB24_split2.b3d: module 'nimblephysics_libs._nimblephysics.biomechanics.OpenSimParser' has no attribute 'loadB3D'
2026-03-22 17:30:33,438 INFO utils.b3d_loader - [94/120] AB24_split3.b3d
2026-03-22 17:30:33,438 WARNING utils.b3d_loader - 加载失败 /mnt/d/Camargo2021_Formatted_No_Arm/AB24_split3/AB24_split3.b3d: module 'nimblephysics_libs._nimblephysics.biomechanics.OpenSimParser' has no attribute 'loadB3D'
2026-03-22 17:30:33,438 INFO utils.b3d_loader - [95/120] AB24_split4.b3d
2026-03-22 17:30:33,438 WARNING utils.b3d_loader - 加载失败 /mnt/d/Camargo2021_Formatted_No_Arm/AB24_split4/AB24_split4.b3d: module 'nimblephysics_libs._nimblephysics.biomechanics.OpenSimParser' has no attribute 'loadB3D'
2026-03-22 17:30:33,438 INFO utils.b3d_loader - [96/120] AB24_split5.b3d
2026-03-22 17:30:33,438 WARNING utils.b3d_loader - 加载失败 /mnt/d/Camargo2021_Formatted_No_Arm/AB24_split5/AB24_split5.b3d: module 'nimblephysics_libs._nimblephysics.biomechanics.OpenSimParser' has no attribute 'loadB3D'
2026-03-22 17:30:33,438 INFO utils.b3d_loader - [97/120] AB25_split0.b3d
2026-03-22 17:30:33,438 WARNING utils.b3d_loader - 加载失败 /mnt/d/Camargo2021_Formatted_No_Arm/AB25_split0/AB25_split0.b3d: module 'nimblephysics_libs._nimblephysics.biomechanics.OpenSimParser' has no attribute 'loadB3D'
2026-03-22 17:30:33,438 INFO utils.b3d_loader - [98/120] AB25_split1.b3d
2026-03-22 17:30:33,438 WARNING utils.b3d_loader - 加载失败 /mnt/d/Camargo2021_Formatted_No_Arm/AB25_split1/AB25_split1.b3d: module 'nimblephysics_libs._nimblephysics.biomechanics.OpenSimParser' has no attribute 'loadB3D'
2026-03-22 17:30:33,438 INFO utils.b3d_loader - [99/120] AB25_split2.b3d
2026-03-22 17:30:33,438 WARNING utils.b3d_loader - 加载失败 /mnt/d/Camargo2021_Formatted_No_Arm/AB25_split2/AB25_split2.b3d: module 'nimblephysics_libs._nimblephysics.biomechanics.OpenSimParser' has no attribute 'loadB3D'
2026-03-22 17:30:33,438 INFO utils.b3d_loader - [100/120] AB25_split3.b3d
2026-03-22 17:30:33,438 WARNING utils.b3d_loader - 加载失败 /mnt/d/Camargo2021_Formatted_No_Arm/AB25_split3/AB25_split3.b3d: module 'nimblephysics_libs._nimblephysics.biomechanics.OpenSimParser' has no attribute 'loadB3D'
2026-03-22 17:30:33,438 INFO utils.b3d_loader - [101/120] AB25_split4.b3d
2026-03-22 17:30:33,438 WARNING utils.b3d_loader - 加载失败 /mnt/d/Camargo2021_Formatted_No_Arm/AB25_split4/AB25_split4.b3d: module 'nimblephysics_libs._nimblephysics.biomechanics.OpenSimParser' has no attribute 'loadB3D'
2026-03-22 17:30:33,438 INFO utils.b3d_loader - [102/120] AB25_split5.b3d
2026-03-22 17:30:33,438 WARNING utils.b3d_loader - 加载失败 /mnt/d/Camargo2021_Formatted_No_Arm/AB25_split5/AB25_split5.b3d: module 'nimblephysics_libs._nimblephysics.biomechanics.OpenSimParser' has no attribute 'loadB3D'
2026-03-22 17:30:33,438 INFO utils.b3d_loader - [103/120] AB27_split0.b3d
2026-03-22 17:30:33,438 WARNING utils.b3d_loader - 加载失败 /mnt/d/Camargo2021_Formatted_No_Arm/AB27_split0/AB27_split0.b3d: module 'nimblephysics_libs._nimblephysics.biomechanics.OpenSimParser' has no attribute 'loadB3D'
2026-03-22 17:30:33,438 INFO utils.b3d_loader - [104/120] AB27_split1.b3d
2026-03-22 17:30:33,438 WARNING utils.b3d_loader - 加载失败 /mnt/d/Camargo2021_Formatted_No_Arm/AB27_split1/AB27_split1.b3d: module 'nimblephysics_libs._nimblephysics.biomechanics.OpenSimParser' has no attribute 'loadB3D'
2026-03-22 17:30:33,438 INFO utils.b3d_loader - [105/120] AB27_split2.b3d
2026-03-22 17:30:33,438 WARNING utils.b3d_loader - 加载失败 /mnt/d/Camargo2021_Formatted_No_Arm/AB27_split2/AB27_split2.b3d: module 'nimblephysics_libs._nimblephysics.biomechanics.OpenSimParser' has no attribute 'loadB3D'
2026-03-22 17:30:33,438 INFO utils.b3d_loader - [106/120] AB27_split3.b3d
2026-03-22 17:30:33,438 WARNING utils.b3d_loader - 加载失败 /mnt/d/Camargo2021_Formatted_No_Arm/AB27_split3/AB27_split3.b3d: module 'nimblephysics_libs._nimblephysics.biomechanics.OpenSimParser' has no attribute 'loadB3D'
2026-03-22 17:30:33,438 INFO utils.b3d_loader - [107/120] AB27_split4.b3d
2026-03-22 17:30:33,438 WARNING utils.b3d_loader - 加载失败 /mnt/d/Camargo2021_Formatted_No_Arm/AB27_split4/AB27_split4.b3d: module 'nimblephysics_libs._nimblephysics.biomechanics.OpenSimParser' has no attribute 'loadB3D'
2026-03-22 17:30:33,438 INFO utils.b3d_loader - [108/120] AB27_split5.b3d
2026-03-22 17:30:33,438 WARNING utils.b3d_loader - 加载失败 /mnt/d/Camargo2021_Formatted_No_Arm/AB27_split5/AB27_split5.b3d: module 'nimblephysics_libs._nimblephysics.biomechanics.OpenSimParser' has no attribute 'loadB3D'
2026-03-22 17:30:33,438 INFO utils.b3d_loader - [109/120] AB28_split0.b3d
2026-03-22 17:30:33,438 WARNING utils.b3d_loader - 加载失败 /mnt/d/Camargo2021_Formatted_No_Arm/AB28_split0/AB28_split0.b3d: module 'nimblephysics_libs._nimblephysics.biomechanics.OpenSimParser' has no attribute 'loadB3D'
2026-03-22 17:30:33,438 INFO utils.b3d_loader - [110/120] AB28_split1.b3d
2026-03-22 17:30:33,438 WARNING utils.b3d_loader - 加载失败 /mnt/d/Camargo2021_Formatted_No_Arm/AB28_split1/AB28_split1.b3d: module 'nimblephysics_libs._nimblephysics.biomechanics.OpenSimParser' has no attribute 'loadB3D'
2026-03-22 17:30:33,438 INFO utils.b3d_loader - [111/120] AB28_split2.b3d
2026-03-22 17:30:33,439 WARNING utils.b3d_loader - 加载失败 /mnt/d/Camargo2021_Formatted_No_Arm/AB28_split2/AB28_split2.b3d: module 'nimblephysics_libs._nimblephysics.biomechanics.OpenSimParser' has no attribute 'loadB3D'
2026-03-22 17:30:33,439 INFO utils.b3d_loader - [112/120] AB28_split3.b3d
2026-03-22 17:30:33,439 WARNING utils.b3d_loader - 加载失败 /mnt/d/Camargo2021_Formatted_No_Arm/AB28_split3/AB28_split3.b3d: module 'nimblephysics_libs._nimblephysics.biomechanics.OpenSimParser' has no attribute 'loadB3D'
2026-03-22 17:30:33,439 INFO utils.b3d_loader - [113/120] AB28_split4.b3d
2026-03-22 17:30:33,439 WARNING utils.b3d_loader - 加载失败 /mnt/d/Camargo2021_Formatted_No_Arm/AB28_split4/AB28_split4.b3d: module 'nimblephysics_libs._nimblephysics.biomechanics.OpenSimParser' has no attribute 'loadB3D'
2026-03-22 17:30:33,439 INFO utils.b3d_loader - [114/120] AB28_split5.b3d
2026-03-22 17:30:33,439 WARNING utils.b3d_loader - 加载失败 /mnt/d/Camargo2021_Formatted_No_Arm/AB28_split5/AB28_split5.b3d: module 'nimblephysics_libs._nimblephysics.biomechanics.OpenSimParser' has no attribute 'loadB3D'
2026-03-22 17:30:33,439 INFO utils.b3d_loader - [115/120] AB30_split0.b3d
2026-03-22 17:30:33,439 WARNING utils.b3d_loader - 加载失败 /mnt/d/Camargo2021_Formatted_No_Arm/AB30_split0/AB30_split0.b3d: module 'nimblephysics_libs._nimblephysics.biomechanics.OpenSimParser' has no attribute 'loadB3D'
2026-03-22 17:30:33,439 INFO utils.b3d_loader - [116/120] AB30_split1.b3d
2026-03-22 17:30:33,439 WARNING utils.b3d_loader - 加载失败 /mnt/d/Camargo2021_Formatted_No_Arm/AB30_split1/AB30_split1.b3d: module 'nimblephysics_libs._nimblephysics.biomechanics.OpenSimParser' has no attribute 'loadB3D'
2026-03-22 17:30:33,439 INFO utils.b3d_loader - [117/120] AB30_split2.b3d
2026-03-22 17:30:33,439 WARNING utils.b3d_loader - 加载失败 /mnt/d/Camargo2021_Formatted_No_Arm/AB30_split2/AB30_split2.b3d: module 'nimblephysics_libs._nimblephysics.biomechanics.OpenSimParser' has no attribute 'loadB3D'
2026-03-22 17:30:33,442 INFO utils.b3d_loader - [118/120] AB30_split3.b3d
2026-03-22 17:30:33,442 WARNING utils.b3d_loader - 加载失败 /mnt/d/Camargo2021_Formatted_No_Arm/AB30_split3/AB30_split3.b3d: module 'nimblephysics_libs._nimblephysics.biomechanics.OpenSimParser' has no attribute 'loadB3D'
2026-03-22 17:30:33,442 INFO utils.b3d_loader - [119/120] AB30_split4.b3d
2026-03-22 17:30:33,442 WARNING utils.b3d_loader - 加载失败 /mnt/d/Camargo2021_Formatted_No_Arm/AB30_split4/AB30_split4.b3d: module 'nimblephysics_libs._nimblephysics.biomechanics.OpenSimParser' has no attribute 'loadB3D'
2026-03-22 17:30:33,443 INFO utils.b3d_loader - [120/120] AB30_split5.b3d
2026-03-22 17:30:33,443 WARNING utils.b3d_loader - 加载失败 /mnt/d/Camargo2021_Formatted_No_Arm/AB30_split5/AB30_split5.b3d: module 'nimblephysics_libs._nimblephysics.biomechanics.OpenSimParser' has no attribute 'loadB3D'
2026-03-22 17:30:33,443 INFO utils.b3d_loader - [B3DLoader] 共 0 帧
2026-03-22 17:30:33,443 WARNING main - 未找到真实数据，使用合成数据演示...
2026-03-22 17:30:33,453 INFO main - 合成数据: 600 帧
2026-03-22 17:30:33,454 INFO main - 总样本数: 600
2026-03-22 17:30:33,461 INFO utils.teacher_labeler - TeacherLabeler: 600 帧 | 低=38 中=284 高=278
2026-03-22 17:30:33,461 INFO main - 风险标签分布: 低=38 中=284 高=278
2026-03-22 17:30:33,466 INFO main - 训练集: 400 | 验证集: 100
2026-03-22 17:30:33,519 INFO main - ST-GCN: 0.49M 参数
2026-03-22 17:30:33,519 INFO main - FNO:    0.480M 参数
2026-03-22 17:30:33,520 INFO main - Risk:   42660 参数
2026-03-22 17:30:33,523 INFO main - FNO 初始时延: 50.0ms
2026-03-22 17:30:33,524 INFO trainers.train_pipeline - [Trainer v3] 设备: cuda
2026-03-22 17:30:33,532 INFO utils.normalizer - Normalizer.fit 完成，样本数=400
2026-03-22 17:30:33,533 INFO utils.normalizer - 归一化参数保存到 ./data/processed/norm_stats.npz
2026-03-22 17:30:34,325 INFO utils.reproducibility - [版本锁] b3d=20df82b44e5d716a raw=e3b0c44298fc1c14 保存到 ./data/processed/data_version_lock.json
2026-03-22 17:30:34,325 INFO utils.reproducibility - [StructuredLogger] 开始记录 run_id=run_20260322_173034
2026-03-22 17:30:34,326 INFO data.datasets - [E2EDataset/train] 200 帧, 171 窗口 (vis=5, K=10)
2026-03-22 17:30:34,326 INFO data.datasets - [E2EDataset/val] 0 帧, 0 窗口 (vis=5, K=10)
2026-03-22 17:30:36,626 INFO trainers.train_pipeline - Ep 001/100 [S1] | tr=0.4812 val=0.0000 grf_mae=0.0000 risk_acc=0.000 lag=50.0ms | 1.1s
2026-03-22 17:30:36,651 INFO trainers.train_pipeline -   ✅ 最佳模型保存 (val=0.0000)
2026-03-22 17:30:36,838 INFO trainers.train_pipeline - Ep 002/100 [S1] | tr=0.4456 val=0.0000 grf_mae=0.0000 risk_acc=0.000 lag=50.0ms | 0.2s
2026-03-22 17:30:37,020 INFO trainers.train_pipeline - Ep 003/100 [S1] | tr=0.4046 val=0.0000 grf_mae=0.0000 risk_acc=0.000 lag=50.0ms | 0.2s
2026-03-22 17:30:37,202 INFO trainers.train_pipeline - Ep 004/100 [S1] | tr=0.3992 val=0.0000 grf_mae=0.0000 risk_acc=0.000 lag=50.0ms | 0.2s
2026-03-22 17:30:37,378 INFO trainers.train_pipeline - Ep 005/100 [S1] | tr=0.3916 val=0.0000 grf_mae=0.0000 risk_acc=0.000 lag=50.0ms | 0.2s
2026-03-22 17:30:37,581 INFO trainers.train_pipeline - Ep 006/100 [S1] | tr=0.3811 val=0.0000 grf_mae=0.0000 risk_acc=0.000 lag=50.0ms | 0.2s
2026-03-22 17:30:37,773 INFO trainers.train_pipeline - Ep 007/100 [S1] | tr=0.3735 val=0.0000 grf_mae=0.0000 risk_acc=0.000 lag=50.0ms | 0.2s
2026-03-22 17:30:37,963 INFO trainers.train_pipeline - Ep 008/100 [S1] | tr=0.3626 val=0.0000 grf_mae=0.0000 risk_acc=0.000 lag=50.0ms | 0.2s
2026-03-22 17:30:38,161 INFO trainers.train_pipeline - Ep 009/100 [S1] | tr=0.3539 val=0.0000 grf_mae=0.0000 risk_acc=0.000 lag=50.0ms | 0.2s
2026-03-22 17:30:38,354 INFO trainers.train_pipeline - Ep 010/100 [S1] | tr=0.3452 val=0.0000 grf_mae=0.0000 risk_acc=0.000 lag=50.0ms | 0.2s
2026-03-22 17:30:38,565 INFO trainers.train_pipeline - Ep 011/100 [S1] | tr=0.3469 val=0.0000 grf_mae=0.0000 risk_acc=0.000 lag=50.0ms | 0.2s
2026-03-22 17:30:38,565 INFO trainers.train_pipeline - [EarlyStopping] 触发，patience=10
2026-03-22 17:30:38,565 INFO utils.reproducibility - [StructuredLogger] 日志保存到 ./logs/run_20260322_173034.json (best_val=0.0000)
2026-03-22 17:30:38,566 INFO trainers.train_pipeline - 最终学习时延: 50.0ms (初始 50ms，物理期望 20-100ms)
2026-03-22 17:30:38,566 INFO main - 训练完成 | 最终验证 loss=0.0000 | 学习时延=50.0ms
2026-03-22 17:30:38,566 INFO main - 任务完成 ✅
2026-03-22 17:32:14,138 INFO main - ============================================================
2026-03-22 17:32:14,138 INFO main - RehabGuardian 10.0
2026-03-22 17:32:14,138 INFO main - 模式: train
2026-03-22 17:32:14,138 INFO main - ============================================================
2026-03-22 17:32:14,636 INFO utils.b3d_loader - [B3DLoader] 120 个 .b3d 文件
2026-03-22 17:32:14,636 INFO main - [.b3d] 加载 120 个文件...
2026-03-22 17:32:14,636 INFO utils.b3d_loader - [1/120] AB06_split0.b3d
2026-03-22 17:32:14,711 WARNING utils.b3d_loader - 加载失败 /mnt/d/Camargo2021_Formatted_No_Arm/AB06_split0/AB06_split0.b3d: OpenSimParser 既没有 loadB3D 也没有 loadb3d 方法，请检查 nimblephysics 版本是否正确
2026-03-22 17:32:14,711 INFO utils.b3d_loader - [2/120] AB06_split1.b3d
2026-03-22 17:32:14,711 WARNING utils.b3d_loader - 加载失败 /mnt/d/Camargo2021_Formatted_No_Arm/AB06_split1/AB06_split1.b3d: OpenSimParser 既没有 loadB3D 也没有 loadb3d 方法，请检查 nimblephysics 版本是否正确
2026-03-22 17:32:14,711 INFO utils.b3d_loader - [3/120] AB06_split2.b3d
2026-03-22 17:32:14,711 WARNING utils.b3d_loader - 加载失败 /mnt/d/Camargo2021_Formatted_No_Arm/AB06_split2/AB06_split2.b3d: OpenSimParser 既没有 loadB3D 也没有 loadb3d 方法，请检查 nimblephysics 版本是否正确
2026-03-22 17:32:14,711 INFO utils.b3d_loader - [4/120] AB06_split3.b3d
2026-03-22 17:32:14,712 WARNING utils.b3d_loader - 加载失败 /mnt/d/Camargo2021_Formatted_No_Arm/AB06_split3/AB06_split3.b3d: OpenSimParser 既没有 loadB3D 也没有 loadb3d 方法，请检查 nimblephysics 版本是否正确
2026-03-22 17:32:14,712 INFO utils.b3d_loader - [5/120] AB06_split4.b3d
2026-03-22 17:32:14,712 WARNING utils.b3d_loader - 加载失败 /mnt/d/Camargo2021_Formatted_No_Arm/AB06_split4/AB06_split4.b3d: OpenSimParser 既没有 loadB3D 也没有 loadb3d 方法，请检查 nimblephysics 版本是否正确
2026-03-22 17:32:14,712 INFO utils.b3d_loader - [6/120] AB07_split0.b3d
2026-03-22 17:32:14,712 WARNING utils.b3d_loader - 加载失败 /mnt/d/Camargo2021_Formatted_No_Arm/AB07_split0/AB07_split0.b3d: OpenSimParser 既没有 loadB3D 也没有 loadb3d 方法，请检查 nimblephysics 版本是否正确
2026-03-22 17:32:14,712 INFO utils.b3d_loader - [7/120] AB07_split1.b3d
2026-03-22 17:32:14,712 WARNING utils.b3d_loader - 加载失败 /mnt/d/Camargo2021_Formatted_No_Arm/AB07_split1/AB07_split1.b3d: OpenSimParser 既没有 loadB3D 也没有 loadb3d 方法，请检查 nimblephysics 版本是否正确
2026-03-22 17:32:14,712 INFO utils.b3d_loader - [8/120] AB07_split2.b3d
2026-03-22 17:32:14,712 WARNING utils.b3d_loader - 加载失败 /mnt/d/Camargo2021_Formatted_No_Arm/AB07_split2/AB07_split2.b3d: OpenSimParser 既没有 loadB3D 也没有 loadb3d 方法，请检查 nimblephysics 版本是否正确
2026-03-22 17:32:14,713 INFO utils.b3d_loader - [9/120] AB07_split3.b3d
2026-03-22 17:32:14,713 WARNING utils.b3d_loader - 加载失败 /mnt/d/Camargo2021_Formatted_No_Arm/AB07_split3/AB07_split3.b3d: OpenSimParser 既没有 loadB3D 也没有 loadb3d 方法，请检查 nimblephysics 版本是否正确
2026-03-22 17:32:14,713 INFO utils.b3d_loader - [10/120] AB07_split4.b3d
2026-03-22 17:32:14,713 WARNING utils.b3d_loader - 加载失败 /mnt/d/Camargo2021_Formatted_No_Arm/AB07_split4/AB07_split4.b3d: OpenSimParser 既没有 loadB3D 也没有 loadb3d 方法，请检查 nimblephysics 版本是否正确
2026-03-22 17:32:14,713 INFO utils.b3d_loader - [11/120] AB07_split5.b3d
2026-03-22 17:32:14,713 WARNING utils.b3d_loader - 加载失败 /mnt/d/Camargo2021_Formatted_No_Arm/AB07_split5/AB07_split5.b3d: OpenSimParser 既没有 loadB3D 也没有 loadb3d 方法，请检查 nimblephysics 版本是否正确
2026-03-22 17:32:14,713 INFO utils.b3d_loader - [12/120] AB08_split5.b3d
2026-03-22 17:32:14,713 WARNING utils.b3d_loader - 加载失败 /mnt/d/Camargo2021_Formatted_No_Arm/AB08_split5/AB08_split5.b3d: OpenSimParser 既没有 loadB3D 也没有 loadb3d 方法，请检查 nimblephysics 版本是否正确
2026-03-22 17:32:14,713 INFO utils.b3d_loader - [13/120] AB09_split0.b3d
2026-03-22 17:32:14,714 WARNING utils.b3d_loader - 加载失败 /mnt/d/Camargo2021_Formatted_No_Arm/AB09_split0/AB09_split0.b3d: OpenSimParser 既没有 loadB3D 也没有 loadb3d 方法，请检查 nimblephysics 版本是否正确
2026-03-22 17:32:14,714 INFO utils.b3d_loader - [14/120] AB09_split1.b3d
2026-03-22 17:32:14,714 WARNING utils.b3d_loader - 加载失败 /mnt/d/Camargo2021_Formatted_No_Arm/AB09_split1/AB09_split1.b3d: OpenSimParser 既没有 loadB3D 也没有 loadb3d 方法，请检查 nimblephysics 版本是否正确
2026-03-22 17:32:14,714 INFO utils.b3d_loader - [15/120] AB09_split2.b3d
2026-03-22 17:32:14,714 WARNING utils.b3d_loader - 加载失败 /mnt/d/Camargo2021_Formatted_No_Arm/AB09_split2/AB09_split2.b3d: OpenSimParser 既没有 loadB3D 也没有 loadb3d 方法，请检查 nimblephysics 版本是否正确
2026-03-22 17:32:14,714 INFO utils.b3d_loader - [16/120] AB09_split3.b3d
2026-03-22 17:32:14,714 WARNING utils.b3d_loader - 加载失败 /mnt/d/Camargo2021_Formatted_No_Arm/AB09_split3/AB09_split3.b3d: OpenSimParser 既没有 loadB3D 也没有 loadb3d 方法，请检查 nimblephysics 版本是否正确
2026-03-22 17:32:14,714 INFO utils.b3d_loader - [17/120] AB09_split4.b3d
2026-03-22 17:32:14,714 WARNING utils.b3d_loader - 加载失败 /mnt/d/Camargo2021_Formatted_No_Arm/AB09_split4/AB09_split4.b3d: OpenSimParser 既没有 loadB3D 也没有 loadb3d 方法，请检查 nimblephysics 版本是否正确
2026-03-22 17:32:14,714 INFO utils.b3d_loader - [18/120] AB09_split5.b3d
2026-03-22 17:32:14,714 WARNING utils.b3d_loader - 加载失败 /mnt/d/Camargo2021_Formatted_No_Arm/AB09_split5/AB09_split5.b3d: OpenSimParser 既没有 loadB3D 也没有 loadb3d 方法，请检查 nimblephysics 版本是否正确
2026-03-22 17:32:14,714 INFO utils.b3d_loader - [19/120] AB11_split0.b3d
2026-03-22 17:32:14,714 WARNING utils.b3d_loader - 加载失败 /mnt/d/Camargo2021_Formatted_No_Arm/AB11_split0/AB11_split0.b3d: OpenSimParser 既没有 loadB3D 也没有 loadb3d 方法，请检查 nimblephysics 版本是否正确
2026-03-22 17:32:14,714 INFO utils.b3d_loader - [20/120] AB11_split1.b3d
2026-03-22 17:32:14,714 WARNING utils.b3d_loader - 加载失败 /mnt/d/Camargo2021_Formatted_No_Arm/AB11_split1/AB11_split1.b3d: OpenSimParser 既没有 loadB3D 也没有 loadb3d 方法，请检查 nimblephysics 版本是否正确
2026-03-22 17:32:14,714 INFO utils.b3d_loader - [21/120] AB11_split2.b3d
2026-03-22 17:32:14,714 WARNING utils.b3d_loader - 加载失败 /mnt/d/Camargo2021_Formatted_No_Arm/AB11_split2/AB11_split2.b3d: OpenSimParser 既没有 loadB3D 也没有 loadb3d 方法，请检查 nimblephysics 版本是否正确
2026-03-22 17:32:14,715 INFO utils.b3d_loader - [22/120] AB11_split3.b3d
2026-03-22 17:32:14,715 WARNING utils.b3d_loader - 加载失败 /mnt/d/Camargo2021_Formatted_No_Arm/AB11_split3/AB11_split3.b3d: OpenSimParser 既没有 loadB3D 也没有 loadb3d 方法，请检查 nimblephysics 版本是否正确
2026-03-22 17:32:14,715 INFO utils.b3d_loader - [23/120] AB11_split4.b3d
2026-03-22 17:32:14,715 WARNING utils.b3d_loader - 加载失败 /mnt/d/Camargo2021_Formatted_No_Arm/AB11_split4/AB11_split4.b3d: OpenSimParser 既没有 loadB3D 也没有 loadb3d 方法，请检查 nimblephysics 版本是否正确
2026-03-22 17:32:14,715 INFO utils.b3d_loader - [24/120] AB11_split5.b3d
2026-03-22 17:32:14,715 WARNING utils.b3d_loader - 加载失败 /mnt/d/Camargo2021_Formatted_No_Arm/AB11_split5/AB11_split5.b3d: OpenSimParser 既没有 loadB3D 也没有 loadb3d 方法，请检查 nimblephysics 版本是否正确
2026-03-22 17:32:14,715 INFO utils.b3d_loader - [25/120] AB12_split0.b3d
2026-03-22 17:32:14,715 WARNING utils.b3d_loader - 加载失败 /mnt/d/Camargo2021_Formatted_No_Arm/AB12_split0/AB12_split0.b3d: OpenSimParser 既没有 loadB3D 也没有 loadb3d 方法，请检查 nimblephysics 版本是否正确
2026-03-22 17:32:14,715 INFO utils.b3d_loader - [26/120] AB12_split1.b3d
2026-03-22 17:32:14,715 WARNING utils.b3d_loader - 加载失败 /mnt/d/Camargo2021_Formatted_No_Arm/AB12_split1/AB12_split1.b3d: OpenSimParser 既没有 loadB3D 也没有 loadb3d 方法，请检查 nimblephysics 版本是否正确
2026-03-22 17:32:14,715 INFO utils.b3d_loader - [27/120] AB12_split2.b3d
2026-03-22 17:32:14,715 WARNING utils.b3d_loader - 加载失败 /mnt/d/Camargo2021_Formatted_No_Arm/AB12_split2/AB12_split2.b3d: OpenSimParser 既没有 loadB3D 也没有 loadb3d 方法，请检查 nimblephysics 版本是否正确
2026-03-22 17:32:14,715 INFO utils.b3d_loader - [28/120] AB12_split3.b3d
2026-03-22 17:32:14,715 WARNING utils.b3d_loader - 加载失败 /mnt/d/Camargo2021_Formatted_No_Arm/AB12_split3/AB12_split3.b3d: OpenSimParser 既没有 loadB3D 也没有 loadb3d 方法，请检查 nimblephysics 版本是否正确
2026-03-22 17:32:14,715 INFO utils.b3d_loader - [29/120] AB12_split4.b3d
2026-03-22 17:32:14,715 WARNING utils.b3d_loader - 加载失败 /mnt/d/Camargo2021_Formatted_No_Arm/AB12_split4/AB12_split4.b3d: OpenSimParser 既没有 loadB3D 也没有 loadb3d 方法，请检查 nimblephysics 版本是否正确
2026-03-22 17:32:14,715 INFO utils.b3d_loader - [30/120] AB12_split5.b3d
2026-03-22 17:32:14,715 WARNING utils.b3d_loader - 加载失败 /mnt/d/Camargo2021_Formatted_No_Arm/AB12_split5/AB12_split5.b3d: OpenSimParser 既没有 loadB3D 也没有 loadb3d 方法，请检查 nimblephysics 版本是否正确
2026-03-22 17:32:14,715 INFO utils.b3d_loader - [31/120] AB13_split0.b3d
2026-03-22 17:32:14,715 WARNING utils.b3d_loader - 加载失败 /mnt/d/Camargo2021_Formatted_No_Arm/AB13_split0/AB13_split0.b3d: OpenSimParser 既没有 loadB3D 也没有 loadb3d 方法，请检查 nimblephysics 版本是否正确
2026-03-22 17:32:14,715 INFO utils.b3d_loader - [32/120] AB13_split1.b3d
2026-03-22 17:32:14,715 WARNING utils.b3d_loader - 加载失败 /mnt/d/Camargo2021_Formatted_No_Arm/AB13_split1/AB13_split1.b3d: OpenSimParser 既没有 loadB3D 也没有 loadb3d 方法，请检查 nimblephysics 版本是否正确
2026-03-22 17:32:14,715 INFO utils.b3d_loader - [33/120] AB13_split2.b3d
2026-03-22 17:32:14,715 WARNING utils.b3d_loader - 加载失败 /mnt/d/Camargo2021_Formatted_No_Arm/AB13_split2/AB13_split2.b3d: OpenSimParser 既没有 loadB3D 也没有 loadb3d 方法，请检查 nimblephysics 版本是否正确
2026-03-22 17:32:14,715 INFO utils.b3d_loader - [34/120] AB13_split3.b3d
2026-03-22 17:32:14,715 WARNING utils.b3d_loader - 加载失败 /mnt/d/Camargo2021_Formatted_No_Arm/AB13_split3/AB13_split3.b3d: OpenSimParser 既没有 loadB3D 也没有 loadb3d 方法，请检查 nimblephysics 版本是否正确
2026-03-22 17:32:14,715 INFO utils.b3d_loader - [35/120] AB13_split4.b3d
2026-03-22 17:32:14,715 WARNING utils.b3d_loader - 加载失败 /mnt/d/Camargo2021_Formatted_No_Arm/AB13_split4/AB13_split4.b3d: OpenSimParser 既没有 loadB3D 也没有 loadb3d 方法，请检查 nimblephysics 版本是否正确
2026-03-22 17:32:14,716 INFO utils.b3d_loader - [36/120] AB13_split5.b3d
2026-03-22 17:32:14,716 WARNING utils.b3d_loader - 加载失败 /mnt/d/Camargo2021_Formatted_No_Arm/AB13_split5/AB13_split5.b3d: OpenSimParser 既没有 loadB3D 也没有 loadb3d 方法，请检查 nimblephysics 版本是否正确
2026-03-22 17:32:14,716 INFO utils.b3d_loader - [37/120] AB14_split0.b3d
2026-03-22 17:32:14,716 WARNING utils.b3d_loader - 加载失败 /mnt/d/Camargo2021_Formatted_No_Arm/AB14_split0/AB14_split0.b3d: OpenSimParser 既没有 loadB3D 也没有 loadb3d 方法，请检查 nimblephysics 版本是否正确
2026-03-22 17:32:14,716 INFO utils.b3d_loader - [38/120] AB14_split1.b3d
2026-03-22 17:32:14,716 WARNING utils.b3d_loader - 加载失败 /mnt/d/Camargo2021_Formatted_No_Arm/AB14_split1/AB14_split1.b3d: OpenSimParser 既没有 loadB3D 也没有 loadb3d 方法，请检查 nimblephysics 版本是否正确
2026-03-22 17:32:14,716 INFO utils.b3d_loader - [39/120] AB14_split2.b3d
2026-03-22 17:32:14,716 WARNING utils.b3d_loader - 加载失败 /mnt/d/Camargo2021_Formatted_No_Arm/AB14_split2/AB14_split2.b3d: OpenSimParser 既没有 loadB3D 也没有 loadb3d 方法，请检查 nimblephysics 版本是否正确
2026-03-22 17:32:14,716 INFO utils.b3d_loader - [40/120] AB14_split3.b3d
2026-03-22 17:32:14,716 WARNING utils.b3d_loader - 加载失败 /mnt/d/Camargo2021_Formatted_No_Arm/AB14_split3/AB14_split3.b3d: OpenSimParser 既没有 loadB3D 也没有 loadb3d 方法，请检查 nimblephysics 版本是否正确
2026-03-22 17:32:14,716 INFO utils.b3d_loader - [41/120] AB14_split4.b3d
2026-03-22 17:32:14,716 WARNING utils.b3d_loader - 加载失败 /mnt/d/Camargo2021_Formatted_No_Arm/AB14_split4/AB14_split4.b3d: OpenSimParser 既没有 loadB3D 也没有 loadb3d 方法，请检查 nimblephysics 版本是否正确
2026-03-22 17:32:14,716 INFO utils.b3d_loader - [42/120] AB14_split5.b3d
2026-03-22 17:32:14,716 WARNING utils.b3d_loader - 加载失败 /mnt/d/Camargo2021_Formatted_No_Arm/AB14_split5/AB14_split5.b3d: OpenSimParser 既没有 loadB3D 也没有 loadb3d 方法，请检查 nimblephysics 版本是否正确
2026-03-22 17:32:14,716 INFO utils.b3d_loader - [43/120] AB15_split0.b3d
2026-03-22 17:32:14,716 WARNING utils.b3d_loader - 加载失败 /mnt/d/Camargo2021_Formatted_No_Arm/AB15_split0/AB15_split0.b3d: OpenSimParser 既没有 loadB3D 也没有 loadb3d 方法，请检查 nimblephysics 版本是否正确
2026-03-22 17:32:14,716 INFO utils.b3d_loader - [44/120] AB15_split1.b3d
2026-03-22 17:32:14,716 WARNING utils.b3d_loader - 加载失败 /mnt/d/Camargo2021_Formatted_No_Arm/AB15_split1/AB15_split1.b3d: OpenSimParser 既没有 loadB3D 也没有 loadb3d 方法，请检查 nimblephysics 版本是否正确
2026-03-22 17:32:14,716 INFO utils.b3d_loader - [45/120] AB15_split2.b3d
2026-03-22 17:32:14,716 WARNING utils.b3d_loader - 加载失败 /mnt/d/Camargo2021_Formatted_No_Arm/AB15_split2/AB15_split2.b3d: OpenSimParser 既没有 loadB3D 也没有 loadb3d 方法，请检查 nimblephysics 版本是否正确
2026-03-22 17:32:14,716 INFO utils.b3d_loader - [46/120] AB15_split3.b3d
2026-03-22 17:32:14,716 WARNING utils.b3d_loader - 加载失败 /mnt/d/Camargo2021_Formatted_No_Arm/AB15_split3/AB15_split3.b3d: OpenSimParser 既没有 loadB3D 也没有 loadb3d 方法，请检查 nimblephysics 版本是否正确
2026-03-22 17:32:14,716 INFO utils.b3d_loader - [47/120] AB15_split4.b3d
2026-03-22 17:32:14,716 WARNING utils.b3d_loader - 加载失败 /mnt/d/Camargo2021_Formatted_No_Arm/AB15_split4/AB15_split4.b3d: OpenSimParser 既没有 loadB3D 也没有 loadb3d 方法，请检查 nimblephysics 版本是否正确
2026-03-22 17:32:14,716 INFO utils.b3d_loader - [48/120] AB15_split5.b3d
2026-03-22 17:32:14,716 WARNING utils.b3d_loader - 加载失败 /mnt/d/Camargo2021_Formatted_No_Arm/AB15_split5/AB15_split5.b3d: OpenSimParser 既没有 loadB3D 也没有 loadb3d 方法，请检查 nimblephysics 版本是否正确
2026-03-22 17:32:14,716 INFO utils.b3d_loader - [49/120] AB16_split0.b3d
2026-03-22 17:32:14,716 WARNING utils.b3d_loader - 加载失败 /mnt/d/Camargo2021_Formatted_No_Arm/AB16_split0/AB16_split0.b3d: OpenSimParser 既没有 loadB3D 也没有 loadb3d 方法，请检查 nimblephysics 版本是否正确
2026-03-22 17:32:14,716 INFO utils.b3d_loader - [50/120] AB16_split1.b3d
2026-03-22 17:32:14,716 WARNING utils.b3d_loader - 加载失败 /mnt/d/Camargo2021_Formatted_No_Arm/AB16_split1/AB16_split1.b3d: OpenSimParser 既没有 loadB3D 也没有 loadb3d 方法，请检查 nimblephysics 版本是否正确
2026-03-22 17:32:14,716 INFO utils.b3d_loader - [51/120] AB16_split2.b3d
2026-03-22 17:32:14,716 WARNING utils.b3d_loader - 加载失败 /mnt/d/Camargo2021_Formatted_No_Arm/AB16_split2/AB16_split2.b3d: OpenSimParser 既没有 loadB3D 也没有 loadb3d 方法，请检查 nimblephysics 版本是否正确
2026-03-22 17:32:14,717 INFO utils.b3d_loader - [52/120] AB16_split3.b3d
2026-03-22 17:32:14,717 WARNING utils.b3d_loader - 加载失败 /mnt/d/Camargo2021_Formatted_No_Arm/AB16_split3/AB16_split3.b3d: OpenSimParser 既没有 loadB3D 也没有 loadb3d 方法，请检查 nimblephysics 版本是否正确
2026-03-22 17:32:14,717 INFO utils.b3d_loader - [53/120] AB16_split4.b3d
2026-03-22 17:32:14,717 WARNING utils.b3d_loader - 加载失败 /mnt/d/Camargo2021_Formatted_No_Arm/AB16_split4/AB16_split4.b3d: OpenSimParser 既没有 loadB3D 也没有 loadb3d 方法，请检查 nimblephysics 版本是否正确
2026-03-22 17:32:14,717 INFO utils.b3d_loader - [54/120] AB16_split5.b3d
2026-03-22 17:32:14,717 WARNING utils.b3d_loader - 加载失败 /mnt/d/Camargo2021_Formatted_No_Arm/AB16_split5/AB16_split5.b3d: OpenSimParser 既没有 loadB3D 也没有 loadb3d 方法，请检查 nimblephysics 版本是否正确
2026-03-22 17:32:14,717 INFO utils.b3d_loader - [55/120] AB17_split0.b3d
2026-03-22 17:32:14,717 WARNING utils.b3d_loader - 加载失败 /mnt/d/Camargo2021_Formatted_No_Arm/AB17_split0/AB17_split0.b3d: OpenSimParser 既没有 loadB3D 也没有 loadb3d 方法，请检查 nimblephysics 版本是否正确
2026-03-22 17:32:14,717 INFO utils.b3d_loader - [56/120] AB17_split1.b3d
2026-03-22 17:32:14,717 WARNING utils.b3d_loader - 加载失败 /mnt/d/Camargo2021_Formatted_No_Arm/AB17_split1/AB17_split1.b3d: OpenSimParser 既没有 loadB3D 也没有 loadb3d 方法，请检查 nimblephysics 版本是否正确
2026-03-22 17:32:14,717 INFO utils.b3d_loader - [57/120] AB17_split2.b3d
2026-03-22 17:32:14,717 WARNING utils.b3d_loader - 加载失败 /mnt/d/Camargo2021_Formatted_No_Arm/AB17_split2/AB17_split2.b3d: OpenSimParser 既没有 loadB3D 也没有 loadb3d 方法，请检查 nimblephysics 版本是否正确
2026-03-22 17:32:14,717 INFO utils.b3d_loader - [58/120] AB17_split3.b3d
2026-03-22 17:32:14,717 WARNING utils.b3d_loader - 加载失败 /mnt/d/Camargo2021_Formatted_No_Arm/AB17_split3/AB17_split3.b3d: OpenSimParser 既没有 loadB3D 也没有 loadb3d 方法，请检查 nimblephysics 版本是否正确
2026-03-22 17:32:14,717 INFO utils.b3d_loader - [59/120] AB17_split4.b3d
2026-03-22 17:32:14,717 WARNING utils.b3d_loader - 加载失败 /mnt/d/Camargo2021_Formatted_No_Arm/AB17_split4/AB17_split4.b3d: OpenSimParser 既没有 loadB3D 也没有 loadb3d 方法，请检查 nimblephysics 版本是否正确
2026-03-22 17:32:14,717 INFO utils.b3d_loader - [60/120] AB17_split5.b3d
2026-03-22 17:32:14,717 WARNING utils.b3d_loader - 加载失败 /mnt/d/Camargo2021_Formatted_No_Arm/AB17_split5/AB17_split5.b3d: OpenSimParser 既没有 loadB3D 也没有 loadb3d 方法，请检查 nimblephysics 版本是否正确
2026-03-22 17:32:14,717 INFO utils.b3d_loader - [61/120] AB18_split0.b3d
2026-03-22 17:32:14,717 WARNING utils.b3d_loader - 加载失败 /mnt/d/Camargo2021_Formatted_No_Arm/AB18_split0/AB18_split0.b3d: OpenSimParser 既没有 loadB3D 也没有 loadb3d 方法，请检查 nimblephysics 版本是否正确
2026-03-22 17:32:14,717 INFO utils.b3d_loader - [62/120] AB18_split1.b3d
2026-03-22 17:32:14,717 WARNING utils.b3d_loader - 加载失败 /mnt/d/Camargo2021_Formatted_No_Arm/AB18_split1/AB18_split1.b3d: OpenSimParser 既没有 loadB3D 也没有 loadb3d 方法，请检查 nimblephysics 版本是否正确
2026-03-22 17:32:14,717 INFO utils.b3d_loader - [63/120] AB18_split2.b3d
2026-03-22 17:32:14,717 WARNING utils.b3d_loader - 加载失败 /mnt/d/Camargo2021_Formatted_No_Arm/AB18_split2/AB18_split2.b3d: OpenSimParser 既没有 loadB3D 也没有 loadb3d 方法，请检查 nimblephysics 版本是否正确
2026-03-22 17:32:14,717 INFO utils.b3d_loader - [64/120] AB18_split3.b3d
2026-03-22 17:32:14,717 WARNING utils.b3d_loader - 加载失败 /mnt/d/Camargo2021_Formatted_No_Arm/AB18_split3/AB18_split3.b3d: OpenSimParser 既没有 loadB3D 也没有 loadb3d 方法，请检查 nimblephysics 版本是否正确
2026-03-22 17:32:14,717 INFO utils.b3d_loader - [65/120] AB18_split4.b3d
2026-03-22 17:32:14,717 WARNING utils.b3d_loader - 加载失败 /mnt/d/Camargo2021_Formatted_No_Arm/AB18_split4/AB18_split4.b3d: OpenSimParser 既没有 loadB3D 也没有 loadb3d 方法，请检查 nimblephysics 版本是否正确
2026-03-22 17:32:14,717 INFO utils.b3d_loader - [66/120] AB18_split5.b3d
2026-03-22 17:32:14,717 WARNING utils.b3d_loader - 加载失败 /mnt/d/Camargo2021_Formatted_No_Arm/AB18_split5/AB18_split5.b3d: OpenSimParser 既没有 loadB3D 也没有 loadb3d 方法，请检查 nimblephysics 版本是否正确
2026-03-22 17:32:14,717 INFO utils.b3d_loader - [67/120] AB19_split0.b3d
2026-03-22 17:32:14,717 WARNING utils.b3d_loader - 加载失败 /mnt/d/Camargo2021_Formatted_No_Arm/AB19_split0/AB19_split0.b3d: OpenSimParser 既没有 loadB3D 也没有 loadb3d 方法，请检查 nimblephysics 版本是否正确
2026-03-22 17:32:14,717 INFO utils.b3d_loader - [68/120] AB19_split1.b3d
2026-03-22 17:32:14,717 WARNING utils.b3d_loader - 加载失败 /mnt/d/Camargo2021_Formatted_No_Arm/AB19_split1/AB19_split1.b3d: OpenSimParser 既没有 loadB3D 也没有 loadb3d 方法，请检查 nimblephysics 版本是否正确
2026-03-22 17:32:14,717 INFO utils.b3d_loader - [69/120] AB19_split2.b3d
2026-03-22 17:32:14,717 WARNING utils.b3d_loader - 加载失败 /mnt/d/Camargo2021_Formatted_No_Arm/AB19_split2/AB19_split2.b3d: OpenSimParser 既没有 loadB3D 也没有 loadb3d 方法，请检查 nimblephysics 版本是否正确
2026-03-22 17:32:14,717 INFO utils.b3d_loader - [70/120] AB19_split3.b3d
2026-03-22 17:32:14,717 WARNING utils.b3d_loader - 加载失败 /mnt/d/Camargo2021_Formatted_No_Arm/AB19_split3/AB19_split3.b3d: OpenSimParser 既没有 loadB3D 也没有 loadb3d 方法，请检查 nimblephysics 版本是否正确
2026-03-22 17:32:14,717 INFO utils.b3d_loader - [71/120] AB19_split4.b3d
2026-03-22 17:32:14,717 WARNING utils.b3d_loader - 加载失败 /mnt/d/Camargo2021_Formatted_No_Arm/AB19_split4/AB19_split4.b3d: OpenSimParser 既没有 loadB3D 也没有 loadb3d 方法，请检查 nimblephysics 版本是否正确
2026-03-22 17:32:14,717 INFO utils.b3d_loader - [72/120] AB19_split5.b3d
2026-03-22 17:32:14,718 WARNING utils.b3d_loader - 加载失败 /mnt/d/Camargo2021_Formatted_No_Arm/AB19_split5/AB19_split5.b3d: OpenSimParser 既没有 loadB3D 也没有 loadb3d 方法，请检查 nimblephysics 版本是否正确
2026-03-22 17:32:14,718 INFO utils.b3d_loader - [73/120] AB20_split0.b3d
2026-03-22 17:32:14,718 WARNING utils.b3d_loader - 加载失败 /mnt/d/Camargo2021_Formatted_No_Arm/AB20_split0/AB20_split0.b3d: OpenSimParser 既没有 loadB3D 也没有 loadb3d 方法，请检查 nimblephysics 版本是否正确
2026-03-22 17:32:14,718 INFO utils.b3d_loader - [74/120] AB20_split1.b3d
2026-03-22 17:32:14,718 WARNING utils.b3d_loader - 加载失败 /mnt/d/Camargo2021_Formatted_No_Arm/AB20_split1/AB20_split1.b3d: OpenSimParser 既没有 loadB3D 也没有 loadb3d 方法，请检查 nimblephysics 版本是否正确
2026-03-22 17:32:14,718 INFO utils.b3d_loader - [75/120] AB20_split2.b3d
2026-03-22 17:32:14,718 WARNING utils.b3d_loader - 加载失败 /mnt/d/Camargo2021_Formatted_No_Arm/AB20_split2/AB20_split2.b3d: OpenSimParser 既没有 loadB3D 也没有 loadb3d 方法，请检查 nimblephysics 版本是否正确
2026-03-22 17:32:14,718 INFO utils.b3d_loader - [76/120] AB20_split3.b3d
2026-03-22 17:32:14,718 WARNING utils.b3d_loader - 加载失败 /mnt/d/Camargo2021_Formatted_No_Arm/AB20_split3/AB20_split3.b3d: OpenSimParser 既没有 loadB3D 也没有 loadb3d 方法，请检查 nimblephysics 版本是否正确
2026-03-22 17:32:14,718 INFO utils.b3d_loader - [77/120] AB20_split4.b3d
2026-03-22 17:32:14,718 WARNING utils.b3d_loader - 加载失败 /mnt/d/Camargo2021_Formatted_No_Arm/AB20_split4/AB20_split4.b3d: OpenSimParser 既没有 loadB3D 也没有 loadb3d 方法，请检查 nimblephysics 版本是否正确
2026-03-22 17:32:14,718 INFO utils.b3d_loader - [78/120] AB20_split5.b3d
2026-03-22 17:32:14,718 WARNING utils.b3d_loader - 加载失败 /mnt/d/Camargo2021_Formatted_No_Arm/AB20_split5/AB20_split5.b3d: OpenSimParser 既没有 loadB3D 也没有 loadb3d 方法，请检查 nimblephysics 版本是否正确
2026-03-22 17:32:14,718 INFO utils.b3d_loader - [79/120] AB21_split0.b3d
2026-03-22 17:32:14,718 WARNING utils.b3d_loader - 加载失败 /mnt/d/Camargo2021_Formatted_No_Arm/AB21_split0/AB21_split0.b3d: OpenSimParser 既没有 loadB3D 也没有 loadb3d 方法，请检查 nimblephysics 版本是否正确
2026-03-22 17:32:14,718 INFO utils.b3d_loader - [80/120] AB21_split1.b3d
2026-03-22 17:32:14,718 WARNING utils.b3d_loader - 加载失败 /mnt/d/Camargo2021_Formatted_No_Arm/AB21_split1/AB21_split1.b3d: OpenSimParser 既没有 loadB3D 也没有 loadb3d 方法，请检查 nimblephysics 版本是否正确
2026-03-22 17:32:14,718 INFO utils.b3d_loader - [81/120] AB21_split2.b3d
2026-03-22 17:32:14,718 WARNING utils.b3d_loader - 加载失败 /mnt/d/Camargo2021_Formatted_No_Arm/AB21_split2/AB21_split2.b3d: OpenSimParser 既没有 loadB3D 也没有 loadb3d 方法，请检查 nimblephysics 版本是否正确
2026-03-22 17:32:14,718 INFO utils.b3d_loader - [82/120] AB21_split3.b3d
2026-03-22 17:32:14,718 WARNING utils.b3d_loader - 加载失败 /mnt/d/Camargo2021_Formatted_No_Arm/AB21_split3/AB21_split3.b3d: OpenSimParser 既没有 loadB3D 也没有 loadb3d 方法，请检查 nimblephysics 版本是否正确
2026-03-22 17:32:14,718 INFO utils.b3d_loader - [83/120] AB21_split4.b3d
2026-03-22 17:32:14,718 WARNING utils.b3d_loader - 加载失败 /mnt/d/Camargo2021_Formatted_No_Arm/AB21_split4/AB21_split4.b3d: OpenSimParser 既没有 loadB3D 也没有 loadb3d 方法，请检查 nimblephysics 版本是否正确
2026-03-22 17:32:14,718 INFO utils.b3d_loader - [84/120] AB21_split5.b3d
2026-03-22 17:32:14,718 WARNING utils.b3d_loader - 加载失败 /mnt/d/Camargo2021_Formatted_No_Arm/AB21_split5/AB21_split5.b3d: OpenSimParser 既没有 loadB3D 也没有 loadb3d 方法，请检查 nimblephysics 版本是否正确
2026-03-22 17:32:14,718 INFO utils.b3d_loader - [85/120] AB23_split0.b3d
2026-03-22 17:32:14,718 WARNING utils.b3d_loader - 加载失败 /mnt/d/Camargo2021_Formatted_No_Arm/AB23_split0/AB23_split0.b3d: OpenSimParser 既没有 loadB3D 也没有 loadb3d 方法，请检查 nimblephysics 版本是否正确
2026-03-22 17:32:14,718 INFO utils.b3d_loader - [86/120] AB23_split1.b3d
2026-03-22 17:32:14,718 WARNING utils.b3d_loader - 加载失败 /mnt/d/Camargo2021_Formatted_No_Arm/AB23_split1/AB23_split1.b3d: OpenSimParser 既没有 loadB3D 也没有 loadb3d 方法，请检查 nimblephysics 版本是否正确
2026-03-22 17:32:14,718 INFO utils.b3d_loader - [87/120] AB23_split2.b3d
2026-03-22 17:32:14,718 WARNING utils.b3d_loader - 加载失败 /mnt/d/Camargo2021_Formatted_No_Arm/AB23_split2/AB23_split2.b3d: OpenSimParser 既没有 loadB3D 也没有 loadb3d 方法，请检查 nimblephysics 版本是否正确
2026-03-22 17:32:14,719 INFO utils.b3d_loader - [88/120] AB23_split3.b3d
2026-03-22 17:32:14,719 WARNING utils.b3d_loader - 加载失败 /mnt/d/Camargo2021_Formatted_No_Arm/AB23_split3/AB23_split3.b3d: OpenSimParser 既没有 loadB3D 也没有 loadb3d 方法，请检查 nimblephysics 版本是否正确
2026-03-22 17:32:14,719 INFO utils.b3d_loader - [89/120] AB23_split4.b3d
2026-03-22 17:32:14,719 WARNING utils.b3d_loader - 加载失败 /mnt/d/Camargo2021_Formatted_No_Arm/AB23_split4/AB23_split4.b3d: OpenSimParser 既没有 loadB3D 也没有 loadb3d 方法，请检查 nimblephysics 版本是否正确
2026-03-22 17:32:14,719 INFO utils.b3d_loader - [90/120] AB23_split5.b3d
2026-03-22 17:32:14,719 WARNING utils.b3d_loader - 加载失败 /mnt/d/Camargo2021_Formatted_No_Arm/AB23_split5/AB23_split5.b3d: OpenSimParser 既没有 loadB3D 也没有 loadb3d 方法，请检查 nimblephysics 版本是否正确
2026-03-22 17:32:14,719 INFO utils.b3d_loader - [91/120] AB24_split0.b3d
2026-03-22 17:32:14,719 WARNING utils.b3d_loader - 加载失败 /mnt/d/Camargo2021_Formatted_No_Arm/AB24_split0/AB24_split0.b3d: OpenSimParser 既没有 loadB3D 也没有 loadb3d 方法，请检查 nimblephysics 版本是否正确
2026-03-22 17:32:14,719 INFO utils.b3d_loader - [92/120] AB24_split1.b3d
2026-03-22 17:32:14,719 WARNING utils.b3d_loader - 加载失败 /mnt/d/Camargo2021_Formatted_No_Arm/AB24_split1/AB24_split1.b3d: OpenSimParser 既没有 loadB3D 也没有 loadb3d 方法，请检查 nimblephysics 版本是否正确
2026-03-22 17:32:14,719 INFO utils.b3d_loader - [93/120] AB24_split2.b3d
2026-03-22 17:32:14,719 WARNING utils.b3d_loader - 加载失败 /mnt/d/Camargo2021_Formatted_No_Arm/AB24_split2/AB24_split2.b3d: OpenSimParser 既没有 loadB3D 也没有 loadb3d 方法，请检查 nimblephysics 版本是否正确
2026-03-22 17:32:14,719 INFO utils.b3d_loader - [94/120] AB24_split3.b3d
2026-03-22 17:32:14,719 WARNING utils.b3d_loader - 加载失败 /mnt/d/Camargo2021_Formatted_No_Arm/AB24_split3/AB24_split3.b3d: OpenSimParser 既没有 loadB3D 也没有 loadb3d 方法，请检查 nimblephysics 版本是否正确
2026-03-22 17:32:14,719 INFO utils.b3d_loader - [95/120] AB24_split4.b3d
2026-03-22 17:32:14,719 WARNING utils.b3d_loader - 加载失败 /mnt/d/Camargo2021_Formatted_No_Arm/AB24_split4/AB24_split4.b3d: OpenSimParser 既没有 loadB3D 也没有 loadb3d 方法，请检查 nimblephysics 版本是否正确
2026-03-22 17:32:14,719 INFO utils.b3d_loader - [96/120] AB24_split5.b3d
2026-03-22 17:32:14,719 WARNING utils.b3d_loader - 加载失败 /mnt/d/Camargo2021_Formatted_No_Arm/AB24_split5/AB24_split5.b3d: OpenSimParser 既没有 loadB3D 也没有 loadb3d 方法，请检查 nimblephysics 版本是否正确
2026-03-22 17:32:14,719 INFO utils.b3d_loader - [97/120] AB25_split0.b3d
2026-03-22 17:32:14,719 WARNING utils.b3d_loader - 加载失败 /mnt/d/Camargo2021_Formatted_No_Arm/AB25_split0/AB25_split0.b3d: OpenSimParser 既没有 loadB3D 也没有 loadb3d 方法，请检查 nimblephysics 版本是否正确
2026-03-22 17:32:14,719 INFO utils.b3d_loader - [98/120] AB25_split1.b3d
2026-03-22 17:32:14,719 WARNING utils.b3d_loader - 加载失败 /mnt/d/Camargo2021_Formatted_No_Arm/AB25_split1/AB25_split1.b3d: OpenSimParser 既没有 loadB3D 也没有 loadb3d 方法，请检查 nimblephysics 版本是否正确
2026-03-22 17:32:14,719 INFO utils.b3d_loader - [99/120] AB25_split2.b3d
2026-03-22 17:32:14,719 WARNING utils.b3d_loader - 加载失败 /mnt/d/Camargo2021_Formatted_No_Arm/AB25_split2/AB25_split2.b3d: OpenSimParser 既没有 loadB3D 也没有 loadb3d 方法，请检查 nimblephysics 版本是否正确
2026-03-22 17:32:14,719 INFO utils.b3d_loader - [100/120] AB25_split3.b3d
2026-03-22 17:32:14,719 WARNING utils.b3d_loader - 加载失败 /mnt/d/Camargo2021_Formatted_No_Arm/AB25_split3/AB25_split3.b3d: OpenSimParser 既没有 loadB3D 也没有 loadb3d 方法，请检查 nimblephysics 版本是否正确
2026-03-22 17:32:14,719 INFO utils.b3d_loader - [101/120] AB25_split4.b3d
2026-03-22 17:32:14,719 WARNING utils.b3d_loader - 加载失败 /mnt/d/Camargo2021_Formatted_No_Arm/AB25_split4/AB25_split4.b3d: OpenSimParser 既没有 loadB3D 也没有 loadb3d 方法，请检查 nimblephysics 版本是否正确
2026-03-22 17:32:14,719 INFO utils.b3d_loader - [102/120] AB25_split5.b3d
2026-03-22 17:32:14,719 WARNING utils.b3d_loader - 加载失败 /mnt/d/Camargo2021_Formatted_No_Arm/AB25_split5/AB25_split5.b3d: OpenSimParser 既没有 loadB3D 也没有 loadb3d 方法，请检查 nimblephysics 版本是否正确
2026-03-22 17:32:14,719 INFO utils.b3d_loader - [103/120] AB27_split0.b3d
2026-03-22 17:32:14,720 WARNING utils.b3d_loader - 加载失败 /mnt/d/Camargo2021_Formatted_No_Arm/AB27_split0/AB27_split0.b3d: OpenSimParser 既没有 loadB3D 也没有 loadb3d 方法，请检查 nimblephysics 版本是否正确
2026-03-22 17:32:14,720 INFO utils.b3d_loader - [104/120] AB27_split1.b3d
2026-03-22 17:32:14,720 WARNING utils.b3d_loader - 加载失败 /mnt/d/Camargo2021_Formatted_No_Arm/AB27_split1/AB27_split1.b3d: OpenSimParser 既没有 loadB3D 也没有 loadb3d 方法，请检查 nimblephysics 版本是否正确
2026-03-22 17:32:14,720 INFO utils.b3d_loader - [105/120] AB27_split2.b3d
2026-03-22 17:32:14,720 WARNING utils.b3d_loader - 加载失败 /mnt/d/Camargo2021_Formatted_No_Arm/AB27_split2/AB27_split2.b3d: OpenSimParser 既没有 loadB3D 也没有 loadb3d 方法，请检查 nimblephysics 版本是否正确
2026-03-22 17:32:14,720 INFO utils.b3d_loader - [106/120] AB27_split3.b3d
2026-03-22 17:32:14,720 WARNING utils.b3d_loader - 加载失败 /mnt/d/Camargo2021_Formatted_No_Arm/AB27_split3/AB27_split3.b3d: OpenSimParser 既没有 loadB3D 也没有 loadb3d 方法，请检查 nimblephysics 版本是否正确
2026-03-22 17:32:14,720 INFO utils.b3d_loader - [107/120] AB27_split4.b3d
2026-03-22 17:32:14,720 WARNING utils.b3d_loader - 加载失败 /mnt/d/Camargo2021_Formatted_No_Arm/AB27_split4/AB27_split4.b3d: OpenSimParser 既没有 loadB3D 也没有 loadb3d 方法，请检查 nimblephysics 版本是否正确
2026-03-22 17:32:14,720 INFO utils.b3d_loader - [108/120] AB27_split5.b3d
2026-03-22 17:32:14,720 WARNING utils.b3d_loader - 加载失败 /mnt/d/Camargo2021_Formatted_No_Arm/AB27_split5/AB27_split5.b3d: OpenSimParser 既没有 loadB3D 也没有 loadb3d 方法，请检查 nimblephysics 版本是否正确
2026-03-22 17:32:14,720 INFO utils.b3d_loader - [109/120] AB28_split0.b3d
2026-03-22 17:32:14,720 WARNING utils.b3d_loader - 加载失败 /mnt/d/Camargo2021_Formatted_No_Arm/AB28_split0/AB28_split0.b3d: OpenSimParser 既没有 loadB3D 也没有 loadb3d 方法，请检查 nimblephysics 版本是否正确
2026-03-22 17:32:14,720 INFO utils.b3d_loader - [110/120] AB28_split1.b3d
2026-03-22 17:32:14,720 WARNING utils.b3d_loader - 加载失败 /mnt/d/Camargo2021_Formatted_No_Arm/AB28_split1/AB28_split1.b3d: OpenSimParser 既没有 loadB3D 也没有 loadb3d 方法，请检查 nimblephysics 版本是否正确
2026-03-22 17:32:14,720 INFO utils.b3d_loader - [111/120] AB28_split2.b3d
2026-03-22 17:32:14,720 WARNING utils.b3d_loader - 加载失败 /mnt/d/Camargo2021_Formatted_No_Arm/AB28_split2/AB28_split2.b3d: OpenSimParser 既没有 loadB3D 也没有 loadb3d 方法，请检查 nimblephysics 版本是否正确
2026-03-22 17:32:14,720 INFO utils.b3d_loader - [112/120] AB28_split3.b3d
2026-03-22 17:32:14,720 WARNING utils.b3d_loader - 加载失败 /mnt/d/Camargo2021_Formatted_No_Arm/AB28_split3/AB28_split3.b3d: OpenSimParser 既没有 loadB3D 也没有 loadb3d 方法，请检查 nimblephysics 版本是否正确
2026-03-22 17:32:14,720 INFO utils.b3d_loader - [113/120] AB28_split4.b3d
2026-03-22 17:32:14,720 WARNING utils.b3d_loader - 加载失败 /mnt/d/Camargo2021_Formatted_No_Arm/AB28_split4/AB28_split4.b3d: OpenSimParser 既没有 loadB3D 也没有 loadb3d 方法，请检查 nimblephysics 版本是否正确
2026-03-22 17:32:14,720 INFO utils.b3d_loader - [114/120] AB28_split5.b3d
2026-03-22 17:32:14,720 WARNING utils.b3d_loader - 加载失败 /mnt/d/Camargo2021_Formatted_No_Arm/AB28_split5/AB28_split5.b3d: OpenSimParser 既没有 loadB3D 也没有 loadb3d 方法，请检查 nimblephysics 版本是否正确
2026-03-22 17:32:14,721 INFO utils.b3d_loader - [115/120] AB30_split0.b3d
2026-03-22 17:32:14,721 WARNING utils.b3d_loader - 加载失败 /mnt/d/Camargo2021_Formatted_No_Arm/AB30_split0/AB30_split0.b3d: OpenSimParser 既没有 loadB3D 也没有 loadb3d 方法，请检查 nimblephysics 版本是否正确
2026-03-22 17:32:14,721 INFO utils.b3d_loader - [116/120] AB30_split1.b3d
2026-03-22 17:32:14,721 WARNING utils.b3d_loader - 加载失败 /mnt/d/Camargo2021_Formatted_No_Arm/AB30_split1/AB30_split1.b3d: OpenSimParser 既没有 loadB3D 也没有 loadb3d 方法，请检查 nimblephysics 版本是否正确
2026-03-22 17:32:14,721 INFO utils.b3d_loader - [117/120] AB30_split2.b3d
2026-03-22 17:32:14,721 WARNING utils.b3d_loader - 加载失败 /mnt/d/Camargo2021_Formatted_No_Arm/AB30_split2/AB30_split2.b3d: OpenSimParser 既没有 loadB3D 也没有 loadb3d 方法，请检查 nimblephysics 版本是否正确
2026-03-22 17:32:14,721 INFO utils.b3d_loader - [118/120] AB30_split3.b3d
2026-03-22 17:32:14,721 WARNING utils.b3d_loader - 加载失败 /mnt/d/Camargo2021_Formatted_No_Arm/AB30_split3/AB30_split3.b3d: OpenSimParser 既没有 loadB3D 也没有 loadb3d 方法，请检查 nimblephysics 版本是否正确
2026-03-22 17:32:14,721 INFO utils.b3d_loader - [119/120] AB30_split4.b3d
2026-03-22 17:32:14,721 WARNING utils.b3d_loader - 加载失败 /mnt/d/Camargo2021_Formatted_No_Arm/AB30_split4/AB30_split4.b3d: OpenSimParser 既没有 loadB3D 也没有 loadb3d 方法，请检查 nimblephysics 版本是否正确
2026-03-22 17:32:14,721 INFO utils.b3d_loader - [120/120] AB30_split5.b3d
2026-03-22 17:32:14,721 WARNING utils.b3d_loader - 加载失败 /mnt/d/Camargo2021_Formatted_No_Arm/AB30_split5/AB30_split5.b3d: OpenSimParser 既没有 loadB3D 也没有 loadb3d 方法，请检查 nimblephysics 版本是否正确
2026-03-22 17:32:14,721 INFO utils.b3d_loader - [B3DLoader] 共 0 帧
2026-03-22 17:32:14,721 WARNING main - 未找到真实数据，使用合成数据演示...
2026-03-22 17:32:14,729 INFO main - 合成数据: 600 帧
2026-03-22 17:32:14,730 INFO main - 总样本数: 600
2026-03-22 17:32:14,738 INFO utils.teacher_labeler - TeacherLabeler: 600 帧 | 低=38 中=284 高=278
2026-03-22 17:32:14,738 INFO main - 风险标签分布: 低=38 中=284 高=278
2026-03-22 17:32:14,741 INFO main - 训练集: 400 | 验证集: 100
2026-03-22 17:32:14,758 INFO main - ST-GCN: 0.49M 参数
2026-03-22 17:32:14,759 INFO main - FNO:    0.480M 参数
2026-03-22 17:32:14,759 INFO main - Risk:   42660 参数
2026-03-22 17:32:14,759 INFO main - FNO 初始时延: 50.0ms
2026-03-22 17:32:14,759 INFO trainers.train_pipeline - [Trainer v3] 设备: cuda
2026-03-22 17:32:14,765 INFO utils.normalizer - Normalizer.fit 完成，样本数=400
2026-03-22 17:32:14,766 INFO utils.normalizer - 归一化参数保存到 ./data/processed/norm_stats.npz
2026-03-22 17:32:15,450 INFO utils.reproducibility - [版本锁] b3d=20df82b44e5d716a raw=e3b0c44298fc1c14 保存到 ./data/processed/data_version_lock.json
2026-03-22 17:32:15,450 INFO utils.reproducibility - [StructuredLogger] 开始记录 run_id=run_20260322_173215
2026-03-22 17:32:15,451 INFO data.datasets - [E2EDataset/train] 200 帧, 171 窗口 (vis=5, K=10)
2026-03-22 17:32:15,451 INFO data.datasets - [E2EDataset/val] 0 帧, 0 窗口 (vis=5, K=10)
2026-03-22 17:32:17,002 INFO trainers.train_pipeline - Ep 001/100 [S1] | tr=0.4812 val=0.0000 grf_mae=0.0000 risk_acc=0.000 lag=50.0ms | 0.8s
2026-03-22 17:32:17,026 INFO trainers.train_pipeline -   ✅ 最佳模型保存 (val=0.0000)
2026-03-22 17:32:17,208 INFO trainers.train_pipeline - Ep 002/100 [S1] | tr=0.4456 val=0.0000 grf_mae=0.0000 risk_acc=0.000 lag=50.0ms | 0.2s
2026-03-22 17:32:17,394 INFO trainers.train_pipeline - Ep 003/100 [S1] | tr=0.4046 val=0.0000 grf_mae=0.0000 risk_acc=0.000 lag=50.0ms | 0.2s
2026-03-22 17:32:17,571 INFO trainers.train_pipeline - Ep 004/100 [S1] | tr=0.3992 val=0.0000 grf_mae=0.0000 risk_acc=0.000 lag=50.0ms | 0.2s
2026-03-22 17:32:17,749 INFO trainers.train_pipeline - Ep 005/100 [S1] | tr=0.3916 val=0.0000 grf_mae=0.0000 risk_acc=0.000 lag=50.0ms | 0.2s
2026-03-22 17:32:17,935 INFO trainers.train_pipeline - Ep 006/100 [S1] | tr=0.3811 val=0.0000 grf_mae=0.0000 risk_acc=0.000 lag=50.0ms | 0.2s
2026-03-22 17:32:18,116 INFO trainers.train_pipeline - Ep 007/100 [S1] | tr=0.3735 val=0.0000 grf_mae=0.0000 risk_acc=0.000 lag=50.0ms | 0.2s
2026-03-22 17:32:18,297 INFO trainers.train_pipeline - Ep 008/100 [S1] | tr=0.3626 val=0.0000 grf_mae=0.0000 risk_acc=0.000 lag=50.0ms | 0.2s
2026-03-22 17:32:18,484 INFO trainers.train_pipeline - Ep 009/100 [S1] | tr=0.3539 val=0.0000 grf_mae=0.0000 risk_acc=0.000 lag=50.0ms | 0.2s
2026-03-22 17:32:18,678 INFO trainers.train_pipeline - Ep 010/100 [S1] | tr=0.3452 val=0.0000 grf_mae=0.0000 risk_acc=0.000 lag=50.0ms | 0.2s
2026-03-22 17:32:18,857 INFO trainers.train_pipeline - Ep 011/100 [S1] | tr=0.3469 val=0.0000 grf_mae=0.0000 risk_acc=0.000 lag=50.0ms | 0.2s
2026-03-22 17:32:18,857 INFO trainers.train_pipeline - [EarlyStopping] 触发，patience=10
2026-03-22 17:32:18,857 INFO utils.reproducibility - [StructuredLogger] 日志保存到 ./logs/run_20260322_173215.json (best_val=0.0000)
2026-03-22 17:32:18,858 INFO trainers.train_pipeline - 最终学习时延: 50.0ms (初始 50ms，物理期望 20-100ms)
2026-03-22 17:32:18,858 INFO main - 训练完成 | 最终验证 loss=0.0000 | 学习时延=50.0ms
2026-03-22 17:32:18,859 INFO main - 任务完成 ✅
2026-03-22 17:36:54,842 INFO main - ============================================================
2026-03-22 17:36:54,842 INFO main - RehabGuardian 10.0
2026-03-22 17:36:54,842 INFO main - 模式: train
2026-03-22 17:36:54,842 INFO main - ============================================================
2026-03-22 17:36:55,512 INFO utils.b3d_loader - [B3DLoader] 120 个 .b3d 文件
2026-03-22 17:36:55,512 INFO main - [.b3d] 加载 120 个文件...
2026-03-22 17:36:55,513 INFO utils.b3d_loader - [1/120] AB06_split0.b3d
2026-03-22 17:36:55,583 WARNING utils.b3d_loader - 加载失败 /mnt/d/Camargo2021_Formatted_No_Arm/AB06_split0/AB06_split0.b3d: 当前 nimblephysics 版本不支持 .b3d 文件加载。可用方法：['C3DLoader']。请使用正确的 API 或检查 nimblephysics 安装是否正确
2026-03-22 17:36:55,583 INFO utils.b3d_loader - [2/120] AB06_split1.b3d
2026-03-22 17:36:55,583 WARNING utils.b3d_loader - 加载失败 /mnt/d/Camargo2021_Formatted_No_Arm/AB06_split1/AB06_split1.b3d: 当前 nimblephysics 版本不支持 .b3d 文件加载。可用方法：['C3DLoader']。请使用正确的 API 或检查 nimblephysics 安装是否正确
2026-03-22 17:36:55,583 INFO utils.b3d_loader - [3/120] AB06_split2.b3d
2026-03-22 17:36:55,583 WARNING utils.b3d_loader - 加载失败 /mnt/d/Camargo2021_Formatted_No_Arm/AB06_split2/AB06_split2.b3d: 当前 nimblephysics 版本不支持 .b3d 文件加载。可用方法：['C3DLoader']。请使用正确的 API 或检查 nimblephysics 安装是否正确
2026-03-22 17:36:55,583 INFO utils.b3d_loader - [4/120] AB06_split3.b3d
2026-03-22 17:36:55,584 WARNING utils.b3d_loader - 加载失败 /mnt/d/Camargo2021_Formatted_No_Arm/AB06_split3/AB06_split3.b3d: 当前 nimblephysics 版本不支持 .b3d 文件加载。可用方法：['C3DLoader']。请使用正确的 API 或检查 nimblephysics 安装是否正确
2026-03-22 17:36:55,584 INFO utils.b3d_loader - [5/120] AB06_split4.b3d
2026-03-22 17:36:55,584 WARNING utils.b3d_loader - 加载失败 /mnt/d/Camargo2021_Formatted_No_Arm/AB06_split4/AB06_split4.b3d: 当前 nimblephysics 版本不支持 .b3d 文件加载。可用方法：['C3DLoader']。请使用正确的 API 或检查 nimblephysics 安装是否正确
2026-03-22 17:36:55,584 INFO utils.b3d_loader - [6/120] AB07_split0.b3d
2026-03-22 17:36:55,584 WARNING utils.b3d_loader - 加载失败 /mnt/d/Camargo2021_Formatted_No_Arm/AB07_split0/AB07_split0.b3d: 当前 nimblephysics 版本不支持 .b3d 文件加载。可用方法：['C3DLoader']。请使用正确的 API 或检查 nimblephysics 安装是否正确
2026-03-22 17:36:55,584 INFO utils.b3d_loader - [7/120] AB07_split1.b3d
2026-03-22 17:36:55,584 WARNING utils.b3d_loader - 加载失败 /mnt/d/Camargo2021_Formatted_No_Arm/AB07_split1/AB07_split1.b3d: 当前 nimblephysics 版本不支持 .b3d 文件加载。可用方法：['C3DLoader']。请使用正确的 API 或检查 nimblephysics 安装是否正确
2026-03-22 17:36:55,584 INFO utils.b3d_loader - [8/120] AB07_split2.b3d
2026-03-22 17:36:55,584 WARNING utils.b3d_loader - 加载失败 /mnt/d/Camargo2021_Formatted_No_Arm/AB07_split2/AB07_split2.b3d: 当前 nimblephysics 版本不支持 .b3d 文件加载。可用方法：['C3DLoader']。请使用正确的 API 或检查 nimblephysics 安装是否正确
2026-03-22 17:36:55,584 INFO utils.b3d_loader - [9/120] AB07_split3.b3d
2026-03-22 17:36:55,584 WARNING utils.b3d_loader - 加载失败 /mnt/d/Camargo2021_Formatted_No_Arm/AB07_split3/AB07_split3.b3d: 当前 nimblephysics 版本不支持 .b3d 文件加载。可用方法：['C3DLoader']。请使用正确的 API 或检查 nimblephysics 安装是否正确
2026-03-22 17:36:55,585 INFO utils.b3d_loader - [10/120] AB07_split4.b3d
2026-03-22 17:36:55,585 WARNING utils.b3d_loader - 加载失败 /mnt/d/Camargo2021_Formatted_No_Arm/AB07_split4/AB07_split4.b3d: 当前 nimblephysics 版本不支持 .b3d 文件加载。可用方法：['C3DLoader']。请使用正确的 API 或检查 nimblephysics 安装是否正确
2026-03-22 17:36:55,585 INFO utils.b3d_loader - [11/120] AB07_split5.b3d
2026-03-22 17:36:55,585 WARNING utils.b3d_loader - 加载失败 /mnt/d/Camargo2021_Formatted_No_Arm/AB07_split5/AB07_split5.b3d: 当前 nimblephysics 版本不支持 .b3d 文件加载。可用方法：['C3DLoader']。请使用正确的 API 或检查 nimblephysics 安装是否正确
2026-03-22 17:36:55,585 INFO utils.b3d_loader - [12/120] AB08_split5.b3d
2026-03-22 17:36:55,585 WARNING utils.b3d_loader - 加载失败 /mnt/d/Camargo2021_Formatted_No_Arm/AB08_split5/AB08_split5.b3d: 当前 nimblephysics 版本不支持 .b3d 文件加载。可用方法：['C3DLoader']。请使用正确的 API 或检查 nimblephysics 安装是否正确
2026-03-22 17:36:55,585 INFO utils.b3d_loader - [13/120] AB09_split0.b3d
2026-03-22 17:36:55,585 WARNING utils.b3d_loader - 加载失败 /mnt/d/Camargo2021_Formatted_No_Arm/AB09_split0/AB09_split0.b3d: 当前 nimblephysics 版本不支持 .b3d 文件加载。可用方法：['C3DLoader']。请使用正确的 API 或检查 nimblephysics 安装是否正确
2026-03-22 17:36:55,585 INFO utils.b3d_loader - [14/120] AB09_split1.b3d
2026-03-22 17:36:55,585 WARNING utils.b3d_loader - 加载失败 /mnt/d/Camargo2021_Formatted_No_Arm/AB09_split1/AB09_split1.b3d: 当前 nimblephysics 版本不支持 .b3d 文件加载。可用方法：['C3DLoader']。请使用正确的 API 或检查 nimblephysics 安装是否正确
2026-03-22 17:36:55,586 INFO utils.b3d_loader - [15/120] AB09_split2.b3d
2026-03-22 17:36:55,586 WARNING utils.b3d_loader - 加载失败 /mnt/d/Camargo2021_Formatted_No_Arm/AB09_split2/AB09_split2.b3d: 当前 nimblephysics 版本不支持 .b3d 文件加载。可用方法：['C3DLoader']。请使用正确的 API 或检查 nimblephysics 安装是否正确
2026-03-22 17:36:55,586 INFO utils.b3d_loader - [16/120] AB09_split3.b3d
2026-03-22 17:36:55,586 WARNING utils.b3d_loader - 加载失败 /mnt/d/Camargo2021_Formatted_No_Arm/AB09_split3/AB09_split3.b3d: 当前 nimblephysics 版本不支持 .b3d 文件加载。可用方法：['C3DLoader']。请使用正确的 API 或检查 nimblephysics 安装是否正确
2026-03-22 17:36:55,586 INFO utils.b3d_loader - [17/120] AB09_split4.b3d
2026-03-22 17:36:55,586 WARNING utils.b3d_loader - 加载失败 /mnt/d/Camargo2021_Formatted_No_Arm/AB09_split4/AB09_split4.b3d: 当前 nimblephysics 版本不支持 .b3d 文件加载。可用方法：['C3DLoader']。请使用正确的 API 或检查 nimblephysics 安装是否正确
2026-03-22 17:36:55,586 INFO utils.b3d_loader - [18/120] AB09_split5.b3d
2026-03-22 17:36:55,586 WARNING utils.b3d_loader - 加载失败 /mnt/d/Camargo2021_Formatted_No_Arm/AB09_split5/AB09_split5.b3d: 当前 nimblephysics 版本不支持 .b3d 文件加载。可用方法：['C3DLoader']。请使用正确的 API 或检查 nimblephysics 安装是否正确
2026-03-22 17:36:55,587 INFO utils.b3d_loader - [19/120] AB11_split0.b3d
2026-03-22 17:36:55,587 WARNING utils.b3d_loader - 加载失败 /mnt/d/Camargo2021_Formatted_No_Arm/AB11_split0/AB11_split0.b3d: 当前 nimblephysics 版本不支持 .b3d 文件加载。可用方法：['C3DLoader']。请使用正确的 API 或检查 nimblephysics 安装是否正确
2026-03-22 17:36:55,587 INFO utils.b3d_loader - [20/120] AB11_split1.b3d
2026-03-22 17:36:55,587 WARNING utils.b3d_loader - 加载失败 /mnt/d/Camargo2021_Formatted_No_Arm/AB11_split1/AB11_split1.b3d: 当前 nimblephysics 版本不支持 .b3d 文件加载。可用方法：['C3DLoader']。请使用正确的 API 或检查 nimblephysics 安装是否正确
2026-03-22 17:36:55,587 INFO utils.b3d_loader - [21/120] AB11_split2.b3d
2026-03-22 17:36:55,587 WARNING utils.b3d_loader - 加载失败 /mnt/d/Camargo2021_Formatted_No_Arm/AB11_split2/AB11_split2.b3d: 当前 nimblephysics 版本不支持 .b3d 文件加载。可用方法：['C3DLoader']。请使用正确的 API 或检查 nimblephysics 安装是否正确
2026-03-22 17:36:55,587 INFO utils.b3d_loader - [22/120] AB11_split3.b3d
2026-03-22 17:36:55,587 WARNING utils.b3d_loader - 加载失败 /mnt/d/Camargo2021_Formatted_No_Arm/AB11_split3/AB11_split3.b3d: 当前 nimblephysics 版本不支持 .b3d 文件加载。可用方法：['C3DLoader']。请使用正确的 API 或检查 nimblephysics 安装是否正确
2026-03-22 17:36:55,587 INFO utils.b3d_loader - [23/120] AB11_split4.b3d
2026-03-22 17:36:55,587 WARNING utils.b3d_loader - 加载失败 /mnt/d/Camargo2021_Formatted_No_Arm/AB11_split4/AB11_split4.b3d: 当前 nimblephysics 版本不支持 .b3d 文件加载。可用方法：['C3DLoader']。请使用正确的 API 或检查 nimblephysics 安装是否正确
2026-03-22 17:36:55,588 INFO utils.b3d_loader - [24/120] AB11_split5.b3d
2026-03-22 17:36:55,588 WARNING utils.b3d_loader - 加载失败 /mnt/d/Camargo2021_Formatted_No_Arm/AB11_split5/AB11_split5.b3d: 当前 nimblephysics 版本不支持 .b3d 文件加载。可用方法：['C3DLoader']。请使用正确的 API 或检查 nimblephysics 安装是否正确
2026-03-22 17:36:55,588 INFO utils.b3d_loader - [25/120] AB12_split0.b3d
2026-03-22 17:36:55,588 WARNING utils.b3d_loader - 加载失败 /mnt/d/Camargo2021_Formatted_No_Arm/AB12_split0/AB12_split0.b3d: 当前 nimblephysics 版本不支持 .b3d 文件加载。可用方法：['C3DLoader']。请使用正确的 API 或检查 nimblephysics 安装是否正确
2026-03-22 17:36:55,588 INFO utils.b3d_loader - [26/120] AB12_split1.b3d
2026-03-22 17:36:55,588 WARNING utils.b3d_loader - 加载失败 /mnt/d/Camargo2021_Formatted_No_Arm/AB12_split1/AB12_split1.b3d: 当前 nimblephysics 版本不支持 .b3d 文件加载。可用方法：['C3DLoader']。请使用正确的 API 或检查 nimblephysics 安装是否正确
2026-03-22 17:36:55,588 INFO utils.b3d_loader - [27/120] AB12_split2.b3d
2026-03-22 17:36:55,588 WARNING utils.b3d_loader - 加载失败 /mnt/d/Camargo2021_Formatted_No_Arm/AB12_split2/AB12_split2.b3d: 当前 nimblephysics 版本不支持 .b3d 文件加载。可用方法：['C3DLoader']。请使用正确的 API 或检查 nimblephysics 安装是否正确
2026-03-22 17:36:55,588 INFO utils.b3d_loader - [28/120] AB12_split3.b3d
2026-03-22 17:36:55,588 WARNING utils.b3d_loader - 加载失败 /mnt/d/Camargo2021_Formatted_No_Arm/AB12_split3/AB12_split3.b3d: 当前 nimblephysics 版本不支持 .b3d 文件加载。可用方法：['C3DLoader']。请使用正确的 API 或检查 nimblephysics 安装是否正确
2026-03-22 17:36:55,588 INFO utils.b3d_loader - [29/120] AB12_split4.b3d
2026-03-22 17:36:55,588 WARNING utils.b3d_loader - 加载失败 /mnt/d/Camargo2021_Formatted_No_Arm/AB12_split4/AB12_split4.b3d: 当前 nimblephysics 版本不支持 .b3d 文件加载。可用方法：['C3DLoader']。请使用正确的 API 或检查 nimblephysics 安装是否正确
2026-03-22 17:36:55,588 INFO utils.b3d_loader - [30/120] AB12_split5.b3d
2026-03-22 17:36:55,588 WARNING utils.b3d_loader - 加载失败 /mnt/d/Camargo2021_Formatted_No_Arm/AB12_split5/AB12_split5.b3d: 当前 nimblephysics 版本不支持 .b3d 文件加载。可用方法：['C3DLoader']。请使用正确的 API 或检查 nimblephysics 安装是否正确
2026-03-22 17:36:55,588 INFO utils.b3d_loader - [31/120] AB13_split0.b3d
2026-03-22 17:36:55,588 WARNING utils.b3d_loader - 加载失败 /mnt/d/Camargo2021_Formatted_No_Arm/AB13_split0/AB13_split0.b3d: 当前 nimblephysics 版本不支持 .b3d 文件加载。可用方法：['C3DLoader']。请使用正确的 API 或检查 nimblephysics 安装是否正确
2026-03-22 17:36:55,588 INFO utils.b3d_loader - [32/120] AB13_split1.b3d
2026-03-22 17:36:55,588 WARNING utils.b3d_loader - 加载失败 /mnt/d/Camargo2021_Formatted_No_Arm/AB13_split1/AB13_split1.b3d: 当前 nimblephysics 版本不支持 .b3d 文件加载。可用方法：['C3DLoader']。请使用正确的 API 或检查 nimblephysics 安装是否正确
2026-03-22 17:36:55,588 INFO utils.b3d_loader - [33/120] AB13_split2.b3d
2026-03-22 17:36:55,588 WARNING utils.b3d_loader - 加载失败 /mnt/d/Camargo2021_Formatted_No_Arm/AB13_split2/AB13_split2.b3d: 当前 nimblephysics 版本不支持 .b3d 文件加载。可用方法：['C3DLoader']。请使用正确的 API 或检查 nimblephysics 安装是否正确
2026-03-22 17:36:55,589 INFO utils.b3d_loader - [34/120] AB13_split3.b3d
2026-03-22 17:36:55,589 WARNING utils.b3d_loader - 加载失败 /mnt/d/Camargo2021_Formatted_No_Arm/AB13_split3/AB13_split3.b3d: 当前 nimblephysics 版本不支持 .b3d 文件加载。可用方法：['C3DLoader']。请使用正确的 API 或检查 nimblephysics 安装是否正确
2026-03-22 17:36:55,589 INFO utils.b3d_loader - [35/120] AB13_split4.b3d
2026-03-22 17:36:55,589 WARNING utils.b3d_loader - 加载失败 /mnt/d/Camargo2021_Formatted_No_Arm/AB13_split4/AB13_split4.b3d: 当前 nimblephysics 版本不支持 .b3d 文件加载。可用方法：['C3DLoader']。请使用正确的 API 或检查 nimblephysics 安装是否正确
2026-03-22 17:36:55,589 INFO utils.b3d_loader - [36/120] AB13_split5.b3d
2026-03-22 17:36:55,589 WARNING utils.b3d_loader - 加载失败 /mnt/d/Camargo2021_Formatted_No_Arm/AB13_split5/AB13_split5.b3d: 当前 nimblephysics 版本不支持 .b3d 文件加载。可用方法：['C3DLoader']。请使用正确的 API 或检查 nimblephysics 安装是否正确
2026-03-22 17:36:55,589 INFO utils.b3d_loader - [37/120] AB14_split0.b3d
2026-03-22 17:36:55,589 WARNING utils.b3d_loader - 加载失败 /mnt/d/Camargo2021_Formatted_No_Arm/AB14_split0/AB14_split0.b3d: 当前 nimblephysics 版本不支持 .b3d 文件加载。可用方法：['C3DLoader']。请使用正确的 API 或检查 nimblephysics 安装是否正确
2026-03-22 17:36:55,589 INFO utils.b3d_loader - [38/120] AB14_split1.b3d
2026-03-22 17:36:55,589 WARNING utils.b3d_loader - 加载失败 /mnt/d/Camargo2021_Formatted_No_Arm/AB14_split1/AB14_split1.b3d: 当前 nimblephysics 版本不支持 .b3d 文件加载。可用方法：['C3DLoader']。请使用正确的 API 或检查 nimblephysics 安装是否正确
2026-03-22 17:36:55,589 INFO utils.b3d_loader - [39/120] AB14_split2.b3d
2026-03-22 17:36:55,589 WARNING utils.b3d_loader - 加载失败 /mnt/d/Camargo2021_Formatted_No_Arm/AB14_split2/AB14_split2.b3d: 当前 nimblephysics 版本不支持 .b3d 文件加载。可用方法：['C3DLoader']。请使用正确的 API 或检查 nimblephysics 安装是否正确
2026-03-22 17:36:55,589 INFO utils.b3d_loader - [40/120] AB14_split3.b3d
2026-03-22 17:36:55,589 WARNING utils.b3d_loader - 加载失败 /mnt/d/Camargo2021_Formatted_No_Arm/AB14_split3/AB14_split3.b3d: 当前 nimblephysics 版本不支持 .b3d 文件加载。可用方法：['C3DLoader']。请使用正确的 API 或检查 nimblephysics 安装是否正确
2026-03-22 17:36:55,589 INFO utils.b3d_loader - [41/120] AB14_split4.b3d
2026-03-22 17:36:55,590 WARNING utils.b3d_loader - 加载失败 /mnt/d/Camargo2021_Formatted_No_Arm/AB14_split4/AB14_split4.b3d: 当前 nimblephysics 版本不支持 .b3d 文件加载。可用方法：['C3DLoader']。请使用正确的 API 或检查 nimblephysics 安装是否正确
2026-03-22 17:36:55,590 INFO utils.b3d_loader - [42/120] AB14_split5.b3d
2026-03-22 17:36:55,590 WARNING utils.b3d_loader - 加载失败 /mnt/d/Camargo2021_Formatted_No_Arm/AB14_split5/AB14_split5.b3d: 当前 nimblephysics 版本不支持 .b3d 文件加载。可用方法：['C3DLoader']。请使用正确的 API 或检查 nimblephysics 安装是否正确
2026-03-22 17:36:55,590 INFO utils.b3d_loader - [43/120] AB15_split0.b3d
2026-03-22 17:36:55,590 WARNING utils.b3d_loader - 加载失败 /mnt/d/Camargo2021_Formatted_No_Arm/AB15_split0/AB15_split0.b3d: 当前 nimblephysics 版本不支持 .b3d 文件加载。可用方法：['C3DLoader']。请使用正确的 API 或检查 nimblephysics 安装是否正确
2026-03-22 17:36:55,590 INFO utils.b3d_loader - [44/120] AB15_split1.b3d
2026-03-22 17:36:55,590 WARNING utils.b3d_loader - 加载失败 /mnt/d/Camargo2021_Formatted_No_Arm/AB15_split1/AB15_split1.b3d: 当前 nimblephysics 版本不支持 .b3d 文件加载。可用方法：['C3DLoader']。请使用正确的 API 或检查 nimblephysics 安装是否正确
2026-03-22 17:36:55,590 INFO utils.b3d_loader - [45/120] AB15_split2.b3d
2026-03-22 17:36:55,590 WARNING utils.b3d_loader - 加载失败 /mnt/d/Camargo2021_Formatted_No_Arm/AB15_split2/AB15_split2.b3d: 当前 nimblephysics 版本不支持 .b3d 文件加载。可用方法：['C3DLoader']。请使用正确的 API 或检查 nimblephysics 安装是否正确
2026-03-22 17:36:55,590 INFO utils.b3d_loader - [46/120] AB15_split3.b3d
2026-03-22 17:36:55,590 WARNING utils.b3d_loader - 加载失败 /mnt/d/Camargo2021_Formatted_No_Arm/AB15_split3/AB15_split3.b3d: 当前 nimblephysics 版本不支持 .b3d 文件加载。可用方法：['C3DLoader']。请使用正确的 API 或检查 nimblephysics 安装是否正确
2026-03-22 17:36:55,590 INFO utils.b3d_loader - [47/120] AB15_split4.b3d
2026-03-22 17:36:55,590 WARNING utils.b3d_loader - 加载失败 /mnt/d/Camargo2021_Formatted_No_Arm/AB15_split4/AB15_split4.b3d: 当前 nimblephysics 版本不支持 .b3d 文件加载。可用方法：['C3DLoader']。请使用正确的 API 或检查 nimblephysics 安装是否正确
2026-03-22 17:36:55,590 INFO utils.b3d_loader - [48/120] AB15_split5.b3d
2026-03-22 17:36:55,590 WARNING utils.b3d_loader - 加载失败 /mnt/d/Camargo2021_Formatted_No_Arm/AB15_split5/AB15_split5.b3d: 当前 nimblephysics 版本不支持 .b3d 文件加载。可用方法：['C3DLoader']。请使用正确的 API 或检查 nimblephysics 安装是否正确
2026-03-22 17:36:55,590 INFO utils.b3d_loader - [49/120] AB16_split0.b3d
2026-03-22 17:36:55,590 WARNING utils.b3d_loader - 加载失败 /mnt/d/Camargo2021_Formatted_No_Arm/AB16_split0/AB16_split0.b3d: 当前 nimblephysics 版本不支持 .b3d 文件加载。可用方法：['C3DLoader']。请使用正确的 API 或检查 nimblephysics 安装是否正确
2026-03-22 17:36:55,590 INFO utils.b3d_loader - [50/120] AB16_split1.b3d
2026-03-22 17:36:55,590 WARNING utils.b3d_loader - 加载失败 /mnt/d/Camargo2021_Formatted_No_Arm/AB16_split1/AB16_split1.b3d: 当前 nimblephysics 版本不支持 .b3d 文件加载。可用方法：['C3DLoader']。请使用正确的 API 或检查 nimblephysics 安装是否正确
2026-03-22 17:36:55,590 INFO utils.b3d_loader - [51/120] AB16_split2.b3d
2026-03-22 17:36:55,590 WARNING utils.b3d_loader - 加载失败 /mnt/d/Camargo2021_Formatted_No_Arm/AB16_split2/AB16_split2.b3d: 当前 nimblephysics 版本不支持 .b3d 文件加载。可用方法：['C3DLoader']。请使用正确的 API 或检查 nimblephysics 安装是否正确
2026-03-22 17:36:55,590 INFO utils.b3d_loader - [52/120] AB16_split3.b3d
2026-03-22 17:36:55,591 WARNING utils.b3d_loader - 加载失败 /mnt/d/Camargo2021_Formatted_No_Arm/AB16_split3/AB16_split3.b3d: 当前 nimblephysics 版本不支持 .b3d 文件加载。可用方法：['C3DLoader']。请使用正确的 API 或检查 nimblephysics 安装是否正确
2026-03-22 17:36:55,591 INFO utils.b3d_loader - [53/120] AB16_split4.b3d
2026-03-22 17:36:55,591 WARNING utils.b3d_loader - 加载失败 /mnt/d/Camargo2021_Formatted_No_Arm/AB16_split4/AB16_split4.b3d: 当前 nimblephysics 版本不支持 .b3d 文件加载。可用方法：['C3DLoader']。请使用正确的 API 或检查 nimblephysics 安装是否正确
2026-03-22 17:36:55,591 INFO utils.b3d_loader - [54/120] AB16_split5.b3d
2026-03-22 17:36:55,591 WARNING utils.b3d_loader - 加载失败 /mnt/d/Camargo2021_Formatted_No_Arm/AB16_split5/AB16_split5.b3d: 当前 nimblephysics 版本不支持 .b3d 文件加载。可用方法：['C3DLoader']。请使用正确的 API 或检查 nimblephysics 安装是否正确
2026-03-22 17:36:55,591 INFO utils.b3d_loader - [55/120] AB17_split0.b3d
2026-03-22 17:36:55,591 WARNING utils.b3d_loader - 加载失败 /mnt/d/Camargo2021_Formatted_No_Arm/AB17_split0/AB17_split0.b3d: 当前 nimblephysics 版本不支持 .b3d 文件加载。可用方法：['C3DLoader']。请使用正确的 API 或检查 nimblephysics 安装是否正确
2026-03-22 17:36:55,591 INFO utils.b3d_loader - [56/120] AB17_split1.b3d
2026-03-22 17:36:55,591 WARNING utils.b3d_loader - 加载失败 /mnt/d/Camargo2021_Formatted_No_Arm/AB17_split1/AB17_split1.b3d: 当前 nimblephysics 版本不支持 .b3d 文件加载。可用方法：['C3DLoader']。请使用正确的 API 或检查 nimblephysics 安装是否正确
2026-03-22 17:36:55,591 INFO utils.b3d_loader - [57/120] AB17_split2.b3d
2026-03-22 17:36:55,591 WARNING utils.b3d_loader - 加载失败 /mnt/d/Camargo2021_Formatted_No_Arm/AB17_split2/AB17_split2.b3d: 当前 nimblephysics 版本不支持 .b3d 文件加载。可用方法：['C3DLoader']。请使用正确的 API 或检查 nimblephysics 安装是否正确
2026-03-22 17:36:55,591 INFO utils.b3d_loader - [58/120] AB17_split3.b3d
2026-03-22 17:36:55,591 WARNING utils.b3d_loader - 加载失败 /mnt/d/Camargo2021_Formatted_No_Arm/AB17_split3/AB17_split3.b3d: 当前 nimblephysics 版本不支持 .b3d 文件加载。可用方法：['C3DLoader']。请使用正确的 API 或检查 nimblephysics 安装是否正确
2026-03-22 17:36:55,591 INFO utils.b3d_loader - [59/120] AB17_split4.b3d
2026-03-22 17:36:55,591 WARNING utils.b3d_loader - 加载失败 /mnt/d/Camargo2021_Formatted_No_Arm/AB17_split4/AB17_split4.b3d: 当前 nimblephysics 版本不支持 .b3d 文件加载。可用方法：['C3DLoader']。请使用正确的 API 或检查 nimblephysics 安装是否正确
2026-03-22 17:36:55,591 INFO utils.b3d_loader - [60/120] AB17_split5.b3d
2026-03-22 17:36:55,591 WARNING utils.b3d_loader - 加载失败 /mnt/d/Camargo2021_Formatted_No_Arm/AB17_split5/AB17_split5.b3d: 当前 nimblephysics 版本不支持 .b3d 文件加载。可用方法：['C3DLoader']。请使用正确的 API 或检查 nimblephysics 安装是否正确
2026-03-22 17:36:55,592 INFO utils.b3d_loader - [61/120] AB18_split0.b3d
2026-03-22 17:36:55,592 WARNING utils.b3d_loader - 加载失败 /mnt/d/Camargo2021_Formatted_No_Arm/AB18_split0/AB18_split0.b3d: 当前 nimblephysics 版本不支持 .b3d 文件加载。可用方法：['C3DLoader']。请使用正确的 API 或检查 nimblephysics 安装是否正确
2026-03-22 17:36:55,592 INFO utils.b3d_loader - [62/120] AB18_split1.b3d
2026-03-22 17:36:55,592 WARNING utils.b3d_loader - 加载失败 /mnt/d/Camargo2021_Formatted_No_Arm/AB18_split1/AB18_split1.b3d: 当前 nimblephysics 版本不支持 .b3d 文件加载。可用方法：['C3DLoader']。请使用正确的 API 或检查 nimblephysics 安装是否正确
2026-03-22 17:36:55,592 INFO utils.b3d_loader - [63/120] AB18_split2.b3d
2026-03-22 17:36:55,592 WARNING utils.b3d_loader - 加载失败 /mnt/d/Camargo2021_Formatted_No_Arm/AB18_split2/AB18_split2.b3d: 当前 nimblephysics 版本不支持 .b3d 文件加载。可用方法：['C3DLoader']。请使用正确的 API 或检查 nimblephysics 安装是否正确
2026-03-22 17:36:55,592 INFO utils.b3d_loader - [64/120] AB18_split3.b3d
2026-03-22 17:36:55,592 WARNING utils.b3d_loader - 加载失败 /mnt/d/Camargo2021_Formatted_No_Arm/AB18_split3/AB18_split3.b3d: 当前 nimblephysics 版本不支持 .b3d 文件加载。可用方法：['C3DLoader']。请使用正确的 API 或检查 nimblephysics 安装是否正确
2026-03-22 17:36:55,592 INFO utils.b3d_loader - [65/120] AB18_split4.b3d
2026-03-22 17:36:55,592 WARNING utils.b3d_loader - 加载失败 /mnt/d/Camargo2021_Formatted_No_Arm/AB18_split4/AB18_split4.b3d: 当前 nimblephysics 版本不支持 .b3d 文件加载。可用方法：['C3DLoader']。请使用正确的 API 或检查 nimblephysics 安装是否正确
2026-03-22 17:36:55,592 INFO utils.b3d_loader - [66/120] AB18_split5.b3d
2026-03-22 17:36:55,592 WARNING utils.b3d_loader - 加载失败 /mnt/d/Camargo2021_Formatted_No_Arm/AB18_split5/AB18_split5.b3d: 当前 nimblephysics 版本不支持 .b3d 文件加载。可用方法：['C3DLoader']。请使用正确的 API 或检查 nimblephysics 安装是否正确
2026-03-22 17:36:55,592 INFO utils.b3d_loader - [67/120] AB19_split0.b3d
2026-03-22 17:36:55,592 WARNING utils.b3d_loader - 加载失败 /mnt/d/Camargo2021_Formatted_No_Arm/AB19_split0/AB19_split0.b3d: 当前 nimblephysics 版本不支持 .b3d 文件加载。可用方法：['C3DLoader']。请使用正确的 API 或检查 nimblephysics 安装是否正确
2026-03-22 17:36:55,592 INFO utils.b3d_loader - [68/120] AB19_split1.b3d
2026-03-22 17:36:55,592 WARNING utils.b3d_loader - 加载失败 /mnt/d/Camargo2021_Formatted_No_Arm/AB19_split1/AB19_split1.b3d: 当前 nimblephysics 版本不支持 .b3d 文件加载。可用方法：['C3DLoader']。请使用正确的 API 或检查 nimblephysics 安装是否正确
2026-03-22 17:36:55,592 INFO utils.b3d_loader - [69/120] AB19_split2.b3d
2026-03-22 17:36:55,592 WARNING utils.b3d_loader - 加载失败 /mnt/d/Camargo2021_Formatted_No_Arm/AB19_split2/AB19_split2.b3d: 当前 nimblephysics 版本不支持 .b3d 文件加载。可用方法：['C3DLoader']。请使用正确的 API 或检查 nimblephysics 安装是否正确
2026-03-22 17:36:55,592 INFO utils.b3d_loader - [70/120] AB19_split3.b3d
2026-03-22 17:36:55,593 WARNING utils.b3d_loader - 加载失败 /mnt/d/Camargo2021_Formatted_No_Arm/AB19_split3/AB19_split3.b3d: 当前 nimblephysics 版本不支持 .b3d 文件加载。可用方法：['C3DLoader']。请使用正确的 API 或检查 nimblephysics 安装是否正确
2026-03-22 17:36:55,593 INFO utils.b3d_loader - [71/120] AB19_split4.b3d
2026-03-22 17:36:55,593 WARNING utils.b3d_loader - 加载失败 /mnt/d/Camargo2021_Formatted_No_Arm/AB19_split4/AB19_split4.b3d: 当前 nimblephysics 版本不支持 .b3d 文件加载。可用方法：['C3DLoader']。请使用正确的 API 或检查 nimblephysics 安装是否正确
2026-03-22 17:36:55,593 INFO utils.b3d_loader - [72/120] AB19_split5.b3d
2026-03-22 17:36:55,593 WARNING utils.b3d_loader - 加载失败 /mnt/d/Camargo2021_Formatted_No_Arm/AB19_split5/AB19_split5.b3d: 当前 nimblephysics 版本不支持 .b3d 文件加载。可用方法：['C3DLoader']。请使用正确的 API 或检查 nimblephysics 安装是否正确
2026-03-22 17:36:55,593 INFO utils.b3d_loader - [73/120] AB20_split0.b3d
2026-03-22 17:36:55,593 WARNING utils.b3d_loader - 加载失败 /mnt/d/Camargo2021_Formatted_No_Arm/AB20_split0/AB20_split0.b3d: 当前 nimblephysics 版本不支持 .b3d 文件加载。可用方法：['C3DLoader']。请使用正确的 API 或检查 nimblephysics 安装是否正确
2026-03-22 17:36:55,593 INFO utils.b3d_loader - [74/120] AB20_split1.b3d
2026-03-22 17:36:55,593 WARNING utils.b3d_loader - 加载失败 /mnt/d/Camargo2021_Formatted_No_Arm/AB20_split1/AB20_split1.b3d: 当前 nimblephysics 版本不支持 .b3d 文件加载。可用方法：['C3DLoader']。请使用正确的 API 或检查 nimblephysics 安装是否正确
2026-03-22 17:36:55,593 INFO utils.b3d_loader - [75/120] AB20_split2.b3d
2026-03-22 17:36:55,593 WARNING utils.b3d_loader - 加载失败 /mnt/d/Camargo2021_Formatted_No_Arm/AB20_split2/AB20_split2.b3d: 当前 nimblephysics 版本不支持 .b3d 文件加载。可用方法：['C3DLoader']。请使用正确的 API 或检查 nimblephysics 安装是否正确
2026-03-22 17:36:55,593 INFO utils.b3d_loader - [76/120] AB20_split3.b3d
2026-03-22 17:36:55,593 WARNING utils.b3d_loader - 加载失败 /mnt/d/Camargo2021_Formatted_No_Arm/AB20_split3/AB20_split3.b3d: 当前 nimblephysics 版本不支持 .b3d 文件加载。可用方法：['C3DLoader']。请使用正确的 API 或检查 nimblephysics 安装是否正确
2026-03-22 17:36:55,593 INFO utils.b3d_loader - [77/120] AB20_split4.b3d
2026-03-22 17:36:55,593 WARNING utils.b3d_loader - 加载失败 /mnt/d/Camargo2021_Formatted_No_Arm/AB20_split4/AB20_split4.b3d: 当前 nimblephysics 版本不支持 .b3d 文件加载。可用方法：['C3DLoader']。请使用正确的 API 或检查 nimblephysics 安装是否正确
2026-03-22 17:36:55,593 INFO utils.b3d_loader - [78/120] AB20_split5.b3d
2026-03-22 17:36:55,593 WARNING utils.b3d_loader - 加载失败 /mnt/d/Camargo2021_Formatted_No_Arm/AB20_split5/AB20_split5.b3d: 当前 nimblephysics 版本不支持 .b3d 文件加载。可用方法：['C3DLoader']。请使用正确的 API 或检查 nimblephysics 安装是否正确
2026-03-22 17:36:55,593 INFO utils.b3d_loader - [79/120] AB21_split0.b3d
2026-03-22 17:36:55,594 WARNING utils.b3d_loader - 加载失败 /mnt/d/Camargo2021_Formatted_No_Arm/AB21_split0/AB21_split0.b3d: 当前 nimblephysics 版本不支持 .b3d 文件加载。可用方法：['C3DLoader']。请使用正确的 API 或检查 nimblephysics 安装是否正确
2026-03-22 17:36:55,594 INFO utils.b3d_loader - [80/120] AB21_split1.b3d
2026-03-22 17:36:55,594 WARNING utils.b3d_loader - 加载失败 /mnt/d/Camargo2021_Formatted_No_Arm/AB21_split1/AB21_split1.b3d: 当前 nimblephysics 版本不支持 .b3d 文件加载。可用方法：['C3DLoader']。请使用正确的 API 或检查 nimblephysics 安装是否正确
2026-03-22 17:36:55,594 INFO utils.b3d_loader - [81/120] AB21_split2.b3d
2026-03-22 17:36:55,594 WARNING utils.b3d_loader - 加载失败 /mnt/d/Camargo2021_Formatted_No_Arm/AB21_split2/AB21_split2.b3d: 当前 nimblephysics 版本不支持 .b3d 文件加载。可用方法：['C3DLoader']。请使用正确的 API 或检查 nimblephysics 安装是否正确
2026-03-22 17:36:55,594 INFO utils.b3d_loader - [82/120] AB21_split3.b3d
2026-03-22 17:36:55,594 WARNING utils.b3d_loader - 加载失败 /mnt/d/Camargo2021_Formatted_No_Arm/AB21_split3/AB21_split3.b3d: 当前 nimblephysics 版本不支持 .b3d 文件加载。可用方法：['C3DLoader']。请使用正确的 API 或检查 nimblephysics 安装是否正确
2026-03-22 17:36:55,594 INFO utils.b3d_loader - [83/120] AB21_split4.b3d
2026-03-22 17:36:55,594 WARNING utils.b3d_loader - 加载失败 /mnt/d/Camargo2021_Formatted_No_Arm/AB21_split4/AB21_split4.b3d: 当前 nimblephysics 版本不支持 .b3d 文件加载。可用方法：['C3DLoader']。请使用正确的 API 或检查 nimblephysics 安装是否正确
2026-03-22 17:36:55,594 INFO utils.b3d_loader - [84/120] AB21_split5.b3d
2026-03-22 17:36:55,594 WARNING utils.b3d_loader - 加载失败 /mnt/d/Camargo2021_Formatted_No_Arm/AB21_split5/AB21_split5.b3d: 当前 nimblephysics 版本不支持 .b3d 文件加载。可用方法：['C3DLoader']。请使用正确的 API 或检查 nimblephysics 安装是否正确
2026-03-22 17:36:55,594 INFO utils.b3d_loader - [85/120] AB23_split0.b3d
2026-03-22 17:36:55,594 WARNING utils.b3d_loader - 加载失败 /mnt/d/Camargo2021_Formatted_No_Arm/AB23_split0/AB23_split0.b3d: 当前 nimblephysics 版本不支持 .b3d 文件加载。可用方法：['C3DLoader']。请使用正确的 API 或检查 nimblephysics 安装是否正确
2026-03-22 17:36:55,594 INFO utils.b3d_loader - [86/120] AB23_split1.b3d
2026-03-22 17:36:55,594 WARNING utils.b3d_loader - 加载失败 /mnt/d/Camargo2021_Formatted_No_Arm/AB23_split1/AB23_split1.b3d: 当前 nimblephysics 版本不支持 .b3d 文件加载。可用方法：['C3DLoader']。请使用正确的 API 或检查 nimblephysics 安装是否正确
2026-03-22 17:36:55,594 INFO utils.b3d_loader - [87/120] AB23_split2.b3d
2026-03-22 17:36:55,594 WARNING utils.b3d_loader - 加载失败 /mnt/d/Camargo2021_Formatted_No_Arm/AB23_split2/AB23_split2.b3d: 当前 nimblephysics 版本不支持 .b3d 文件加载。可用方法：['C3DLoader']。请使用正确的 API 或检查 nimblephysics 安装是否正确
2026-03-22 17:36:55,595 INFO utils.b3d_loader - [88/120] AB23_split3.b3d
2026-03-22 17:36:55,595 WARNING utils.b3d_loader - 加载失败 /mnt/d/Camargo2021_Formatted_No_Arm/AB23_split3/AB23_split3.b3d: 当前 nimblephysics 版本不支持 .b3d 文件加载。可用方法：['C3DLoader']。请使用正确的 API 或检查 nimblephysics 安装是否正确
2026-03-22 17:36:55,595 INFO utils.b3d_loader - [89/120] AB23_split4.b3d
2026-03-22 17:36:55,595 WARNING utils.b3d_loader - 加载失败 /mnt/d/Camargo2021_Formatted_No_Arm/AB23_split4/AB23_split4.b3d: 当前 nimblephysics 版本不支持 .b3d 文件加载。可用方法：['C3DLoader']。请使用正确的 API 或检查 nimblephysics 安装是否正确
2026-03-22 17:36:55,595 INFO utils.b3d_loader - [90/120] AB23_split5.b3d
2026-03-22 17:36:55,595 WARNING utils.b3d_loader - 加载失败 /mnt/d/Camargo2021_Formatted_No_Arm/AB23_split5/AB23_split5.b3d: 当前 nimblephysics 版本不支持 .b3d 文件加载。可用方法：['C3DLoader']。请使用正确的 API 或检查 nimblephysics 安装是否正确
2026-03-22 17:36:55,595 INFO utils.b3d_loader - [91/120] AB24_split0.b3d
2026-03-22 17:36:55,595 WARNING utils.b3d_loader - 加载失败 /mnt/d/Camargo2021_Formatted_No_Arm/AB24_split0/AB24_split0.b3d: 当前 nimblephysics 版本不支持 .b3d 文件加载。可用方法：['C3DLoader']。请使用正确的 API 或检查 nimblephysics 安装是否正确
2026-03-22 17:36:55,595 INFO utils.b3d_loader - [92/120] AB24_split1.b3d
2026-03-22 17:36:55,595 WARNING utils.b3d_loader - 加载失败 /mnt/d/Camargo2021_Formatted_No_Arm/AB24_split1/AB24_split1.b3d: 当前 nimblephysics 版本不支持 .b3d 文件加载。可用方法：['C3DLoader']。请使用正确的 API 或检查 nimblephysics 安装是否正确
2026-03-22 17:36:55,595 INFO utils.b3d_loader - [93/120] AB24_split2.b3d
2026-03-22 17:36:55,595 WARNING utils.b3d_loader - 加载失败 /mnt/d/Camargo2021_Formatted_No_Arm/AB24_split2/AB24_split2.b3d: 当前 nimblephysics 版本不支持 .b3d 文件加载。可用方法：['C3DLoader']。请使用正确的 API 或检查 nimblephysics 安装是否正确
2026-03-22 17:36:55,595 INFO utils.b3d_loader - [94/120] AB24_split3.b3d
2026-03-22 17:36:55,595 WARNING utils.b3d_loader - 加载失败 /mnt/d/Camargo2021_Formatted_No_Arm/AB24_split3/AB24_split3.b3d: 当前 nimblephysics 版本不支持 .b3d 文件加载。可用方法：['C3DLoader']。请使用正确的 API 或检查 nimblephysics 安装是否正确
2026-03-22 17:36:55,596 INFO utils.b3d_loader - [95/120] AB24_split4.b3d
2026-03-22 17:36:55,596 WARNING utils.b3d_loader - 加载失败 /mnt/d/Camargo2021_Formatted_No_Arm/AB24_split4/AB24_split4.b3d: 当前 nimblephysics 版本不支持 .b3d 文件加载。可用方法：['C3DLoader']。请使用正确的 API 或检查 nimblephysics 安装是否正确
2026-03-22 17:36:55,596 INFO utils.b3d_loader - [96/120] AB24_split5.b3d
2026-03-22 17:36:55,596 WARNING utils.b3d_loader - 加载失败 /mnt/d/Camargo2021_Formatted_No_Arm/AB24_split5/AB24_split5.b3d: 当前 nimblephysics 版本不支持 .b3d 文件加载。可用方法：['C3DLoader']。请使用正确的 API 或检查 nimblephysics 安装是否正确
2026-03-22 17:36:55,596 INFO utils.b3d_loader - [97/120] AB25_split0.b3d
2026-03-22 17:36:55,596 WARNING utils.b3d_loader - 加载失败 /mnt/d/Camargo2021_Formatted_No_Arm/AB25_split0/AB25_split0.b3d: 当前 nimblephysics 版本不支持 .b3d 文件加载。可用方法：['C3DLoader']。请使用正确的 API 或检查 nimblephysics 安装是否正确
2026-03-22 17:36:55,596 INFO utils.b3d_loader - [98/120] AB25_split1.b3d
2026-03-22 17:36:55,596 WARNING utils.b3d_loader - 加载失败 /mnt/d/Camargo2021_Formatted_No_Arm/AB25_split1/AB25_split1.b3d: 当前 nimblephysics 版本不支持 .b3d 文件加载。可用方法：['C3DLoader']。请使用正确的 API 或检查 nimblephysics 安装是否正确
2026-03-22 17:36:55,596 INFO utils.b3d_loader - [99/120] AB25_split2.b3d
2026-03-22 17:36:55,596 WARNING utils.b3d_loader - 加载失败 /mnt/d/Camargo2021_Formatted_No_Arm/AB25_split2/AB25_split2.b3d: 当前 nimblephysics 版本不支持 .b3d 文件加载。可用方法：['C3DLoader']。请使用正确的 API 或检查 nimblephysics 安装是否正确
2026-03-22 17:36:55,597 INFO utils.b3d_loader - [100/120] AB25_split3.b3d
2026-03-22 17:36:55,597 WARNING utils.b3d_loader - 加载失败 /mnt/d/Camargo2021_Formatted_No_Arm/AB25_split3/AB25_split3.b3d: 当前 nimblephysics 版本不支持 .b3d 文件加载。可用方法：['C3DLoader']。请使用正确的 API 或检查 nimblephysics 安装是否正确
2026-03-22 17:36:55,597 INFO utils.b3d_loader - [101/120] AB25_split4.b3d
2026-03-22 17:36:55,597 WARNING utils.b3d_loader - 加载失败 /mnt/d/Camargo2021_Formatted_No_Arm/AB25_split4/AB25_split4.b3d: 当前 nimblephysics 版本不支持 .b3d 文件加载。可用方法：['C3DLoader']。请使用正确的 API 或检查 nimblephysics 安装是否正确
2026-03-22 17:36:55,597 INFO utils.b3d_loader - [102/120] AB25_split5.b3d
2026-03-22 17:36:55,597 WARNING utils.b3d_loader - 加载失败 /mnt/d/Camargo2021_Formatted_No_Arm/AB25_split5/AB25_split5.b3d: 当前 nimblephysics 版本不支持 .b3d 文件加载。可用方法：['C3DLoader']。请使用正确的 API 或检查 nimblephysics 安装是否正确
2026-03-22 17:36:55,597 INFO utils.b3d_loader - [103/120] AB27_split0.b3d
2026-03-22 17:36:55,597 WARNING utils.b3d_loader - 加载失败 /mnt/d/Camargo2021_Formatted_No_Arm/AB27_split0/AB27_split0.b3d: 当前 nimblephysics 版本不支持 .b3d 文件加载。可用方法：['C3DLoader']。请使用正确的 API 或检查 nimblephysics 安装是否正确
2026-03-22 17:36:55,597 INFO utils.b3d_loader - [104/120] AB27_split1.b3d
2026-03-22 17:36:55,597 WARNING utils.b3d_loader - 加载失败 /mnt/d/Camargo2021_Formatted_No_Arm/AB27_split1/AB27_split1.b3d: 当前 nimblephysics 版本不支持 .b3d 文件加载。可用方法：['C3DLoader']。请使用正确的 API 或检查 nimblephysics 安装是否正确
2026-03-22 17:36:55,597 INFO utils.b3d_loader - [105/120] AB27_split2.b3d
2026-03-22 17:36:55,597 WARNING utils.b3d_loader - 加载失败 /mnt/d/Camargo2021_Formatted_No_Arm/AB27_split2/AB27_split2.b3d: 当前 nimblephysics 版本不支持 .b3d 文件加载。可用方法：['C3DLoader']。请使用正确的 API 或检查 nimblephysics 安装是否正确
2026-03-22 17:36:55,597 INFO utils.b3d_loader - [106/120] AB27_split3.b3d
2026-03-22 17:36:55,598 WARNING utils.b3d_loader - 加载失败 /mnt/d/Camargo2021_Formatted_No_Arm/AB27_split3/AB27_split3.b3d: 当前 nimblephysics 版本不支持 .b3d 文件加载。可用方法：['C3DLoader']。请使用正确的 API 或检查 nimblephysics 安装是否正确
2026-03-22 17:36:55,598 INFO utils.b3d_loader - [107/120] AB27_split4.b3d
2026-03-22 17:36:55,598 WARNING utils.b3d_loader - 加载失败 /mnt/d/Camargo2021_Formatted_No_Arm/AB27_split4/AB27_split4.b3d: 当前 nimblephysics 版本不支持 .b3d 文件加载。可用方法：['C3DLoader']。请使用正确的 API 或检查 nimblephysics 安装是否正确
2026-03-22 17:36:55,598 INFO utils.b3d_loader - [108/120] AB27_split5.b3d
2026-03-22 17:36:55,598 WARNING utils.b3d_loader - 加载失败 /mnt/d/Camargo2021_Formatted_No_Arm/AB27_split5/AB27_split5.b3d: 当前 nimblephysics 版本不支持 .b3d 文件加载。可用方法：['C3DLoader']。请使用正确的 API 或检查 nimblephysics 安装是否正确
2026-03-22 17:36:55,598 INFO utils.b3d_loader - [109/120] AB28_split0.b3d
2026-03-22 17:36:55,599 WARNING utils.b3d_loader - 加载失败 /mnt/d/Camargo2021_Formatted_No_Arm/AB28_split0/AB28_split0.b3d: 当前 nimblephysics 版本不支持 .b3d 文件加载。可用方法：['C3DLoader']。请使用正确的 API 或检查 nimblephysics 安装是否正确
2026-03-22 17:36:55,599 INFO utils.b3d_loader - [110/120] AB28_split1.b3d
2026-03-22 17:36:55,599 WARNING utils.b3d_loader - 加载失败 /mnt/d/Camargo2021_Formatted_No_Arm/AB28_split1/AB28_split1.b3d: 当前 nimblephysics 版本不支持 .b3d 文件加载。可用方法：['C3DLoader']。请使用正确的 API 或检查 nimblephysics 安装是否正确
2026-03-22 17:36:55,599 INFO utils.b3d_loader - [111/120] AB28_split2.b3d
2026-03-22 17:36:55,599 WARNING utils.b3d_loader - 加载失败 /mnt/d/Camargo2021_Formatted_No_Arm/AB28_split2/AB28_split2.b3d: 当前 nimblephysics 版本不支持 .b3d 文件加载。可用方法：['C3DLoader']。请使用正确的 API 或检查 nimblephysics 安装是否正确
2026-03-22 17:36:55,599 INFO utils.b3d_loader - [112/120] AB28_split3.b3d
2026-03-22 17:36:55,599 WARNING utils.b3d_loader - 加载失败 /mnt/d/Camargo2021_Formatted_No_Arm/AB28_split3/AB28_split3.b3d: 当前 nimblephysics 版本不支持 .b3d 文件加载。可用方法：['C3DLoader']。请使用正确的 API 或检查 nimblephysics 安装是否正确
2026-03-22 17:36:55,599 INFO utils.b3d_loader - [113/120] AB28_split4.b3d
2026-03-22 17:36:55,599 WARNING utils.b3d_loader - 加载失败 /mnt/d/Camargo2021_Formatted_No_Arm/AB28_split4/AB28_split4.b3d: 当前 nimblephysics 版本不支持 .b3d 文件加载。可用方法：['C3DLoader']。请使用正确的 API 或检查 nimblephysics 安装是否正确
2026-03-22 17:36:55,599 INFO utils.b3d_loader - [114/120] AB28_split5.b3d
2026-03-22 17:36:55,599 WARNING utils.b3d_loader - 加载失败 /mnt/d/Camargo2021_Formatted_No_Arm/AB28_split5/AB28_split5.b3d: 当前 nimblephysics 版本不支持 .b3d 文件加载。可用方法：['C3DLoader']。请使用正确的 API 或检查 nimblephysics 安装是否正确
2026-03-22 17:36:55,599 INFO utils.b3d_loader - [115/120] AB30_split0.b3d
2026-03-22 17:36:55,600 WARNING utils.b3d_loader - 加载失败 /mnt/d/Camargo2021_Formatted_No_Arm/AB30_split0/AB30_split0.b3d: 当前 nimblephysics 版本不支持 .b3d 文件加载。可用方法：['C3DLoader']。请使用正确的 API 或检查 nimblephysics 安装是否正确
2026-03-22 17:36:55,600 INFO utils.b3d_loader - [116/120] AB30_split1.b3d
2026-03-22 17:36:55,600 WARNING utils.b3d_loader - 加载失败 /mnt/d/Camargo2021_Formatted_No_Arm/AB30_split1/AB30_split1.b3d: 当前 nimblephysics 版本不支持 .b3d 文件加载。可用方法：['C3DLoader']。请使用正确的 API 或检查 nimblephysics 安装是否正确
2026-03-22 17:36:55,600 INFO utils.b3d_loader - [117/120] AB30_split2.b3d
2026-03-22 17:36:55,600 WARNING utils.b3d_loader - 加载失败 /mnt/d/Camargo2021_Formatted_No_Arm/AB30_split2/AB30_split2.b3d: 当前 nimblephysics 版本不支持 .b3d 文件加载。可用方法：['C3DLoader']。请使用正确的 API 或检查 nimblephysics 安装是否正确
2026-03-22 17:36:55,600 INFO utils.b3d_loader - [118/120] AB30_split3.b3d
2026-03-22 17:36:55,600 WARNING utils.b3d_loader - 加载失败 /mnt/d/Camargo2021_Formatted_No_Arm/AB30_split3/AB30_split3.b3d: 当前 nimblephysics 版本不支持 .b3d 文件加载。可用方法：['C3DLoader']。请使用正确的 API 或检查 nimblephysics 安装是否正确
2026-03-22 17:36:55,600 INFO utils.b3d_loader - [119/120] AB30_split4.b3d
2026-03-22 17:36:55,600 WARNING utils.b3d_loader - 加载失败 /mnt/d/Camargo2021_Formatted_No_Arm/AB30_split4/AB30_split4.b3d: 当前 nimblephysics 版本不支持 .b3d 文件加载。可用方法：['C3DLoader']。请使用正确的 API 或检查 nimblephysics 安装是否正确
2026-03-22 17:36:55,600 INFO utils.b3d_loader - [120/120] AB30_split5.b3d
2026-03-22 17:36:55,600 WARNING utils.b3d_loader - 加载失败 /mnt/d/Camargo2021_Formatted_No_Arm/AB30_split5/AB30_split5.b3d: 当前 nimblephysics 版本不支持 .b3d 文件加载。可用方法：['C3DLoader']。请使用正确的 API 或检查 nimblephysics 安装是否正确
2026-03-22 17:36:55,601 INFO utils.b3d_loader - [B3DLoader] 共 0 帧
2026-03-22 17:36:55,601 WARNING main - 未找到真实数据，使用合成数据演示...
2026-03-22 17:36:55,608 INFO main - 合成数据: 600 帧
2026-03-22 17:36:55,608 INFO main - 总样本数: 600
2026-03-22 17:36:55,613 INFO utils.teacher_labeler - TeacherLabeler: 600 帧 | 低=38 中=284 高=278
2026-03-22 17:36:55,613 INFO main - 风险标签分布: 低=38 中=284 高=278
2026-03-22 17:36:55,616 INFO main - 训练集: 400 | 验证集: 100
2026-03-22 17:36:55,628 INFO main - ST-GCN: 0.49M 参数
2026-03-22 17:36:55,628 INFO main - FNO:    0.480M 参数
2026-03-22 17:36:55,629 INFO main - Risk:   42660 参数
2026-03-22 17:36:55,629 INFO main - FNO 初始时延: 50.0ms
2026-03-22 17:36:55,629 INFO trainers.train_pipeline - [Trainer v3] 设备: cuda
2026-03-22 17:36:55,635 INFO utils.normalizer - Normalizer.fit 完成，样本数=400
2026-03-22 17:36:55,636 INFO utils.normalizer - 归一化参数保存到 ./data/processed/norm_stats.npz
2026-03-22 17:36:56,332 INFO utils.reproducibility - [版本锁] b3d=20df82b44e5d716a raw=e3b0c44298fc1c14 保存到 ./data/processed/data_version_lock.json
2026-03-22 17:36:56,332 INFO utils.reproducibility - [StructuredLogger] 开始记录 run_id=run_20260322_173656
2026-03-22 17:36:56,333 INFO data.datasets - [E2EDataset/train] 200 帧, 171 窗口 (vis=5, K=10)
2026-03-22 17:36:56,333 INFO data.datasets - [E2EDataset/val] 0 帧, 0 窗口 (vis=5, K=10)
2026-03-22 17:36:57,984 INFO trainers.train_pipeline - Ep 001/100 [S1] | tr=0.4812 val=0.0000 grf_mae=0.0000 risk_acc=0.000 lag=50.0ms | 0.8s
2026-03-22 17:36:58,005 INFO trainers.train_pipeline -   ✅ 最佳模型保存 (val=0.0000)
2026-03-22 17:36:58,178 INFO trainers.train_pipeline - Ep 002/100 [S1] | tr=0.4456 val=0.0000 grf_mae=0.0000 risk_acc=0.000 lag=50.0ms | 0.2s
2026-03-22 17:36:58,372 INFO trainers.train_pipeline - Ep 003/100 [S1] | tr=0.4046 val=0.0000 grf_mae=0.0000 risk_acc=0.000 lag=50.0ms | 0.2s
2026-03-22 17:36:58,549 INFO trainers.train_pipeline - Ep 004/100 [S1] | tr=0.3992 val=0.0000 grf_mae=0.0000 risk_acc=0.000 lag=50.0ms | 0.2s
2026-03-22 17:36:58,731 INFO trainers.train_pipeline - Ep 005/100 [S1] | tr=0.3916 val=0.0000 grf_mae=0.0000 risk_acc=0.000 lag=50.0ms | 0.2s
2026-03-22 17:36:58,934 INFO trainers.train_pipeline - Ep 006/100 [S1] | tr=0.3811 val=0.0000 grf_mae=0.0000 risk_acc=0.000 lag=50.0ms | 0.2s
2026-03-22 17:36:59,129 INFO trainers.train_pipeline - Ep 007/100 [S1] | tr=0.3735 val=0.0000 grf_mae=0.0000 risk_acc=0.000 lag=50.0ms | 0.2s
2026-03-22 17:36:59,328 INFO trainers.train_pipeline - Ep 008/100 [S1] | tr=0.3626 val=0.0000 grf_mae=0.0000 risk_acc=0.000 lag=50.0ms | 0.2s
2026-03-22 17:36:59,503 INFO trainers.train_pipeline - Ep 009/100 [S1] | tr=0.3539 val=0.0000 grf_mae=0.0000 risk_acc=0.000 lag=50.0ms | 0.2s
2026-03-22 17:36:59,691 INFO trainers.train_pipeline - Ep 010/100 [S1] | tr=0.3452 val=0.0000 grf_mae=0.0000 risk_acc=0.000 lag=50.0ms | 0.2s
2026-03-22 17:36:59,870 INFO trainers.train_pipeline - Ep 011/100 [S1] | tr=0.3469 val=0.0000 grf_mae=0.0000 risk_acc=0.000 lag=50.0ms | 0.2s
2026-03-22 17:36:59,870 INFO trainers.train_pipeline - [EarlyStopping] 触发，patience=10
2026-03-22 17:36:59,870 INFO utils.reproducibility - [StructuredLogger] 日志保存到 ./logs/run_20260322_173656.json (best_val=0.0000)
2026-03-22 17:36:59,871 INFO trainers.train_pipeline - 最终学习时延: 50.0ms (初始 50ms，物理期望 20-100ms)
2026-03-22 17:36:59,871 INFO main - 训练完成 | 最终验证 loss=0.0000 | 学习时延=50.0ms
2026-03-22 17:36:59,872 INFO main - 任务完成 ✅
2026-03-22 17:45:14,353 INFO main - ============================================================
2026-03-22 17:45:14,353 INFO main - RehabGuardian 10.0
2026-03-22 17:45:14,353 INFO main - 模式: train
2026-03-22 17:45:14,353 INFO main - ============================================================
2026-03-22 17:45:14,909 INFO utils.b3d_loader - [B3DLoader] 120 个 .b3d 文件
2026-03-22 17:45:14,909 INFO main - [.b3d] 加载 120 个文件...
2026-03-22 17:45:14,909 INFO utils.b3d_loader - [1/120] AB06_split0.b3d
2026-03-22 17:45:15,158 WARNING utils.b3d_loader -   trial 0 失败：tuple index out of range
2026-03-22 17:45:15,294 WARNING utils.b3d_loader -   trial 1 失败：tuple index out of range
2026-03-22 17:45:15,863 WARNING utils.b3d_loader -   trial 2 失败：tuple index out of range
2026-03-22 17:45:15,947 WARNING utils.b3d_loader -   trial 3 失败：tuple index out of range
2026-03-22 17:45:16,061 WARNING utils.b3d_loader -   trial 4 失败：tuple index out of range
2026-03-22 17:45:16,510 WARNING utils.b3d_loader -   trial 5 失败：tuple index out of range
2026-03-22 17:45:17,070 WARNING utils.b3d_loader -   trial 6 失败：tuple index out of range
2026-03-22 17:45:17,153 WARNING utils.b3d_loader -   trial 7 失败：tuple index out of range
2026-03-22 17:45:17,313 WARNING utils.b3d_loader -   trial 8 失败：tuple index out of range
2026-03-22 17:45:17,823 WARNING utils.b3d_loader -   trial 9 失败：tuple index out of range
2026-03-22 17:45:17,900 WARNING utils.b3d_loader -   trial 10 失败：tuple index out of range
2026-03-22 17:45:18,109 WARNING utils.b3d_loader -   trial 11 失败：tuple index out of range
2026-03-22 17:45:18,593 WARNING utils.b3d_loader -   trial 12 失败：tuple index out of range
2026-03-22 17:45:19,323 WARNING utils.b3d_loader -   trial 13 失败：tuple index out of range
2026-03-22 17:45:19,499 WARNING utils.b3d_loader -   trial 14 失败：tuple index out of range
2026-03-22 17:45:19,672 WARNING utils.b3d_loader -   trial 15 失败：tuple index out of range
2026-03-22 17:47:42,095 INFO main - ============================================================
2026-03-22 17:47:42,095 INFO main - RehabGuardian 10.0
2026-03-22 17:47:42,095 INFO main - 模式: train
2026-03-22 17:47:42,095 INFO main - ============================================================
2026-03-22 17:47:43,420 INFO utils.b3d_loader - [B3DLoader] 120 个 .b3d 文件
2026-03-22 17:47:43,420 INFO main - [.b3d] 加载 120 个文件...
2026-03-22 17:47:43,421 INFO utils.b3d_loader - [1/120] AB06_split0.b3d
2026-03-22 17:47:43,702 WARNING utils.b3d_loader -   trial 0 失败：tuple index out of range
2026-03-22 17:47:43,826 WARNING utils.b3d_loader -   trial 1 失败：tuple index out of range
2026-03-22 17:47:44,249 WARNING utils.b3d_loader -   trial 2 失败：tuple index out of range
2026-03-22 17:47:44,320 WARNING utils.b3d_loader -   trial 3 失败：tuple index out of range
2026-03-22 17:47:44,447 WARNING utils.b3d_loader -   trial 4 失败：tuple index out of range
2026-03-22 17:47:44,821 WARNING utils.b3d_loader -   trial 5 失败：tuple index out of range
2026-03-22 17:47:45,233 WARNING utils.b3d_loader -   trial 6 失败：tuple index out of range
2026-03-22 17:47:45,319 WARNING utils.b3d_loader -   trial 7 失败：tuple index out of range
2026-03-22 17:47:45,451 WARNING utils.b3d_loader -   trial 8 失败：tuple index out of range
2026-03-22 17:47:45,934 WARNING utils.b3d_loader -   trial 9 失败：tuple index out of range
2026-03-22 17:47:46,022 WARNING utils.b3d_loader -   trial 10 失败：tuple index out of range
2026-03-22 17:47:46,162 WARNING utils.b3d_loader -   trial 11 失败：tuple index out of range
2026-03-22 17:47:46,673 WARNING utils.b3d_loader -   trial 12 失败：tuple index out of range
2026-03-22 17:47:47,163 WARNING utils.b3d_loader -   trial 13 失败：tuple index out of range
2026-03-22 17:47:47,246 WARNING utils.b3d_loader -   trial 14 失败：tuple index out of range
2026-03-22 17:47:47,431 WARNING utils.b3d_loader -   trial 15 失败：tuple index out of range
2026-03-22 17:47:47,831 WARNING utils.b3d_loader -   trial 16 失败：tuple index out of range
2026-03-22 17:47:48,440 WARNING utils.b3d_loader -   trial 17 失败：tuple index out of range
2026-03-22 17:47:48,515 WARNING utils.b3d_loader -   trial 18 失败：tuple index out of range
2026-03-22 17:47:48,718 WARNING utils.b3d_loader -   trial 19 失败：tuple index out of range
2026-03-22 17:47:49,167 WARNING utils.b3d_loader -   trial 20 失败：tuple index out of range
2026-03-22 17:47:49,291 WARNING utils.b3d_loader -   trial 21 失败：tuple index out of range
2026-03-22 17:47:49,471 WARNING utils.b3d_loader -   trial 22 失败：tuple index out of range
2026-03-22 17:47:50,232 WARNING utils.b3d_loader -   trial 23 失败：tuple index out of range
2026-03-22 17:47:50,332 WARNING utils.b3d_loader -   trial 24 失败：tuple index out of range
2026-03-22 17:47:50,497 WARNING utils.b3d_loader -   trial 25 失败：tuple index out of range
2026-03-22 17:47:50,937 WARNING utils.b3d_loader -   trial 26 失败：tuple index out of range
2026-03-22 17:47:50,999 WARNING utils.b3d_loader -   trial 27 失败：tuple index out of range
2026-03-22 17:47:51,104 WARNING utils.b3d_loader -   trial 28 失败：tuple index out of range
2026-03-22 17:47:51,487 WARNING utils.b3d_loader -   trial 29 失败：tuple index out of range
2026-03-22 17:47:51,542 WARNING utils.b3d_loader -   trial 30 失败：tuple index out of range
2026-03-22 17:47:51,645 WARNING utils.b3d_loader -   trial 31 失败：tuple index out of range
2026-03-22 17:47:52,109 WARNING utils.b3d_loader -   trial 32 失败：tuple index out of range
2026-03-22 17:47:52,317 WARNING utils.b3d_loader -   trial 33 失败：tuple index out of range
2026-03-22 17:47:52,390 WARNING utils.b3d_loader -   trial 34 失败：tuple index out of range
2026-03-22 17:47:52,556 WARNING utils.b3d_loader -   trial 35 失败：tuple index out of range
2026-03-22 17:47:53,002 WARNING utils.b3d_loader -   trial 36 失败：tuple index out of range
2026-03-22 17:47:53,443 WARNING utils.b3d_loader -   trial 37 失败：tuple index out of range
2026-03-22 17:47:53,513 WARNING utils.b3d_loader -   trial 38 失败：tuple index out of range
2026-03-22 17:47:53,659 WARNING utils.b3d_loader -   trial 39 失败：tuple index out of range
2026-03-22 17:47:54,059 WARNING utils.b3d_loader -   trial 40 失败：tuple index out of range
2026-03-22 17:49:44,440 INFO main - ============================================================
2026-03-22 17:49:44,440 INFO main - RehabGuardian 10.0
2026-03-22 17:49:44,440 INFO main - 模式: train
2026-03-22 17:49:44,440 INFO main - ============================================================
2026-03-22 17:49:45,469 INFO utils.b3d_loader - [B3DLoader] 120 个 .b3d 文件
2026-03-22 17:49:45,469 INFO main - [.b3d] 加载 120 个文件...
2026-03-22 17:49:45,469 INFO utils.b3d_loader - [1/120] AB06_split0.b3d
2026-03-22 17:49:45,541 WARNING utils.b3d_loader - 加载失败 /mnt/d/Camargo2021_Formatted_No_Arm/AB06_split0/AB06_split0.b3d: module 'nimblephysics_libs._nimblephysics.biomechanics.OpenSimParser' has no attribute 'loadB3D'
2026-03-22 17:49:45,541 INFO utils.b3d_loader - [2/120] AB06_split1.b3d
2026-03-22 17:49:45,541 WARNING utils.b3d_loader - 加载失败 /mnt/d/Camargo2021_Formatted_No_Arm/AB06_split1/AB06_split1.b3d: module 'nimblephysics_libs._nimblephysics.biomechanics.OpenSimParser' has no attribute 'loadB3D'
2026-03-22 17:49:45,541 INFO utils.b3d_loader - [3/120] AB06_split2.b3d
2026-03-22 17:49:45,541 WARNING utils.b3d_loader - 加载失败 /mnt/d/Camargo2021_Formatted_No_Arm/AB06_split2/AB06_split2.b3d: module 'nimblephysics_libs._nimblephysics.biomechanics.OpenSimParser' has no attribute 'loadB3D'
2026-03-22 17:49:45,541 INFO utils.b3d_loader - [4/120] AB06_split3.b3d
2026-03-22 17:49:45,541 WARNING utils.b3d_loader - 加载失败 /mnt/d/Camargo2021_Formatted_No_Arm/AB06_split3/AB06_split3.b3d: module 'nimblephysics_libs._nimblephysics.biomechanics.OpenSimParser' has no attribute 'loadB3D'
2026-03-22 17:49:45,541 INFO utils.b3d_loader - [5/120] AB06_split4.b3d
2026-03-22 17:49:45,541 WARNING utils.b3d_loader - 加载失败 /mnt/d/Camargo2021_Formatted_No_Arm/AB06_split4/AB06_split4.b3d: module 'nimblephysics_libs._nimblephysics.biomechanics.OpenSimParser' has no attribute 'loadB3D'
2026-03-22 17:49:45,541 INFO utils.b3d_loader - [6/120] AB07_split0.b3d
2026-03-22 17:49:45,542 WARNING utils.b3d_loader - 加载失败 /mnt/d/Camargo2021_Formatted_No_Arm/AB07_split0/AB07_split0.b3d: module 'nimblephysics_libs._nimblephysics.biomechanics.OpenSimParser' has no attribute 'loadB3D'
2026-03-22 17:49:45,542 INFO utils.b3d_loader - [7/120] AB07_split1.b3d
2026-03-22 17:49:45,542 WARNING utils.b3d_loader - 加载失败 /mnt/d/Camargo2021_Formatted_No_Arm/AB07_split1/AB07_split1.b3d: module 'nimblephysics_libs._nimblephysics.biomechanics.OpenSimParser' has no attribute 'loadB3D'
2026-03-22 17:49:45,542 INFO utils.b3d_loader - [8/120] AB07_split2.b3d
2026-03-22 17:49:45,542 WARNING utils.b3d_loader - 加载失败 /mnt/d/Camargo2021_Formatted_No_Arm/AB07_split2/AB07_split2.b3d: module 'nimblephysics_libs._nimblephysics.biomechanics.OpenSimParser' has no attribute 'loadB3D'
2026-03-22 17:49:45,542 INFO utils.b3d_loader - [9/120] AB07_split3.b3d
2026-03-22 17:49:45,542 WARNING utils.b3d_loader - 加载失败 /mnt/d/Camargo2021_Formatted_No_Arm/AB07_split3/AB07_split3.b3d: module 'nimblephysics_libs._nimblephysics.biomechanics.OpenSimParser' has no attribute 'loadB3D'
2026-03-22 17:49:45,542 INFO utils.b3d_loader - [10/120] AB07_split4.b3d
2026-03-22 17:49:45,542 WARNING utils.b3d_loader - 加载失败 /mnt/d/Camargo2021_Formatted_No_Arm/AB07_split4/AB07_split4.b3d: module 'nimblephysics_libs._nimblephysics.biomechanics.OpenSimParser' has no attribute 'loadB3D'
2026-03-22 17:49:45,542 INFO utils.b3d_loader - [11/120] AB07_split5.b3d
2026-03-22 17:49:45,542 WARNING utils.b3d_loader - 加载失败 /mnt/d/Camargo2021_Formatted_No_Arm/AB07_split5/AB07_split5.b3d: module 'nimblephysics_libs._nimblephysics.biomechanics.OpenSimParser' has no attribute 'loadB3D'
2026-03-22 17:49:45,542 INFO utils.b3d_loader - [12/120] AB08_split5.b3d
2026-03-22 17:49:45,542 WARNING utils.b3d_loader - 加载失败 /mnt/d/Camargo2021_Formatted_No_Arm/AB08_split5/AB08_split5.b3d: module 'nimblephysics_libs._nimblephysics.biomechanics.OpenSimParser' has no attribute 'loadB3D'
2026-03-22 17:49:45,542 INFO utils.b3d_loader - [13/120] AB09_split0.b3d
2026-03-22 17:49:45,543 WARNING utils.b3d_loader - 加载失败 /mnt/d/Camargo2021_Formatted_No_Arm/AB09_split0/AB09_split0.b3d: module 'nimblephysics_libs._nimblephysics.biomechanics.OpenSimParser' has no attribute 'loadB3D'
2026-03-22 17:49:45,543 INFO utils.b3d_loader - [14/120] AB09_split1.b3d
2026-03-22 17:49:45,543 WARNING utils.b3d_loader - 加载失败 /mnt/d/Camargo2021_Formatted_No_Arm/AB09_split1/AB09_split1.b3d: module 'nimblephysics_libs._nimblephysics.biomechanics.OpenSimParser' has no attribute 'loadB3D'
2026-03-22 17:49:45,543 INFO utils.b3d_loader - [15/120] AB09_split2.b3d
2026-03-22 17:49:45,543 WARNING utils.b3d_loader - 加载失败 /mnt/d/Camargo2021_Formatted_No_Arm/AB09_split2/AB09_split2.b3d: module 'nimblephysics_libs._nimblephysics.biomechanics.OpenSimParser' has no attribute 'loadB3D'
2026-03-22 17:49:45,543 INFO utils.b3d_loader - [16/120] AB09_split3.b3d
2026-03-22 17:49:45,543 WARNING utils.b3d_loader - 加载失败 /mnt/d/Camargo2021_Formatted_No_Arm/AB09_split3/AB09_split3.b3d: module 'nimblephysics_libs._nimblephysics.biomechanics.OpenSimParser' has no attribute 'loadB3D'
2026-03-22 17:49:45,543 INFO utils.b3d_loader - [17/120] AB09_split4.b3d
2026-03-22 17:49:45,543 WARNING utils.b3d_loader - 加载失败 /mnt/d/Camargo2021_Formatted_No_Arm/AB09_split4/AB09_split4.b3d: module 'nimblephysics_libs._nimblephysics.biomechanics.OpenSimParser' has no attribute 'loadB3D'
2026-03-22 17:49:45,543 INFO utils.b3d_loader - [18/120] AB09_split5.b3d
2026-03-22 17:49:45,543 WARNING utils.b3d_loader - 加载失败 /mnt/d/Camargo2021_Formatted_No_Arm/AB09_split5/AB09_split5.b3d: module 'nimblephysics_libs._nimblephysics.biomechanics.OpenSimParser' has no attribute 'loadB3D'
2026-03-22 17:49:45,543 INFO utils.b3d_loader - [19/120] AB11_split0.b3d
2026-03-22 17:49:45,543 WARNING utils.b3d_loader - 加载失败 /mnt/d/Camargo2021_Formatted_No_Arm/AB11_split0/AB11_split0.b3d: module 'nimblephysics_libs._nimblephysics.biomechanics.OpenSimParser' has no attribute 'loadB3D'
2026-03-22 17:49:45,543 INFO utils.b3d_loader - [20/120] AB11_split1.b3d
2026-03-22 17:49:45,544 WARNING utils.b3d_loader - 加载失败 /mnt/d/Camargo2021_Formatted_No_Arm/AB11_split1/AB11_split1.b3d: module 'nimblephysics_libs._nimblephysics.biomechanics.OpenSimParser' has no attribute 'loadB3D'
2026-03-22 17:49:45,544 INFO utils.b3d_loader - [21/120] AB11_split2.b3d
2026-03-22 17:49:45,544 WARNING utils.b3d_loader - 加载失败 /mnt/d/Camargo2021_Formatted_No_Arm/AB11_split2/AB11_split2.b3d: module 'nimblephysics_libs._nimblephysics.biomechanics.OpenSimParser' has no attribute 'loadB3D'
2026-03-22 17:49:45,544 INFO utils.b3d_loader - [22/120] AB11_split3.b3d
2026-03-22 17:49:45,544 WARNING utils.b3d_loader - 加载失败 /mnt/d/Camargo2021_Formatted_No_Arm/AB11_split3/AB11_split3.b3d: module 'nimblephysics_libs._nimblephysics.biomechanics.OpenSimParser' has no attribute 'loadB3D'
2026-03-22 17:49:45,544 INFO utils.b3d_loader - [23/120] AB11_split4.b3d
2026-03-22 17:49:45,544 WARNING utils.b3d_loader - 加载失败 /mnt/d/Camargo2021_Formatted_No_Arm/AB11_split4/AB11_split4.b3d: module 'nimblephysics_libs._nimblephysics.biomechanics.OpenSimParser' has no attribute 'loadB3D'
2026-03-22 17:49:45,544 INFO utils.b3d_loader - [24/120] AB11_split5.b3d
2026-03-22 17:49:45,544 WARNING utils.b3d_loader - 加载失败 /mnt/d/Camargo2021_Formatted_No_Arm/AB11_split5/AB11_split5.b3d: module 'nimblephysics_libs._nimblephysics.biomechanics.OpenSimParser' has no attribute 'loadB3D'
2026-03-22 17:49:45,544 INFO utils.b3d_loader - [25/120] AB12_split0.b3d
2026-03-22 17:49:45,545 WARNING utils.b3d_loader - 加载失败 /mnt/d/Camargo2021_Formatted_No_Arm/AB12_split0/AB12_split0.b3d: module 'nimblephysics_libs._nimblephysics.biomechanics.OpenSimParser' has no attribute 'loadB3D'
2026-03-22 17:49:45,545 INFO utils.b3d_loader - [26/120] AB12_split1.b3d
2026-03-22 17:49:45,545 WARNING utils.b3d_loader - 加载失败 /mnt/d/Camargo2021_Formatted_No_Arm/AB12_split1/AB12_split1.b3d: module 'nimblephysics_libs._nimblephysics.biomechanics.OpenSimParser' has no attribute 'loadB3D'
2026-03-22 17:49:45,545 INFO utils.b3d_loader - [27/120] AB12_split2.b3d
2026-03-22 17:49:45,545 WARNING utils.b3d_loader - 加载失败 /mnt/d/Camargo2021_Formatted_No_Arm/AB12_split2/AB12_split2.b3d: module 'nimblephysics_libs._nimblephysics.biomechanics.OpenSimParser' has no attribute 'loadB3D'
2026-03-22 17:49:45,545 INFO utils.b3d_loader - [28/120] AB12_split3.b3d
2026-03-22 17:49:45,545 WARNING utils.b3d_loader - 加载失败 /mnt/d/Camargo2021_Formatted_No_Arm/AB12_split3/AB12_split3.b3d: module 'nimblephysics_libs._nimblephysics.biomechanics.OpenSimParser' has no attribute 'loadB3D'
2026-03-22 17:49:45,545 INFO utils.b3d_loader - [29/120] AB12_split4.b3d
2026-03-22 17:49:45,545 WARNING utils.b3d_loader - 加载失败 /mnt/d/Camargo2021_Formatted_No_Arm/AB12_split4/AB12_split4.b3d: module 'nimblephysics_libs._nimblephysics.biomechanics.OpenSimParser' has no attribute 'loadB3D'
2026-03-22 17:49:45,545 INFO utils.b3d_loader - [30/120] AB12_split5.b3d
2026-03-22 17:49:45,545 WARNING utils.b3d_loader - 加载失败 /mnt/d/Camargo2021_Formatted_No_Arm/AB12_split5/AB12_split5.b3d: module 'nimblephysics_libs._nimblephysics.biomechanics.OpenSimParser' has no attribute 'loadB3D'
2026-03-22 17:49:45,545 INFO utils.b3d_loader - [31/120] AB13_split0.b3d
2026-03-22 17:49:45,545 WARNING utils.b3d_loader - 加载失败 /mnt/d/Camargo2021_Formatted_No_Arm/AB13_split0/AB13_split0.b3d: module 'nimblephysics_libs._nimblephysics.biomechanics.OpenSimParser' has no attribute 'loadB3D'
2026-03-22 17:49:45,546 INFO utils.b3d_loader - [32/120] AB13_split1.b3d
2026-03-22 17:49:45,546 WARNING utils.b3d_loader - 加载失败 /mnt/d/Camargo2021_Formatted_No_Arm/AB13_split1/AB13_split1.b3d: module 'nimblephysics_libs._nimblephysics.biomechanics.OpenSimParser' has no attribute 'loadB3D'
2026-03-22 17:49:45,546 INFO utils.b3d_loader - [33/120] AB13_split2.b3d
2026-03-22 17:49:45,546 WARNING utils.b3d_loader - 加载失败 /mnt/d/Camargo2021_Formatted_No_Arm/AB13_split2/AB13_split2.b3d: module 'nimblephysics_libs._nimblephysics.biomechanics.OpenSimParser' has no attribute 'loadB3D'
2026-03-22 17:49:45,546 INFO utils.b3d_loader - [34/120] AB13_split3.b3d
2026-03-22 17:49:45,546 WARNING utils.b3d_loader - 加载失败 /mnt/d/Camargo2021_Formatted_No_Arm/AB13_split3/AB13_split3.b3d: module 'nimblephysics_libs._nimblephysics.biomechanics.OpenSimParser' has no attribute 'loadB3D'
2026-03-22 17:49:45,546 INFO utils.b3d_loader - [35/120] AB13_split4.b3d
2026-03-22 17:49:45,546 WARNING utils.b3d_loader - 加载失败 /mnt/d/Camargo2021_Formatted_No_Arm/AB13_split4/AB13_split4.b3d: module 'nimblephysics_libs._nimblephysics.biomechanics.OpenSimParser' has no attribute 'loadB3D'
2026-03-22 17:49:45,546 INFO utils.b3d_loader - [36/120] AB13_split5.b3d
2026-03-22 17:49:45,546 WARNING utils.b3d_loader - 加载失败 /mnt/d/Camargo2021_Formatted_No_Arm/AB13_split5/AB13_split5.b3d: module 'nimblephysics_libs._nimblephysics.biomechanics.OpenSimParser' has no attribute 'loadB3D'
2026-03-22 17:49:45,546 INFO utils.b3d_loader - [37/120] AB14_split0.b3d
2026-03-22 17:49:45,547 WARNING utils.b3d_loader - 加载失败 /mnt/d/Camargo2021_Formatted_No_Arm/AB14_split0/AB14_split0.b3d: module 'nimblephysics_libs._nimblephysics.biomechanics.OpenSimParser' has no attribute 'loadB3D'
2026-03-22 17:49:45,547 INFO utils.b3d_loader - [38/120] AB14_split1.b3d
2026-03-22 17:49:45,547 WARNING utils.b3d_loader - 加载失败 /mnt/d/Camargo2021_Formatted_No_Arm/AB14_split1/AB14_split1.b3d: module 'nimblephysics_libs._nimblephysics.biomechanics.OpenSimParser' has no attribute 'loadB3D'
2026-03-22 17:49:45,547 INFO utils.b3d_loader - [39/120] AB14_split2.b3d
2026-03-22 17:49:45,547 WARNING utils.b3d_loader - 加载失败 /mnt/d/Camargo2021_Formatted_No_Arm/AB14_split2/AB14_split2.b3d: module 'nimblephysics_libs._nimblephysics.biomechanics.OpenSimParser' has no attribute 'loadB3D'
2026-03-22 17:49:45,547 INFO utils.b3d_loader - [40/120] AB14_split3.b3d
2026-03-22 17:49:45,547 WARNING utils.b3d_loader - 加载失败 /mnt/d/Camargo2021_Formatted_No_Arm/AB14_split3/AB14_split3.b3d: module 'nimblephysics_libs._nimblephysics.biomechanics.OpenSimParser' has no attribute 'loadB3D'
2026-03-22 17:49:45,547 INFO utils.b3d_loader - [41/120] AB14_split4.b3d
2026-03-22 17:49:45,547 WARNING utils.b3d_loader - 加载失败 /mnt/d/Camargo2021_Formatted_No_Arm/AB14_split4/AB14_split4.b3d: module 'nimblephysics_libs._nimblephysics.biomechanics.OpenSimParser' has no attribute 'loadB3D'
2026-03-22 17:49:45,547 INFO utils.b3d_loader - [42/120] AB14_split5.b3d
2026-03-22 17:49:45,548 WARNING utils.b3d_loader - 加载失败 /mnt/d/Camargo2021_Formatted_No_Arm/AB14_split5/AB14_split5.b3d: module 'nimblephysics_libs._nimblephysics.biomechanics.OpenSimParser' has no attribute 'loadB3D'
2026-03-22 17:49:45,548 INFO utils.b3d_loader - [43/120] AB15_split0.b3d
2026-03-22 17:49:45,548 WARNING utils.b3d_loader - 加载失败 /mnt/d/Camargo2021_Formatted_No_Arm/AB15_split0/AB15_split0.b3d: module 'nimblephysics_libs._nimblephysics.biomechanics.OpenSimParser' has no attribute 'loadB3D'
2026-03-22 17:49:45,548 INFO utils.b3d_loader - [44/120] AB15_split1.b3d
2026-03-22 17:49:45,548 WARNING utils.b3d_loader - 加载失败 /mnt/d/Camargo2021_Formatted_No_Arm/AB15_split1/AB15_split1.b3d: module 'nimblephysics_libs._nimblephysics.biomechanics.OpenSimParser' has no attribute 'loadB3D'
2026-03-22 17:49:45,548 INFO utils.b3d_loader - [45/120] AB15_split2.b3d
2026-03-22 17:49:45,548 WARNING utils.b3d_loader - 加载失败 /mnt/d/Camargo2021_Formatted_No_Arm/AB15_split2/AB15_split2.b3d: module 'nimblephysics_libs._nimblephysics.biomechanics.OpenSimParser' has no attribute 'loadB3D'
2026-03-22 17:49:45,548 INFO utils.b3d_loader - [46/120] AB15_split3.b3d
2026-03-22 17:49:45,549 WARNING utils.b3d_loader - 加载失败 /mnt/d/Camargo2021_Formatted_No_Arm/AB15_split3/AB15_split3.b3d: module 'nimblephysics_libs._nimblephysics.biomechanics.OpenSimParser' has no attribute 'loadB3D'
2026-03-22 17:49:45,549 INFO utils.b3d_loader - [47/120] AB15_split4.b3d
2026-03-22 17:49:45,549 WARNING utils.b3d_loader - 加载失败 /mnt/d/Camargo2021_Formatted_No_Arm/AB15_split4/AB15_split4.b3d: module 'nimblephysics_libs._nimblephysics.biomechanics.OpenSimParser' has no attribute 'loadB3D'
2026-03-22 17:49:45,549 INFO utils.b3d_loader - [48/120] AB15_split5.b3d
2026-03-22 17:49:45,549 WARNING utils.b3d_loader - 加载失败 /mnt/d/Camargo2021_Formatted_No_Arm/AB15_split5/AB15_split5.b3d: module 'nimblephysics_libs._nimblephysics.biomechanics.OpenSimParser' has no attribute 'loadB3D'
2026-03-22 17:49:45,550 INFO utils.b3d_loader - [49/120] AB16_split0.b3d
2026-03-22 17:49:45,550 WARNING utils.b3d_loader - 加载失败 /mnt/d/Camargo2021_Formatted_No_Arm/AB16_split0/AB16_split0.b3d: module 'nimblephysics_libs._nimblephysics.biomechanics.OpenSimParser' has no attribute 'loadB3D'
2026-03-22 17:49:45,550 INFO utils.b3d_loader - [50/120] AB16_split1.b3d
2026-03-22 17:49:45,550 WARNING utils.b3d_loader - 加载失败 /mnt/d/Camargo2021_Formatted_No_Arm/AB16_split1/AB16_split1.b3d: module 'nimblephysics_libs._nimblephysics.biomechanics.OpenSimParser' has no attribute 'loadB3D'
2026-03-22 17:49:45,550 INFO utils.b3d_loader - [51/120] AB16_split2.b3d
2026-03-22 17:49:45,550 WARNING utils.b3d_loader - 加载失败 /mnt/d/Camargo2021_Formatted_No_Arm/AB16_split2/AB16_split2.b3d: module 'nimblephysics_libs._nimblephysics.biomechanics.OpenSimParser' has no attribute 'loadB3D'
2026-03-22 17:49:45,551 INFO utils.b3d_loader - [52/120] AB16_split3.b3d
2026-03-22 17:49:45,551 WARNING utils.b3d_loader - 加载失败 /mnt/d/Camargo2021_Formatted_No_Arm/AB16_split3/AB16_split3.b3d: module 'nimblephysics_libs._nimblephysics.biomechanics.OpenSimParser' has no attribute 'loadB3D'
2026-03-22 17:49:45,551 INFO utils.b3d_loader - [53/120] AB16_split4.b3d
2026-03-22 17:49:45,551 WARNING utils.b3d_loader - 加载失败 /mnt/d/Camargo2021_Formatted_No_Arm/AB16_split4/AB16_split4.b3d: module 'nimblephysics_libs._nimblephysics.biomechanics.OpenSimParser' has no attribute 'loadB3D'
2026-03-22 17:49:45,551 INFO utils.b3d_loader - [54/120] AB16_split5.b3d
2026-03-22 17:49:45,551 WARNING utils.b3d_loader - 加载失败 /mnt/d/Camargo2021_Formatted_No_Arm/AB16_split5/AB16_split5.b3d: module 'nimblephysics_libs._nimblephysics.biomechanics.OpenSimParser' has no attribute 'loadB3D'
2026-03-22 17:49:45,551 INFO utils.b3d_loader - [55/120] AB17_split0.b3d
2026-03-22 17:49:45,551 WARNING utils.b3d_loader - 加载失败 /mnt/d/Camargo2021_Formatted_No_Arm/AB17_split0/AB17_split0.b3d: module 'nimblephysics_libs._nimblephysics.biomechanics.OpenSimParser' has no attribute 'loadB3D'
2026-03-22 17:49:45,551 INFO utils.b3d_loader - [56/120] AB17_split1.b3d
2026-03-22 17:49:45,551 WARNING utils.b3d_loader - 加载失败 /mnt/d/Camargo2021_Formatted_No_Arm/AB17_split1/AB17_split1.b3d: module 'nimblephysics_libs._nimblephysics.biomechanics.OpenSimParser' has no attribute 'loadB3D'
2026-03-22 17:49:45,551 INFO utils.b3d_loader - [57/120] AB17_split2.b3d
2026-03-22 17:49:45,551 WARNING utils.b3d_loader - 加载失败 /mnt/d/Camargo2021_Formatted_No_Arm/AB17_split2/AB17_split2.b3d: module 'nimblephysics_libs._nimblephysics.biomechanics.OpenSimParser' has no attribute 'loadB3D'
2026-03-22 17:49:45,551 INFO utils.b3d_loader - [58/120] AB17_split3.b3d
2026-03-22 17:49:45,551 WARNING utils.b3d_loader - 加载失败 /mnt/d/Camargo2021_Formatted_No_Arm/AB17_split3/AB17_split3.b3d: module 'nimblephysics_libs._nimblephysics.biomechanics.OpenSimParser' has no attribute 'loadB3D'
2026-03-22 17:49:45,551 INFO utils.b3d_loader - [59/120] AB17_split4.b3d
2026-03-22 17:49:45,551 WARNING utils.b3d_loader - 加载失败 /mnt/d/Camargo2021_Formatted_No_Arm/AB17_split4/AB17_split4.b3d: module 'nimblephysics_libs._nimblephysics.biomechanics.OpenSimParser' has no attribute 'loadB3D'
2026-03-22 17:49:45,551 INFO utils.b3d_loader - [60/120] AB17_split5.b3d
2026-03-22 17:49:45,551 WARNING utils.b3d_loader - 加载失败 /mnt/d/Camargo2021_Formatted_No_Arm/AB17_split5/AB17_split5.b3d: module 'nimblephysics_libs._nimblephysics.biomechanics.OpenSimParser' has no attribute 'loadB3D'
2026-03-22 17:49:45,551 INFO utils.b3d_loader - [61/120] AB18_split0.b3d
2026-03-22 17:49:45,552 WARNING utils.b3d_loader - 加载失败 /mnt/d/Camargo2021_Formatted_No_Arm/AB18_split0/AB18_split0.b3d: module 'nimblephysics_libs._nimblephysics.biomechanics.OpenSimParser' has no attribute 'loadB3D'
2026-03-22 17:49:45,552 INFO utils.b3d_loader - [62/120] AB18_split1.b3d
2026-03-22 17:49:45,552 WARNING utils.b3d_loader - 加载失败 /mnt/d/Camargo2021_Formatted_No_Arm/AB18_split1/AB18_split1.b3d: module 'nimblephysics_libs._nimblephysics.biomechanics.OpenSimParser' has no attribute 'loadB3D'
2026-03-22 17:49:45,552 INFO utils.b3d_loader - [63/120] AB18_split2.b3d
2026-03-22 17:49:45,552 WARNING utils.b3d_loader - 加载失败 /mnt/d/Camargo2021_Formatted_No_Arm/AB18_split2/AB18_split2.b3d: module 'nimblephysics_libs._nimblephysics.biomechanics.OpenSimParser' has no attribute 'loadB3D'
2026-03-22 17:49:45,552 INFO utils.b3d_loader - [64/120] AB18_split3.b3d
2026-03-22 17:49:45,552 WARNING utils.b3d_loader - 加载失败 /mnt/d/Camargo2021_Formatted_No_Arm/AB18_split3/AB18_split3.b3d: module 'nimblephysics_libs._nimblephysics.biomechanics.OpenSimParser' has no attribute 'loadB3D'
2026-03-22 17:49:45,552 INFO utils.b3d_loader - [65/120] AB18_split4.b3d
2026-03-22 17:49:45,552 WARNING utils.b3d_loader - 加载失败 /mnt/d/Camargo2021_Formatted_No_Arm/AB18_split4/AB18_split4.b3d: module 'nimblephysics_libs._nimblephysics.biomechanics.OpenSimParser' has no attribute 'loadB3D'
2026-03-22 17:49:45,552 INFO utils.b3d_loader - [66/120] AB18_split5.b3d
2026-03-22 17:49:45,552 WARNING utils.b3d_loader - 加载失败 /mnt/d/Camargo2021_Formatted_No_Arm/AB18_split5/AB18_split5.b3d: module 'nimblephysics_libs._nimblephysics.biomechanics.OpenSimParser' has no attribute 'loadB3D'
2026-03-22 17:49:45,552 INFO utils.b3d_loader - [67/120] AB19_split0.b3d
2026-03-22 17:49:45,552 WARNING utils.b3d_loader - 加载失败 /mnt/d/Camargo2021_Formatted_No_Arm/AB19_split0/AB19_split0.b3d: module 'nimblephysics_libs._nimblephysics.biomechanics.OpenSimParser' has no attribute 'loadB3D'
2026-03-22 17:49:45,552 INFO utils.b3d_loader - [68/120] AB19_split1.b3d
2026-03-22 17:49:45,552 WARNING utils.b3d_loader - 加载失败 /mnt/d/Camargo2021_Formatted_No_Arm/AB19_split1/AB19_split1.b3d: module 'nimblephysics_libs._nimblephysics.biomechanics.OpenSimParser' has no attribute 'loadB3D'
2026-03-22 17:49:45,552 INFO utils.b3d_loader - [69/120] AB19_split2.b3d
2026-03-22 17:49:45,552 WARNING utils.b3d_loader - 加载失败 /mnt/d/Camargo2021_Formatted_No_Arm/AB19_split2/AB19_split2.b3d: module 'nimblephysics_libs._nimblephysics.biomechanics.OpenSimParser' has no attribute 'loadB3D'
2026-03-22 17:49:45,552 INFO utils.b3d_loader - [70/120] AB19_split3.b3d
2026-03-22 17:49:45,552 WARNING utils.b3d_loader - 加载失败 /mnt/d/Camargo2021_Formatted_No_Arm/AB19_split3/AB19_split3.b3d: module 'nimblephysics_libs._nimblephysics.biomechanics.OpenSimParser' has no attribute 'loadB3D'
2026-03-22 17:49:45,552 INFO utils.b3d_loader - [71/120] AB19_split4.b3d
2026-03-22 17:49:45,552 WARNING utils.b3d_loader - 加载失败 /mnt/d/Camargo2021_Formatted_No_Arm/AB19_split4/AB19_split4.b3d: module 'nimblephysics_libs._nimblephysics.biomechanics.OpenSimParser' has no attribute 'loadB3D'
2026-03-22 17:49:45,552 INFO utils.b3d_loader - [72/120] AB19_split5.b3d
2026-03-22 17:49:45,553 WARNING utils.b3d_loader - 加载失败 /mnt/d/Camargo2021_Formatted_No_Arm/AB19_split5/AB19_split5.b3d: module 'nimblephysics_libs._nimblephysics.biomechanics.OpenSimParser' has no attribute 'loadB3D'
2026-03-22 17:49:45,553 INFO utils.b3d_loader - [73/120] AB20_split0.b3d
2026-03-22 17:49:45,553 WARNING utils.b3d_loader - 加载失败 /mnt/d/Camargo2021_Formatted_No_Arm/AB20_split0/AB20_split0.b3d: module 'nimblephysics_libs._nimblephysics.biomechanics.OpenSimParser' has no attribute 'loadB3D'
2026-03-22 17:49:45,553 INFO utils.b3d_loader - [74/120] AB20_split1.b3d
2026-03-22 17:49:45,553 WARNING utils.b3d_loader - 加载失败 /mnt/d/Camargo2021_Formatted_No_Arm/AB20_split1/AB20_split1.b3d: module 'nimblephysics_libs._nimblephysics.biomechanics.OpenSimParser' has no attribute 'loadB3D'
2026-03-22 17:49:45,553 INFO utils.b3d_loader - [75/120] AB20_split2.b3d
2026-03-22 17:49:45,553 WARNING utils.b3d_loader - 加载失败 /mnt/d/Camargo2021_Formatted_No_Arm/AB20_split2/AB20_split2.b3d: module 'nimblephysics_libs._nimblephysics.biomechanics.OpenSimParser' has no attribute 'loadB3D'
2026-03-22 17:49:45,553 INFO utils.b3d_loader - [76/120] AB20_split3.b3d
2026-03-22 17:49:45,553 WARNING utils.b3d_loader - 加载失败 /mnt/d/Camargo2021_Formatted_No_Arm/AB20_split3/AB20_split3.b3d: module 'nimblephysics_libs._nimblephysics.biomechanics.OpenSimParser' has no attribute 'loadB3D'
2026-03-22 17:49:45,553 INFO utils.b3d_loader - [77/120] AB20_split4.b3d
2026-03-22 17:49:45,553 WARNING utils.b3d_loader - 加载失败 /mnt/d/Camargo2021_Formatted_No_Arm/AB20_split4/AB20_split4.b3d: module 'nimblephysics_libs._nimblephysics.biomechanics.OpenSimParser' has no attribute 'loadB3D'
2026-03-22 17:49:45,553 INFO utils.b3d_loader - [78/120] AB20_split5.b3d
2026-03-22 17:49:45,553 WARNING utils.b3d_loader - 加载失败 /mnt/d/Camargo2021_Formatted_No_Arm/AB20_split5/AB20_split5.b3d: module 'nimblephysics_libs._nimblephysics.biomechanics.OpenSimParser' has no attribute 'loadB3D'
2026-03-22 17:49:45,553 INFO utils.b3d_loader - [79/120] AB21_split0.b3d
2026-03-22 17:49:45,553 WARNING utils.b3d_loader - 加载失败 /mnt/d/Camargo2021_Formatted_No_Arm/AB21_split0/AB21_split0.b3d: module 'nimblephysics_libs._nimblephysics.biomechanics.OpenSimParser' has no attribute 'loadB3D'
2026-03-22 17:49:45,553 INFO utils.b3d_loader - [80/120] AB21_split1.b3d
2026-03-22 17:49:45,553 WARNING utils.b3d_loader - 加载失败 /mnt/d/Camargo2021_Formatted_No_Arm/AB21_split1/AB21_split1.b3d: module 'nimblephysics_libs._nimblephysics.biomechanics.OpenSimParser' has no attribute 'loadB3D'
2026-03-22 17:49:45,553 INFO utils.b3d_loader - [81/120] AB21_split2.b3d
2026-03-22 17:49:45,553 WARNING utils.b3d_loader - 加载失败 /mnt/d/Camargo2021_Formatted_No_Arm/AB21_split2/AB21_split2.b3d: module 'nimblephysics_libs._nimblephysics.biomechanics.OpenSimParser' has no attribute 'loadB3D'
2026-03-22 17:49:45,553 INFO utils.b3d_loader - [82/120] AB21_split3.b3d
2026-03-22 17:49:45,553 WARNING utils.b3d_loader - 加载失败 /mnt/d/Camargo2021_Formatted_No_Arm/AB21_split3/AB21_split3.b3d: module 'nimblephysics_libs._nimblephysics.biomechanics.OpenSimParser' has no attribute 'loadB3D'
2026-03-22 17:49:45,553 INFO utils.b3d_loader - [83/120] AB21_split4.b3d
2026-03-22 17:49:45,554 WARNING utils.b3d_loader - 加载失败 /mnt/d/Camargo2021_Formatted_No_Arm/AB21_split4/AB21_split4.b3d: module 'nimblephysics_libs._nimblephysics.biomechanics.OpenSimParser' has no attribute 'loadB3D'
2026-03-22 17:49:45,554 INFO utils.b3d_loader - [84/120] AB21_split5.b3d
2026-03-22 17:49:45,554 WARNING utils.b3d_loader - 加载失败 /mnt/d/Camargo2021_Formatted_No_Arm/AB21_split5/AB21_split5.b3d: module 'nimblephysics_libs._nimblephysics.biomechanics.OpenSimParser' has no attribute 'loadB3D'
2026-03-22 17:49:45,554 INFO utils.b3d_loader - [85/120] AB23_split0.b3d
2026-03-22 17:49:45,554 WARNING utils.b3d_loader - 加载失败 /mnt/d/Camargo2021_Formatted_No_Arm/AB23_split0/AB23_split0.b3d: module 'nimblephysics_libs._nimblephysics.biomechanics.OpenSimParser' has no attribute 'loadB3D'
2026-03-22 17:49:45,554 INFO utils.b3d_loader - [86/120] AB23_split1.b3d
2026-03-22 17:49:45,554 WARNING utils.b3d_loader - 加载失败 /mnt/d/Camargo2021_Formatted_No_Arm/AB23_split1/AB23_split1.b3d: module 'nimblephysics_libs._nimblephysics.biomechanics.OpenSimParser' has no attribute 'loadB3D'
2026-03-22 17:49:45,554 INFO utils.b3d_loader - [87/120] AB23_split2.b3d
2026-03-22 17:49:45,554 WARNING utils.b3d_loader - 加载失败 /mnt/d/Camargo2021_Formatted_No_Arm/AB23_split2/AB23_split2.b3d: module 'nimblephysics_libs._nimblephysics.biomechanics.OpenSimParser' has no attribute 'loadB3D'
2026-03-22 17:49:45,554 INFO utils.b3d_loader - [88/120] AB23_split3.b3d
2026-03-22 17:49:45,554 WARNING utils.b3d_loader - 加载失败 /mnt/d/Camargo2021_Formatted_No_Arm/AB23_split3/AB23_split3.b3d: module 'nimblephysics_libs._nimblephysics.biomechanics.OpenSimParser' has no attribute 'loadB3D'
2026-03-22 17:49:45,554 INFO utils.b3d_loader - [89/120] AB23_split4.b3d
2026-03-22 17:49:45,554 WARNING utils.b3d_loader - 加载失败 /mnt/d/Camargo2021_Formatted_No_Arm/AB23_split4/AB23_split4.b3d: module 'nimblephysics_libs._nimblephysics.biomechanics.OpenSimParser' has no attribute 'loadB3D'
2026-03-22 17:49:45,554 INFO utils.b3d_loader - [90/120] AB23_split5.b3d
2026-03-22 17:49:45,554 WARNING utils.b3d_loader - 加载失败 /mnt/d/Camargo2021_Formatted_No_Arm/AB23_split5/AB23_split5.b3d: module 'nimblephysics_libs._nimblephysics.biomechanics.OpenSimParser' has no attribute 'loadB3D'
2026-03-22 17:49:45,554 INFO utils.b3d_loader - [91/120] AB24_split0.b3d
2026-03-22 17:49:45,555 WARNING utils.b3d_loader - 加载失败 /mnt/d/Camargo2021_Formatted_No_Arm/AB24_split0/AB24_split0.b3d: module 'nimblephysics_libs._nimblephysics.biomechanics.OpenSimParser' has no attribute 'loadB3D'
2026-03-22 17:49:45,555 INFO utils.b3d_loader - [92/120] AB24_split1.b3d
2026-03-22 17:49:45,555 WARNING utils.b3d_loader - 加载失败 /mnt/d/Camargo2021_Formatted_No_Arm/AB24_split1/AB24_split1.b3d: module 'nimblephysics_libs._nimblephysics.biomechanics.OpenSimParser' has no attribute 'loadB3D'
2026-03-22 17:49:45,555 INFO utils.b3d_loader - [93/120] AB24_split2.b3d
2026-03-22 17:49:45,555 WARNING utils.b3d_loader - 加载失败 /mnt/d/Camargo2021_Formatted_No_Arm/AB24_split2/AB24_split2.b3d: module 'nimblephysics_libs._nimblephysics.biomechanics.OpenSimParser' has no attribute 'loadB3D'
2026-03-22 17:49:45,555 INFO utils.b3d_loader - [94/120] AB24_split3.b3d
2026-03-22 17:49:45,555 WARNING utils.b3d_loader - 加载失败 /mnt/d/Camargo2021_Formatted_No_Arm/AB24_split3/AB24_split3.b3d: module 'nimblephysics_libs._nimblephysics.biomechanics.OpenSimParser' has no attribute 'loadB3D'
2026-03-22 17:49:45,555 INFO utils.b3d_loader - [95/120] AB24_split4.b3d
2026-03-22 17:49:45,555 WARNING utils.b3d_loader - 加载失败 /mnt/d/Camargo2021_Formatted_No_Arm/AB24_split4/AB24_split4.b3d: module 'nimblephysics_libs._nimblephysics.biomechanics.OpenSimParser' has no attribute 'loadB3D'
2026-03-22 17:49:45,555 INFO utils.b3d_loader - [96/120] AB24_split5.b3d
2026-03-22 17:49:45,555 WARNING utils.b3d_loader - 加载失败 /mnt/d/Camargo2021_Formatted_No_Arm/AB24_split5/AB24_split5.b3d: module 'nimblephysics_libs._nimblephysics.biomechanics.OpenSimParser' has no attribute 'loadB3D'
2026-03-22 17:49:45,555 INFO utils.b3d_loader - [97/120] AB25_split0.b3d
2026-03-22 17:49:45,555 WARNING utils.b3d_loader - 加载失败 /mnt/d/Camargo2021_Formatted_No_Arm/AB25_split0/AB25_split0.b3d: module 'nimblephysics_libs._nimblephysics.biomechanics.OpenSimParser' has no attribute 'loadB3D'
2026-03-22 17:49:45,555 INFO utils.b3d_loader - [98/120] AB25_split1.b3d
2026-03-22 17:49:45,555 WARNING utils.b3d_loader - 加载失败 /mnt/d/Camargo2021_Formatted_No_Arm/AB25_split1/AB25_split1.b3d: module 'nimblephysics_libs._nimblephysics.biomechanics.OpenSimParser' has no attribute 'loadB3D'
2026-03-22 17:49:45,555 INFO utils.b3d_loader - [99/120] AB25_split2.b3d
2026-03-22 17:49:45,555 WARNING utils.b3d_loader - 加载失败 /mnt/d/Camargo2021_Formatted_No_Arm/AB25_split2/AB25_split2.b3d: module 'nimblephysics_libs._nimblephysics.biomechanics.OpenSimParser' has no attribute 'loadB3D'
2026-03-22 17:49:45,555 INFO utils.b3d_loader - [100/120] AB25_split3.b3d
2026-03-22 17:49:45,556 WARNING utils.b3d_loader - 加载失败 /mnt/d/Camargo2021_Formatted_No_Arm/AB25_split3/AB25_split3.b3d: module 'nimblephysics_libs._nimblephysics.biomechanics.OpenSimParser' has no attribute 'loadB3D'
2026-03-22 17:49:45,556 INFO utils.b3d_loader - [101/120] AB25_split4.b3d
2026-03-22 17:49:45,556 WARNING utils.b3d_loader - 加载失败 /mnt/d/Camargo2021_Formatted_No_Arm/AB25_split4/AB25_split4.b3d: module 'nimblephysics_libs._nimblephysics.biomechanics.OpenSimParser' has no attribute 'loadB3D'
2026-03-22 17:49:45,556 INFO utils.b3d_loader - [102/120] AB25_split5.b3d
2026-03-22 17:49:45,556 WARNING utils.b3d_loader - 加载失败 /mnt/d/Camargo2021_Formatted_No_Arm/AB25_split5/AB25_split5.b3d: module 'nimblephysics_libs._nimblephysics.biomechanics.OpenSimParser' has no attribute 'loadB3D'
2026-03-22 17:49:45,556 INFO utils.b3d_loader - [103/120] AB27_split0.b3d
2026-03-22 17:49:45,556 WARNING utils.b3d_loader - 加载失败 /mnt/d/Camargo2021_Formatted_No_Arm/AB27_split0/AB27_split0.b3d: module 'nimblephysics_libs._nimblephysics.biomechanics.OpenSimParser' has no attribute 'loadB3D'
2026-03-22 17:49:45,556 INFO utils.b3d_loader - [104/120] AB27_split1.b3d
2026-03-22 17:49:45,556 WARNING utils.b3d_loader - 加载失败 /mnt/d/Camargo2021_Formatted_No_Arm/AB27_split1/AB27_split1.b3d: module 'nimblephysics_libs._nimblephysics.biomechanics.OpenSimParser' has no attribute 'loadB3D'
2026-03-22 17:49:45,556 INFO utils.b3d_loader - [105/120] AB27_split2.b3d
2026-03-22 17:49:45,556 WARNING utils.b3d_loader - 加载失败 /mnt/d/Camargo2021_Formatted_No_Arm/AB27_split2/AB27_split2.b3d: module 'nimblephysics_libs._nimblephysics.biomechanics.OpenSimParser' has no attribute 'loadB3D'
2026-03-22 17:49:45,556 INFO utils.b3d_loader - [106/120] AB27_split3.b3d
2026-03-22 17:49:45,556 WARNING utils.b3d_loader - 加载失败 /mnt/d/Camargo2021_Formatted_No_Arm/AB27_split3/AB27_split3.b3d: module 'nimblephysics_libs._nimblephysics.biomechanics.OpenSimParser' has no attribute 'loadB3D'
2026-03-22 17:49:45,556 INFO utils.b3d_loader - [107/120] AB27_split4.b3d
2026-03-22 17:49:45,557 WARNING utils.b3d_loader - 加载失败 /mnt/d/Camargo2021_Formatted_No_Arm/AB27_split4/AB27_split4.b3d: module 'nimblephysics_libs._nimblephysics.biomechanics.OpenSimParser' has no attribute 'loadB3D'
2026-03-22 17:49:45,557 INFO utils.b3d_loader - [108/120] AB27_split5.b3d
2026-03-22 17:49:45,557 WARNING utils.b3d_loader - 加载失败 /mnt/d/Camargo2021_Formatted_No_Arm/AB27_split5/AB27_split5.b3d: module 'nimblephysics_libs._nimblephysics.biomechanics.OpenSimParser' has no attribute 'loadB3D'
2026-03-22 17:49:45,557 INFO utils.b3d_loader - [109/120] AB28_split0.b3d
2026-03-22 17:49:45,557 WARNING utils.b3d_loader - 加载失败 /mnt/d/Camargo2021_Formatted_No_Arm/AB28_split0/AB28_split0.b3d: module 'nimblephysics_libs._nimblephysics.biomechanics.OpenSimParser' has no attribute 'loadB3D'
2026-03-22 17:49:45,557 INFO utils.b3d_loader - [110/120] AB28_split1.b3d
2026-03-22 17:49:45,557 WARNING utils.b3d_loader - 加载失败 /mnt/d/Camargo2021_Formatted_No_Arm/AB28_split1/AB28_split1.b3d: module 'nimblephysics_libs._nimblephysics.biomechanics.OpenSimParser' has no attribute 'loadB3D'
2026-03-22 17:49:45,557 INFO utils.b3d_loader - [111/120] AB28_split2.b3d
2026-03-22 17:49:45,557 WARNING utils.b3d_loader - 加载失败 /mnt/d/Camargo2021_Formatted_No_Arm/AB28_split2/AB28_split2.b3d: module 'nimblephysics_libs._nimblephysics.biomechanics.OpenSimParser' has no attribute 'loadB3D'
2026-03-22 17:49:45,557 INFO utils.b3d_loader - [112/120] AB28_split3.b3d
2026-03-22 17:49:45,557 WARNING utils.b3d_loader - 加载失败 /mnt/d/Camargo2021_Formatted_No_Arm/AB28_split3/AB28_split3.b3d: module 'nimblephysics_libs._nimblephysics.biomechanics.OpenSimParser' has no attribute 'loadB3D'
2026-03-22 17:49:45,557 INFO utils.b3d_loader - [113/120] AB28_split4.b3d
2026-03-22 17:49:45,557 WARNING utils.b3d_loader - 加载失败 /mnt/d/Camargo2021_Formatted_No_Arm/AB28_split4/AB28_split4.b3d: module 'nimblephysics_libs._nimblephysics.biomechanics.OpenSimParser' has no attribute 'loadB3D'
2026-03-22 17:49:45,557 INFO utils.b3d_loader - [114/120] AB28_split5.b3d
2026-03-22 17:49:45,557 WARNING utils.b3d_loader - 加载失败 /mnt/d/Camargo2021_Formatted_No_Arm/AB28_split5/AB28_split5.b3d: module 'nimblephysics_libs._nimblephysics.biomechanics.OpenSimParser' has no attribute 'loadB3D'
2026-03-22 17:49:45,557 INFO utils.b3d_loader - [115/120] AB30_split0.b3d
2026-03-22 17:49:45,557 WARNING utils.b3d_loader - 加载失败 /mnt/d/Camargo2021_Formatted_No_Arm/AB30_split0/AB30_split0.b3d: module 'nimblephysics_libs._nimblephysics.biomechanics.OpenSimParser' has no attribute 'loadB3D'
2026-03-22 17:49:45,557 INFO utils.b3d_loader - [116/120] AB30_split1.b3d
2026-03-22 17:49:45,557 WARNING utils.b3d_loader - 加载失败 /mnt/d/Camargo2021_Formatted_No_Arm/AB30_split1/AB30_split1.b3d: module 'nimblephysics_libs._nimblephysics.biomechanics.OpenSimParser' has no attribute 'loadB3D'
2026-03-22 17:49:45,557 INFO utils.b3d_loader - [117/120] AB30_split2.b3d
2026-03-22 17:49:45,557 WARNING utils.b3d_loader - 加载失败 /mnt/d/Camargo2021_Formatted_No_Arm/AB30_split2/AB30_split2.b3d: module 'nimblephysics_libs._nimblephysics.biomechanics.OpenSimParser' has no attribute 'loadB3D'
2026-03-22 17:49:45,557 INFO utils.b3d_loader - [118/120] AB30_split3.b3d
2026-03-22 17:49:45,558 WARNING utils.b3d_loader - 加载失败 /mnt/d/Camargo2021_Formatted_No_Arm/AB30_split3/AB30_split3.b3d: module 'nimblephysics_libs._nimblephysics.biomechanics.OpenSimParser' has no attribute 'loadB3D'
2026-03-22 17:49:45,558 INFO utils.b3d_loader - [119/120] AB30_split4.b3d
2026-03-22 17:49:45,558 WARNING utils.b3d_loader - 加载失败 /mnt/d/Camargo2021_Formatted_No_Arm/AB30_split4/AB30_split4.b3d: module 'nimblephysics_libs._nimblephysics.biomechanics.OpenSimParser' has no attribute 'loadB3D'
2026-03-22 17:49:45,558 INFO utils.b3d_loader - [120/120] AB30_split5.b3d
2026-03-22 17:49:45,558 WARNING utils.b3d_loader - 加载失败 /mnt/d/Camargo2021_Formatted_No_Arm/AB30_split5/AB30_split5.b3d: module 'nimblephysics_libs._nimblephysics.biomechanics.OpenSimParser' has no attribute 'loadB3D'
2026-03-22 17:49:45,558 INFO utils.b3d_loader - [B3DLoader] 共 0 帧
2026-03-22 17:49:45,558 WARNING main - 未找到真实数据，使用合成数据演示...
2026-03-22 17:49:45,565 INFO main - 合成数据: 600 帧
2026-03-22 17:49:45,565 INFO main - 总样本数: 600
2026-03-22 17:49:45,574 INFO utils.teacher_labeler - TeacherLabeler: 600 帧 | 低=38 中=284 高=278
2026-03-22 17:49:45,574 INFO main - 风险标签分布: 低=38 中=284 高=278
2026-03-22 17:49:45,578 INFO main - 训练集: 400 | 验证集: 100
2026-03-22 17:49:45,603 INFO main - ST-GCN: 0.49M 参数
2026-03-22 17:49:45,604 INFO main - FNO:    0.480M 参数
2026-03-22 17:49:45,604 INFO main - Risk:   42660 参数
2026-03-22 17:49:45,605 INFO main - FNO 初始时延: 50.0ms
2026-03-22 17:49:45,605 INFO trainers.train_pipeline - [Trainer v3] 设备: cuda
2026-03-22 17:49:45,615 INFO utils.normalizer - Normalizer.fit 完成，样本数=400
2026-03-22 17:49:45,617 INFO utils.normalizer - 归一化参数保存到 ./data/processed/norm_stats.npz
2026-03-22 17:49:47,201 INFO utils.reproducibility - [版本锁] b3d=20df82b44e5d716a raw=e3b0c44298fc1c14 保存到 ./data/processed/data_version_lock.json
2026-03-22 17:49:47,202 INFO utils.reproducibility - [StructuredLogger] 开始记录 run_id=run_20260322_174947
2026-03-22 17:49:47,202 INFO data.datasets - [E2EDataset/train] 200 帧, 171 窗口 (vis=5, K=10)
2026-03-22 17:49:47,202 INFO data.datasets - [E2EDataset/val] 0 帧, 0 窗口 (vis=5, K=10)
2026-03-22 17:49:48,831 INFO trainers.train_pipeline - Ep 001/100 [S1] | tr=0.4812 val=0.0000 grf_mae=0.0000 risk_acc=0.000 lag=50.0ms | 0.8s
2026-03-22 17:49:48,855 INFO trainers.train_pipeline -   ✅ 最佳模型保存 (val=0.0000)
2026-03-22 17:49:49,038 INFO trainers.train_pipeline - Ep 002/100 [S1] | tr=0.4456 val=0.0000 grf_mae=0.0000 risk_acc=0.000 lag=50.0ms | 0.2s
2026-03-22 17:49:49,217 INFO trainers.train_pipeline - Ep 003/100 [S1] | tr=0.4046 val=0.0000 grf_mae=0.0000 risk_acc=0.000 lag=50.0ms | 0.2s
2026-03-22 17:49:49,391 INFO trainers.train_pipeline - Ep 004/100 [S1] | tr=0.3992 val=0.0000 grf_mae=0.0000 risk_acc=0.000 lag=50.0ms | 0.2s
2026-03-22 17:49:49,565 INFO trainers.train_pipeline - Ep 005/100 [S1] | tr=0.3916 val=0.0000 grf_mae=0.0000 risk_acc=0.000 lag=50.0ms | 0.2s
2026-03-22 17:49:49,742 INFO trainers.train_pipeline - Ep 006/100 [S1] | tr=0.3811 val=0.0000 grf_mae=0.0000 risk_acc=0.000 lag=50.0ms | 0.2s
2026-03-22 17:49:49,920 INFO trainers.train_pipeline - Ep 007/100 [S1] | tr=0.3735 val=0.0000 grf_mae=0.0000 risk_acc=0.000 lag=50.0ms | 0.2s
2026-03-22 17:49:50,104 INFO trainers.train_pipeline - Ep 008/100 [S1] | tr=0.3626 val=0.0000 grf_mae=0.0000 risk_acc=0.000 lag=50.0ms | 0.2s
2026-03-22 17:49:50,287 INFO trainers.train_pipeline - Ep 009/100 [S1] | tr=0.3539 val=0.0000 grf_mae=0.0000 risk_acc=0.000 lag=50.0ms | 0.2s
2026-03-22 17:49:50,466 INFO trainers.train_pipeline - Ep 010/100 [S1] | tr=0.3452 val=0.0000 grf_mae=0.0000 risk_acc=0.000 lag=50.0ms | 0.2s
2026-03-22 17:49:50,645 INFO trainers.train_pipeline - Ep 011/100 [S1] | tr=0.3469 val=0.0000 grf_mae=0.0000 risk_acc=0.000 lag=50.0ms | 0.2s
2026-03-22 17:49:50,645 INFO trainers.train_pipeline - [EarlyStopping] 触发，patience=10
2026-03-22 17:49:50,645 INFO utils.reproducibility - [StructuredLogger] 日志保存到 ./logs/run_20260322_174947.json (best_val=0.0000)
2026-03-22 17:49:50,646 INFO trainers.train_pipeline - 最终学习时延: 50.0ms (初始 50ms，物理期望 20-100ms)
2026-03-22 17:49:50,646 INFO main - 训练完成 | 最终验证 loss=0.0000 | 学习时延=50.0ms
2026-03-22 17:49:50,646 INFO main - 任务完成 ✅
2026-03-22 17:54:30,183 INFO main - ============================================================
2026-03-22 17:54:30,184 INFO main - RehabGuardian 10.0
2026-03-22 17:54:30,184 INFO main - 模式: train
2026-03-22 17:54:30,184 INFO main - ============================================================
2026-03-22 17:54:30,939 INFO utils.b3d_loader - [B3DLoader] 120 个 .b3d 文件
2026-03-22 17:54:30,939 INFO main - [.b3d] 加载 120 个文件...
2026-03-22 17:54:30,939 INFO utils.b3d_loader - [1/120] AB06_split0.b3d
2026-03-22 17:54:53,183 INFO utils.b3d_loader - [2/120] AB06_split1.b3d
2026-03-22 17:54:58,979 INFO main - ============================================================
2026-03-22 17:54:58,979 INFO main - RehabGuardian 10.0
2026-03-22 17:54:58,979 INFO main - 模式: train
2026-03-22 17:54:58,979 INFO main - ============================================================
2026-03-22 17:54:59,698 INFO utils.b3d_loader - [B3DLoader] 120 个 .b3d 文件
2026-03-22 17:54:59,699 INFO main - [.b3d] 加载 120 个文件...
2026-03-22 17:54:59,699 INFO utils.b3d_loader - [1/120] AB06_split0.b3d
2026-03-22 17:55:22,539 INFO utils.b3d_loader - [2/120] AB06_split1.b3d
2026-03-22 17:55:31,318 INFO utils.b3d_loader - [3/120] AB06_split2.b3d
2026-03-22 17:55:59,009 INFO utils.b3d_loader - [3/120] AB06_split2.b3d
2026-03-22 17:56:33,628 INFO utils.b3d_loader - [4/120] AB06_split3.b3d
2026-03-22 17:56:45,592 INFO utils.b3d_loader - [4/120] AB06_split3.b3d
2026-03-22 17:57:33,935 INFO utils.b3d_loader - [5/120] AB06_split4.b3d
2026-03-22 17:57:38,546 INFO utils.b3d_loader - [5/120] AB06_split4.b3d
2026-03-22 17:59:23,865 INFO utils.b3d_loader - [6/120] AB07_split0.b3d
2026-03-22 17:59:23,891 INFO utils.b3d_loader - [6/120] AB07_split0.b3d
2026-03-22 17:59:54,732 INFO utils.b3d_loader - [7/120] AB07_split1.b3d
2026-03-22 17:59:54,766 INFO utils.b3d_loader - [7/120] AB07_split1.b3d
2026-03-22 18:00:45,731 INFO utils.b3d_loader - [8/120] AB07_split2.b3d
2026-03-22 18:00:45,731 INFO utils.b3d_loader - [8/120] AB07_split2.b3d
2026-03-22 18:02:04,358 INFO utils.b3d_loader - [9/120] AB07_split3.b3d
2026-03-22 18:02:04,360 INFO utils.b3d_loader - [9/120] AB07_split3.b3d
2026-03-22 18:03:27,347 INFO utils.b3d_loader - [10/120] AB07_split4.b3d
2026-03-22 18:03:27,347 INFO utils.b3d_loader - [10/120] AB07_split4.b3d
2026-03-22 18:05:09,174 INFO utils.b3d_loader - [11/120] AB07_split5.b3d
2026-03-22 18:05:09,175 INFO utils.b3d_loader - [11/120] AB07_split5.b3d
2026-03-22 18:09:15,335 INFO utils.b3d_loader - [12/120] AB08_split5.b3d
2026-03-22 18:09:15,340 INFO utils.b3d_loader - [12/120] AB08_split5.b3d
2026-03-22 18:50:02,674 INFO utils.b3d_loader - [13/120] AB09_split0.b3d
2026-03-22 18:50:02,674 INFO utils.b3d_loader - [13/120] AB09_split0.b3d
2026-03-22 18:50:17,537 INFO utils.b3d_loader - [14/120] AB09_split1.b3d
2026-03-22 18:50:17,537 INFO utils.b3d_loader - [14/120] AB09_split1.b3d
2026-03-22 18:50:34,012 INFO utils.b3d_loader - [15/120] AB09_split2.b3d
2026-03-22 18:50:34,012 INFO utils.b3d_loader - [15/120] AB09_split2.b3d
2026-03-22 18:50:58,929 INFO utils.b3d_loader - [16/120] AB09_split3.b3d
2026-03-22 18:50:58,929 INFO utils.b3d_loader - [16/120] AB09_split3.b3d
2026-03-22 18:51:33,486 INFO utils.b3d_loader - [17/120] AB09_split4.b3d
2026-03-22 18:51:33,489 INFO utils.b3d_loader - [17/120] AB09_split4.b3d
2026-03-22 18:52:34,943 INFO utils.b3d_loader - [18/120] AB09_split5.b3d
2026-03-22 18:52:34,945 INFO utils.b3d_loader - [18/120] AB09_split5.b3d
2026-03-22 18:55:10,872 INFO utils.b3d_loader - [19/120] AB11_split0.b3d
2026-03-22 18:55:10,874 INFO utils.b3d_loader - [19/120] AB11_split0.b3d
2026-03-22 18:55:33,195 INFO utils.b3d_loader - [20/120] AB11_split1.b3d
2026-03-22 18:55:33,195 INFO utils.b3d_loader - [20/120] AB11_split1.b3d
2026-03-22 18:56:01,405 INFO utils.b3d_loader - [21/120] AB11_split2.b3d
2026-03-22 18:56:01,405 INFO utils.b3d_loader - [21/120] AB11_split2.b3d
2026-03-22 18:56:45,279 INFO utils.b3d_loader - [22/120] AB11_split3.b3d
2026-03-22 18:56:45,279 INFO utils.b3d_loader - [22/120] AB11_split3.b3d
2026-03-22 18:57:31,428 INFO utils.b3d_loader - [23/120] AB11_split4.b3d
2026-03-22 18:57:31,431 INFO utils.b3d_loader - [23/120] AB11_split4.b3d
2026-03-22 18:58:55,592 INFO utils.b3d_loader - [24/120] AB11_split5.b3d
2026-03-22 18:58:55,608 INFO utils.b3d_loader - [24/120] AB11_split5.b3d
2026-03-22 19:01:09,829 INFO utils.b3d_loader - [25/120] AB12_split0.b3d
2026-03-22 19:01:09,830 INFO utils.b3d_loader - [25/120] AB12_split0.b3d
2026-03-22 19:01:44,944 INFO utils.b3d_loader - [26/120] AB12_split1.b3d
2026-03-22 19:01:44,943 INFO utils.b3d_loader - [26/120] AB12_split1.b3d
2026-03-22 19:02:10,865 INFO utils.b3d_loader - [27/120] AB12_split2.b3d
2026-03-22 19:02:10,867 INFO utils.b3d_loader - [27/120] AB12_split2.b3d
2026-03-22 19:02:56,725 INFO utils.b3d_loader - [28/120] AB12_split3.b3d
2026-03-22 19:02:56,730 INFO utils.b3d_loader - [28/120] AB12_split3.b3d
2026-03-22 19:03:39,425 INFO utils.b3d_loader - [29/120] AB12_split4.b3d
2026-03-22 19:03:39,426 INFO utils.b3d_loader - [29/120] AB12_split4.b3d
2026-03-22 19:04:33,083 INFO utils.b3d_loader - [30/120] AB12_split5.b3d
2026-03-22 19:04:33,092 INFO utils.b3d_loader - [30/120] AB12_split5.b3d
